Abrocoma_cinerea 79.9086523847544 -61.3232195550656 -83.4340014216249 29.6859707858187 -11.5757283440542 43.1037971432089 22.5896045894646 2.07987185382181 -14.3512427041793 9.62959111496878 23.5927073668873 -16.0328461905131 17.8754256897396 -21.4100907328037 46.9370616831397 -1.0752162285075 11.1036046513873 15.6822500441396 2.82858088796475 2.29712158992081 14.6034966406639 18.6139949592861 4.62171289974568
Abrothrix_olivacea -38.07547850395 29.8578159348656 51.568464253475 -17.3695713603633 -56.30875808752 0.498892127047713 32.7352919108788 -12.3468678830923 -5.53358134477957 6.03363057857577 6.42521483136883 -2.14553657945102 22.1788973872871 -23.9484643133442 22.080984476509 4.02524301376135 26.9421376966687 -3.2421291306388 10.0597276691012 5.48844687011354 31.2394691447515 11.1404617517046 10.2875159399702
Acinonyx_jubatus -49.001480765559 -6.92297299680502 54.7534087978313 116.309325457945 51.3172169986975 19.9365524298155 14.223939162016 -24.0031888088116 -9.4989547975538 -3.784726420045 -7.73022507885522 27.6744367315962 5.53733089003043 -23.6093719419904 -12.6881209335653 17.7755441827554 -12.9618330319122 -19.9903563036554 8.92746518585393 -14.7045179114329 6.00731594656124 3.57403164488006 -10.9390964366067
Acomys_cahirinus -11.4707721261748 -15.323633842255 9.68334153883216 -21.2263171625967 -36.4308470160201 8.11171021454939 26.6669089451779 -21.5883587579885 7.30269476971712 35.2785384896947 3.97406564354456 -5.05315859944391 14.3784655867716 -14.754016192785 41.7639407732458 5.41958083505804 7.05373321419237 -5.4900374297399 -2.26792100196608 4.47073230590748 10.6258202012449 11.8067027810808 6.89432605482007
Acrobates_pygmaeus -46.5422048290669 22.1954411923105 -26.5282598945263 -23.2269638282129 -27.4633622559851 10.7562781439188 36.1767045413788 -20.4014196778345 -1.68937217568252 38.8242942213718 20.5125261596048 0.598891665352776 -26.7778618002872 -2.42776698618179 -7.64483352230003 -13.4957859519249 0.319646746165354 -1.74966430277738 28.2253465496972 -8.12630334189198 18.2596867563041 19.5553334593594 10.3684272209911
Adapis_parisiensis 43.4967767610796 -19.0438647239651 22.8197813514501 43.7703108591329 -11.191729112624 33.2574469729157 26.9636925552455 21.9121406712409 -22.9066942038436 15.389476031112 -1.23163073848713 3.61951341998618 4.9111871368764 -29.0584193104599 20.8366183094406 -3.66147614881831 4.71020162791256 2.22267192473698 1.05390058495449 0.448297776573511 6.52180680609042 6.509531395711 -4.51230095506847
Adinotherium_ovinum 81.6672302454409 -89.2330081968142 -62.1994531701092 60.770098840865 10.0792050733957 -8.96250394644683 50.8185892823477 -3.42974982111579 11.8147259477153 -12.594544464152 -18.0579298417412 20.2662224663694 31.550017924101 -41.3795435122678 8.70357359193703 2.23748671662374 11.9773337111344 2.07258230021482 -3.0732884249391 -5.22150673983303 20.054131275857 16.6557650358844 14.6307390467574
Aenocyon_dirus 22.0748541674668 -34.3154083372399 108.679219754332 116.781351181732 32.0074050416705 -5.45632720225458 15.3919881912813 15.3530316722491 0.483696295342837 -11.187898601702 -8.50061966047747 25.9001221832669 8.97596190606535 -27.293118820097 -18.7080926238048 22.4878828443212 -9.373778440665 -5.69035332162577 8.90405377230475 9.8100590625708 15.6547989135466 6.05686274173111 6.56982039806187
Aepeomys_lugens -57.6923541953511 23.4364977375775 42.4620581101943 1.14239757738432 -49.6263834692976 1.96793969982821 32.4376022772489 -34.0970797002712 12.5360463896989 8.41379042541098 13.0914834315583 1.69651359254983 -3.91440388645554 -10.7053334119604 29.4855484267194 3.3530939235892 17.4389942209041 1.70553197847295 -0.485655083617647 7.9023290408759 18.5576422044955 15.5490381302803 23.5601362738495
Aethalops_alecto -25.1387909104456 -57.5106326739057 -11.6548773124886 -4.14390480892045 13.6410098070676 12.4922575352173 21.0295573958192 0.264753737289394 43.9440258585327 17.5602053452682 -18.2716007730762 24.5410223510043 -8.07825874132494 -4.09265049513177 6.98790757038262 5.16446899615712 12.3733833641146 -7.02713634488132 2.73622380286726 4.50627984703989 16.181902304373 9.12267760465814 7.01155807214862
Agriochoerus_sp 113.50673248787 28.8534068520746 -21.0132909528895 51.7062847246815 61.9287291839182 5.66861229816113 -11.2829835237807 -15.8514557679893 8.77092197076096 1.89653708586144 4.67143113596234 13.4751496565804 -3.54210381429825 -20.4359579502436 38.5475701666922 2.47561293966859 -4.22514502878257 1.0826847128214 9.63140265932622 -5.9198903297741 -1.77813585233011 -0.0582006025035028 -1.37323472053013
Ailuropoda_melanoleuca -42.3076425421712 -25.6533550026942 84.9687377750033 61.3492587233524 32.7877831160387 14.1062422548048 7.90132415227694 -47.151073339101 -11.1669695803547 -1.26288952710222 -22.8962700519256 -16.289493831217 23.0526555192306 -36.8112568216035 16.0802915834372 16.8241198960689 -0.407139963567885 -5.74607273738849 9.74745788157947 -10.030200484669 -2.02016249887486 12.011451024704 -2.84337895502555
Ailurus_fulgens -54.6953984177837 -14.7256842245284 60.3273321873046 132.137007391113 27.8742125313368 26.6218906824576 -21.6390011032173 -23.9077018236777 -3.30632754733807 23.0096505318698 -24.3136557667612 11.3848083585066 3.31536207853007 -1.89421547638083 11.3074383968319 19.4038035666708 -6.57933675521044 7.05495022692515 -5.9499615277845 -3.02163373891928 12.9569690948894 22.6657949489474 13.4640266357088
Albacetus_salvifactus -91.2450457682432 98.7693609073347 23.9510309519054 -17.7904047881317 77.1629830054396 -52.127116645329 -26.5302612631409 5.15089104145145 12.3244890878948 31.1059972810035 28.1177637580023 -3.97854962485177 36.6920485967507 -26.1921791199715 -24.7508531341766 21.2540878402312 11.9596101415367 -27.1792305634457 -1.92365748783838 -16.7534040781712 14.8837846894033 17.6664740260546 -13.2499915750914
Alcelaphus_buselaphus -36.0492375298061 -16.0953057647715 -76.9273530558973 72.1332430038119 41.2055208137281 13.9306959447032 13.7829891872783 -3.94794579575939 -12.0731111695042 -32.7895453786915 -50.6359467717667 -14.4808233062035 -30.5403559302475 -28.5866482366087 0.997129665187226 3.353955326324 6.14124466612115 -6.69341422016513 -8.82045677176264 -16.966824385857 -3.46932439707027 -1.70215209076175 5.97820397947407
Alces_alces 6.88829243301687 -85.5559768779774 14.7311178686099 109.508432284492 -6.93238269554553 13.1836775283352 1.37559364468942 4.27210576899863 -35.600083785166 -27.3142488968243 -12.4421839866339 16.9187020416816 -4.46295544339035 0.637791141717896 10.4150600518587 3.32046828843251 31.2234514809045 -9.70503814415025 -0.205444840674648 -5.26123394136772 -3.35670250828135 5.65081892202097 14.7092644424177
Alouatta_palliata -85.6574387718586 -55.9873620395792 106.419504309952 119.252030606396 2.15283289681571 23.6545830787493 -3.8204264217321 22.9245990764233 -63.4877859042811 6.38911960151056 -2.65198712158217 -15.1228048970564 25.6704701374745 -10.6974372134122 0.0932394415309607 -6.02218281280194 9.3373281697384 -8.58192060973076 15.9599831005928 -1.0083792159594 27.2715781518694 17.1111197251922 -4.86691095229346
Alticola_argentatus 21.2379897237655 -23.4970443827867 0.564879521863083 -27.2058086653853 -8.90525509329691 5.86392103173008 6.7126183925134 32.0788820603703 -13.3521619996147 22.1432695745638 5.48179036867007 2.26949442795305 8.58518579962246 -4.85505486087581 21.5728988320747 -11.9136785009106 10.584904288568 -0.907944610936058 -7.40465679312801 9.25661604620135 13.8071507685558 -6.13823763586109 1.30469081723997
Amblysomus_hottentotus -190.111388527931 15.3468865128799 -58.685984121926 -0.766412916716129 -18.8306240622722 -25.0924557792291 17.6079210751746 -45.6107053589616 83.9345681526332 -6.98034882060661 20.2463721750777 -26.6671087417452 11.7959717171159 -2.26175739689049 1.47258561718948 2.32536557759473 -17.7486759273076 24.8681837071449 11.5330091936942 3.7021127222643 0.446518656587052 12.0739132839246 -12.6650254839357
Amynodon_advenus 38.9498295062876 -58.4751063267288 -116.557818146386 82.4508757894648 38.2557455914433 27.4547652451966 1.82662512363783 8.20011448690151 3.87930345790855 13.5667415387036 -13.696289292274 17.9418108882076 36.1413937417316 -2.94064422837841 8.35995527077258 26.7197883127964 14.3454825627643 0.833886183235097 3.24723111947947 19.1072547110652 0.163488106686442 0.542746521216633 12.930411723801
Anomalurus_beecrofti 21.003613834869 -49.2264928965383 -12.1463254889821 49.9351585149738 -6.03008234665595 30.1678622971837 16.3686149534974 16.599521256304 -12.7648601823342 22.8277308529103 3.02505360808454 9.30026072189383 0.26601399110879 -17.1454193560455 22.5284304804175 -5.37780191420066 -7.18384998731212 0.726829983034717 6.58182573123898 4.99204542854945 6.3243396765614 2.15059518722415 13.2287004764509
Anoplotherium_sp 144.61231382713 -34.7203816891485 -48.6741962803802 43.5362911840397 74.7957451702505 38.431185307937 15.9324288267045 -34.9505263521523 -4.9042316203361 -32.222242412583 -9.64814381815829 7.01904787843184 19.7585602548569 -17.3872269851469 2.71356130385669 -6.03063825232236 3.53318863287493 -6.19146586997405 9.86811257464367 9.66537171252035 6.89797348170038 -0.764934438787214 9.54530431133824
Anotomys_leander -56.3645434505392 5.63056491877911 41.2261846781198 -15.029827202309 -17.4048016258472 -8.15472743254556 4.68937977755204 -15.0579067285021 -19.082376353413 19.1369964242771 -9.49362019243939 9.22896257557083 20.820678884342 4.46754718532743 33.3056637315543 -6.71577622329091 15.8703930541342 -10.1986916143313 8.1670725349488 -6.4084007884488 13.2094500636495 -0.620553437782015 21.7221822354943
Anoura_geoffroyi -49.7303140500381 -30.1476629164302 -2.00377984879265 -23.5627195795805 46.3846862809169 28.9641690008671 13.8042687358717 -45.050448431342 -7.95640646798923 22.4390869898762 2.2896299366149 17.8208800890453 4.36326310282022 10.6615664330176 30.3635620131783 -0.712546008340682 25.3170016582945 -11.0168507390044 -1.47698616780588 6.0035462908485 3.56469711479345 19.9503984426925 17.0567957292941
Anourosorex_squamipes -92.3858382710794 -12.2287805981378 -18.7942635048291 -63.8017643558025 -32.5583613846915 -31.8889078122806 29.5757157037384 -26.7025458947113 47.7062629435135 -1.26827258952896 -2.86229402798254 -0.969465614533839 6.86171700651852 20.0244217716916 7.65892182294921 -14.7022341347383 29.6274379322114 -3.20674783136041 -18.1986954140278 -0.520066660441753 -7.7368131428981 8.43913646411166 19.1044774199688
Antechinus_flavipes -11.5045767287968 -23.8179797804181 5.3591085046289 -67.7959943449325 -26.2216536992839 -6.53145618462759 21.3754171566802 -8.30380369128871 23.5057618397967 17.332050398596 3.84954215036015 0.65518438987868 -3.7934890071565 1.94996713657869 12.0881534507204 -15.758105769576 7.33431277891822 11.3292816139965 11.2025804234414 -6.19131210065873 3.84955133791252 4.67252418650421 6.03696674626283
Antilocapra_americana -74.7157045009825 -95.0508667331987 -0.684576515172488 90.6436567129885 37.1966828572703 46.0079626771352 -16.566928412262 6.59246121844956 -22.9456603563539 -6.11630792297233 -13.4542588098338 -1.81994549009488 -4.44607951823766 -0.0909248045466391 7.77159675865187 22.4541490622878 23.8644267822403 -11.9213505530949 -20.7203687653983 -19.6652918175858 2.74227008525265 7.27646894583547 -6.75844236930705
Antrozous_pallidus 29.6742607221807 -15.4095772427061 -57.05739813784 -34.9072760011804 40.5890150865412 19.8358245159429 8.60987958297624 -18.6867928936128 2.23363542047184 39.8907068189733 -25.0251218146518 13.0267919501839 41.6197351070127 28.402547823902 33.2566517893448 1.14669163328115 31.5819780686086 2.25312520496576 -21.307740906157 6.37567316260433 -2.07443661543287 1.45931956069481 28.6325399369261
Aotus_trivirgatus -111.410305725413 -65.6449108395088 107.029559208933 101.361115915463 11.9026235479288 20.3926563772797 -4.00456215536582 25.2925226205553 -30.8641743150948 -5.29810283727839 18.9867070068603 -8.55859556518071 32.0023473190063 -25.146988417075 2.71338619664958 -15.8732908984354 7.28343462242855 -7.73677677398326 20.9459606718795 -10.7242228926497 18.2705275608112 15.9250648623229 -10.5519110491367
Aplodontia_rufa 29.051841853477 -12.1459369712526 2.34230147361776 -16.2859076964005 -26.6174442497504 2.78778161376842 19.8354751416798 -16.6836869557646 -11.2595909832849 37.8341090346706 -20.1477870944642 0.107741886105233 16.309412624158 -19.2035360879771 10.3571780771841 -4.06605247747835 16.2351487974425 10.5781656000634 9.87635536157134 -1.94624681374967 12.3867142967989 6.74250264275623 8.28717153086072
Apterodon_macrognathus 42.9162563805692 68.4870913926409 17.0868451267558 9.13022314040049 78.4065141066142 5.55191701894725 57.7525401062407 -7.11024488002806 -7.44778434219679 -43.5769796885895 -3.13800372059993 8.00799506746192 -19.3912072622053 -27.934923974827 22.5234664847079 11.7589558988561 -2.43699308165639 -11.8688652497172 -6.25222090989186 -3.82121960056768 15.495368933543 16.3412573694014 -10.15164775273
Archaeolemur_sp -86.741124612454 -90.9280536710507 43.3694064421424 72.4764044119425 -17.3537504474916 19.7059440173266 -12.0339877351956 -31.7647852865594 -45.7374292207472 4.6358196451017 -12.3860693113935 -10.7763614593751 6.28972398631986 -5.486950933575 13.384496754035 8.22618859976517 -12.2730060443296 12.3691961856444 3.16851416498161 3.7341303202204 18.8194130213396 25.5141192906415 15.9452680110177
Archaeotherium_mortoni 84.3696224273988 -38.4996526168609 -45.03395177419 57.7269776654105 38.6412712982928 44.7856467080619 5.38302653858442 14.2396702879639 -11.4970945628094 -5.09182237792931 -17.5586738187998 48.7103624458431 26.7963369619357 2.66549741174017 -1.19548680376406 8.58251706571608 4.33537886245183 -13.7691940553328 1.2602868492948 10.2329648650645 25.5405158798841 4.24091153965217 1.47163409736928
Arctocyon_primaevus 102.831899548642 18.7910383104667 32.8403970616293 -33.2129191125002 47.9633705148672 -23.4125764913348 38.9461302834088 12.2063266310288 2.92855158547459 -25.7921080974955 -11.4361847472846 15.5973159053433 -7.05705575907083 4.94029945898529 10.8526886118048 20.6475805467761 -7.18675617431354 -6.78621693804395 -14.4478439659506 9.40972042505456 25.2919831513319 12.0011876938238 11.3962831284685
Arctodus_simus -49.3518104800065 -16.3389274270269 63.2772704508671 59.5370796397451 58.2715657880462 18.6813387170377 -7.97922033067514 -11.7240343493741 11.1833732188996 -26.1712549676934 -10.7647232710833 17.0788501035731 15.9706997222238 -40.1426062958544 -5.3735948607577 51.433851159653 11.2135686749644 1.17941801612373 23.6590558115968 7.6522757947211 6.90953052689763 10.1923596255324 4.32735556524798
Argyrocetus_joaquinensis -51.7516998859822 173.238521242709 15.7067017079326 40.8905635909554 32.1750075937137 -99.3948882848838 -65.7261184961697 75.3841654652716 -41.5644504087885 -2.76172265286395 24.7919959540079 2.3354636993047 72.3148743328089 17.9263663625769 6.87455118652596 -0.594409258720616 -11.6054652617049 15.9153098372084 -0.389630008684958 7.97400962626397 23.1915407087677 4.72985050447421 -19.0058994987104
Artibeus_planirostris -66.7142225825192 0.775096017443168 18.6309211527545 5.04760940206836 32.6789658728613 21.4828653856844 27.597737789681 -30.6116321741624 22.7909834233829 33.8575202377877 -9.51700119951728 34.7252597980736 -5.52863300961673 18.3634077457002 24.0936953486468 -6.6069087023811 19.595109658566 4.9761124775449 7.8092616110704 3.75573723172878 0.467604249541336 28.0678753032673 4.56771090863021
Arvicola_scherman 28.1778861278774 8.65804173203729 -13.3944883385537 -9.41454266411556 -31.3620072992446 -22.1141575829997 11.4288438545632 21.6913396228362 -5.08519686965235 9.37869306317907 -11.2180143349157 8.94673224761156 10.5263986568595 -26.695566015771 22.9395490295206 -11.394551549865 13.1453377783464 15.5381520472574 13.0139584788725 0.201022771907795 20.5934917618366 -0.510574990195625 14.8383091916894
Asellia_tridens 40.6954853421238 -56.3258724474059 -36.8492869446298 -12.934018537685 63.6318704117008 31.5199780233908 13.8026323503195 -27.3776925847397 6.96385590894394 70.786039439371 -24.0054256759632 7.56541171248324 29.0402492275309 25.2072882085444 12.3898707867551 0.789546569479266 18.3356809372806 -13.563118247695 0.578254529284032 -10.6125358487798 -7.34891669969677 13.4888968261786 10.0694720410391
Ateles_geoffroyi -139.034934446474 -57.2600983239207 88.1757572155511 145.348915626612 2.36806875285624 17.9461795957079 -29.9966990037672 -1.03311167854805 -58.3900927466845 1.40737520723711 1.91782771681594 -27.9062772402846 26.798080899561 -0.269574798120639 -30.6287933070938 5.75540133525249 -7.08759438780006 -8.52643983536007 7.98383866227511 0.843613159767906 18.3315591808734 22.2162999480427 -4.61650763830534
Aulophyseter_morricei -122.915231136355 129.249287903948 -74.7147548908883 18.2259605387111 34.9775536750423 -123.973561590613 -99.2045482132773 85.1228687492636 -14.815033720243 20.2383640014124 46.3840586134302 -12.1315251634733 108.071155244533 20.4968027749873 -28.2373741972408 -20.9416386269826 -26.6717686597656 -6.52439026484828 2.43928572544949 -25.6050510255254 -11.4469854578297 37.5226782227776 -20.5460297785906
Australopithecus_africanus -157.910814681625 -75.8274528796117 23.8964092285005 184.118416002436 43.736147407164 15.2334156879519 -20.5132335186422 -38.3393260533491 -61.0625561390795 14.6284050030324 -13.9597103503277 -28.578622726251 39.0612057339262 28.5087671940697 -17.3949183897672 21.393327051102 -28.3375291879212 21.9643013382938 31.5784763560005 -7.96855859992074 21.523396512224 30.8738196316144 6.77500454739195
Babakotia_radofilai -6.04255826524957 -100.543430017269 78.8204107083363 78.2312770950129 -0.277417824487262 32.43562144109 -0.905615420561434 -4.73583062851704 -62.493561921715 -2.91062738409944 -8.59626589357667 -6.62238050178364 10.6121255815286 -2.53008037438147 14.0585754051746 3.73174694852421 3.4012465252596 2.11190366541325 6.51251663708967 16.1036598751006 17.9741796085602 13.54904134846 21.3564136087155
Baiomys_taylori -12.5524931561588 -21.2611657838099 19.9076184796384 -32.2195692107571 -31.7272298383732 3.8098311697117 25.1214395643253 2.34991316689823 5.98894752466445 21.1900751247739 9.68840033890645 9.53711198462529 16.4513113267447 -4.46455494936862 29.6228358914502 0.53962659357636 11.1305285552312 -11.1570289185333 4.24854631229274 14.4876622264996 9.98697235893514 1.61839468444331 7.22259744429227
Balbaroo_nalima 53.9626070491539 -54.5400139962478 7.4148625090772 11.0913763550501 6.84873739281928 19.3016810950179 14.4033683432635 -16.3882802564207 5.1541562845041 10.1908521863903 -15.6535376718667 23.731032652376 -8.07160880368839 -0.546656337901541 17.0639102781981 4.79151435093544 -4.0902719768754 -3.26570368572065 8.15050331040368 7.33380772955377 11.5786023641148 14.3269376394555 6.9884899801531
Barinya_wangala 76.9031588338885 -27.0870454554346 33.3975866416197 -42.0851135726762 23.3707013005435 -9.37867629949676 20.6875772198512 -3.09198782261443 23.6168948309043 22.270737008695 -14.719775265503 9.96172373014675 8.86251353460301 3.34450673118569 13.8817488962436 3.31457331377071 3.31152930313973 4.04753299856775 5.64907875547774 5.59080690195309 1.39190349978771 -3.63819200851015 0.70761453797647
Barylambda_schmidti 66.9091007968091 108.001612706784 -64.6709888928612 8.39142093796313 107.177251050927 11.7187996620371 76.4021664079931 -23.4662230319633 -4.56720738460202 -12.9940406303193 49.5816969054782 41.9659427338207 2.91665651049699 20.2281426350645 0.665515015836031 -31.2961275214924 17.8180013139412 14.2360903763522 33.5090126511259 -3.04054328266172 4.89394877003178 -0.383064399639892 13.2305347809891
Bathyergus_suillus 23.9651696977489 -20.0569268596104 -40.056729237949 -24.627204806764 -19.3176697338149 16.1474238375809 46.4663336602834 0.966514702986813 -3.1853447421082 2.30433227236913 -12.1844401403579 14.1037856525958 19.9777099743243 -6.43387935349841 25.2043043119222 -5.30117846917168 25.6654589094808 20.7899577641215 0.729085837237101 12.1706759698549 14.9231260495877 11.7527150999551 16.4150867155365
Batomys_salomonseni -17.6879483048445 -45.4056894144667 20.364729186215 -17.9435546905816 -16.0299639717002 0.207028525848174 22.9382843249192 0.0259212796016591 5.08050884077438 17.0438585200791 11.3553592878698 19.5939316490577 5.3066353323317 -8.43359789604064 28.6467939144241 5.14659089850185 3.13552476608276 -3.63479337873651 9.08720188917805 7.71017702912952 15.7125040567238 7.86786536046227 9.96377689934479
Beamys_hindei 43.3962588885409 -53.4395504124785 14.1096763172027 -14.1901053368688 -4.70697367497213 4.07721333693065 25.3272266937111 -14.3164389359237 8.28483433904936 22.7317371870747 2.6438671957204 9.99533226537174 2.79536977968049 -15.7845244010988 24.8708985483557 2.90869974321309 3.2714861756209 -2.89701409796925 6.33814149718424 9.16992099836086 18.8927868305698 11.555259273717 9.4841756387119
Berylmys_bowersi 20.0634200341063 -5.93543415842793 14.4584532173008 -17.0887453328991 1.78518375868609 -0.278231625421683 23.7027469851451 -3.20798750331202 8.44062221625466 24.8315736791141 -4.51712145044234 4.17682753035308 2.10466386355015 -15.6589705283066 30.727978724191 2.12280557872865 7.42383221178672 -10.509040260623 -1.72401446651497 8.3163398389867 11.6457155755963 10.4300101960217 8.43907077832487
Bettongia_penicillata -22.5184009903375 -68.6084355544201 28.4787448836951 42.9284037648584 -26.7489605502911 10.1908079449 0.523764057157053 -7.49255463214294 15.8312813382698 22.8735592822387 -26.293667265195 15.6252980546115 -23.022965674382 7.41233663971822 -15.0615077350612 7.28166353268402 -3.68825096103569 1.50760519763732 2.63229709784239 3.11369433343473 11.890590577243 -1.24461494304399 -1.76540822710367
Bison_bison -18.1711639553941 -42.9309064509854 2.02160662031344 70.570088456778 47.9159843891422 -1.10227961429555 5.937186311427 -5.00783377210178 -15.4138865974392 -31.2644687874004 -11.1917904050145 3.64814728078556 -8.77917609310132 -48.7851323014192 -12.9449155093045 9.45198121856194 29.9761611734203 -19.7031710200475 3.3231698682747 -2.23087371105641 -8.05278794951784 -4.81000049657394 10.3421863519131
Blarina_brevicauda -91.4116142866501 -7.24847151648927 -2.06921073912107 -85.2846105491512 -44.57523682153 -42.5156435596306 25.0425894777311 -37.1874620037287 47.9975098601062 -0.719550171787993 -13.7810595134902 -11.2063425919992 15.2715222834995 22.0809464357726 -8.34872532379292 -10.4869233634185 15.4194048536535 3.75781611363321 -16.3998045531825 4.59881239282236 -2.420556937835 0.145673893942704 7.25370597969776
Blarinella_quadraticauda -45.7545311749396 -28.6848444713453 18.8539539425569 -94.3261087582261 -40.6700556536782 -31.6438886884451 29.6089499653725 -9.20542762528381 33.1021462023271 -9.69347737550878 0.0529286391236132 4.85368831583423 10.8322379551217 28.9249524299565 -13.3789605510793 -16.0321710147782 20.639728272418 -11.8735488619254 -3.37233094359774 -1.40103203495847 -8.47289660264645 2.95672171427947 13.1856079691535
Borhyaena_tuberata 133.327820902068 -39.3751468733941 -23.7229252467816 -9.26148813422573 32.6598844048371 13.1837343293885 33.4642731356835 6.50593103880225 -21.004186768457 -33.4003949658683 -15.2070744035066 3.71798027476219 -12.5796081893386 6.46571352086692 0.637201826083822 0.426344070673956 17.8476428268894 0.0178640865688633 -7.97828817448306 7.11593721582033 24.2539291146598 -1.62886168416186 -4.54857076597256
Bradypus_tridactylus -14.7731195979275 -22.542814637084 -25.3608608925188 56.7891564055414 50.3194181634815 -1.18913228423011 -25.9521770025548 -20.1340462399988 -16.0791369056141 -9.23869933023581 1.37639620297941 25.4794142715355 -20.120732374531 -15.0749694270518 22.837102826209 3.44985541975377 21.8625547877028 -12.7907546481432 -2.29269694000537 6.16742350055747 5.13330566306559 3.08727447405086 5.21201647199127
Caenolestes_fuliginosus -60.4114482099463 32.0648277259713 2.10761218419503 -20.576946391869 -52.1923095626076 -15.736987793165 41.9066889022425 -28.8999868295772 51.573091222578 13.8173608719191 -6.35971767636416 15.0308735525198 1.39218731177404 10.4299645261366 25.120241487903 -3.09612631332001 11.9524372623676 15.4093389676924 9.0350156589229 13.0082071682059 13.0090438824019 9.55484657112095 3.26456297342893
Caenomeryx_filholi 62.7243045027002 -78.3229776778122 11.2906100379739 83.5106674199299 5.20008565422996 31.4336892222052 11.6574461272924 13.1881533123023 -3.44921906457204 24.6222418784579 -9.35237150669021 13.3271935341958 -9.28772730230855 -3.50222956583729 3.7124478172086 9.49261586564407 8.96448982380166 10.2037187856688 12.8547116203055 1.02395966491253 5.65014908306108 9.82222806022762 -2.84449594639292
Callosciurus_notatus -5.38795747829955 -61.4384076657044 14.6595124959863 45.556668181516 -16.2988574211992 31.1948565524165 8.40355537361682 -9.82286159060951 3.15721987148665 27.2202151825863 -18.0093647605915 14.428680366304 -15.2571880153333 -3.36405262452933 3.56098210318676 11.2053804108654 7.00228562836971 -1.34647320743851 10.7544635488524 -3.55178329570114 22.6850016426551 13.7645429666881 5.2101656245188
Calomys_laucha -32.9671817754986 29.7770775751706 39.8359637519424 -9.14979931247147 -39.093820826803 4.44712979398162 51.9154807536934 -0.96798355385317 3.48415422899039 19.1226075640194 5.44056574964727 -2.25314896708501 14.6648570966077 -22.2312131030726 34.610280539565 0.452312103438627 -5.7849246171699 1.95105592553222 7.64082953421256 12.2466199377892 21.484710400352 8.48327348287096 16.908769730265
Calomyscus_bailwardi -12.7132419909831 -35.3013555071941 28.9400104391072 -25.111977087597 -39.8859980428314 13.90894067636 27.5191079900856 -14.7840763249456 -24.2305509465134 13.4243067464185 -0.820568570502831 6.23995296268142 22.2482990992119 -3.56532209352514 27.7703012855367 -7.57689531327687 -7.55370447000465 -5.87129936262476 3.21214957542107 19.9036265888712 21.9319409473483 -3.69841275956895 21.6821146958161
Caluromys_philander 27.0918124669453 -40.1207736033895 53.0641115735807 -15.8278713844652 -22.2024262036528 1.00468373117222 2.83159159890294 -4.49614201488379 6.18239463026769 20.9406700674898 -13.6542199968999 11.8321694218867 -4.40966098243178 1.38958636191495 -6.20989259912243 -6.59925271022746 -14.5199604062465 -7.69050220581055 16.617884245658 4.39179516723333 4.83790718320002 2.85401133942607 0.89060937653319
Caperea_marginata -4.66288104136595 108.695539938103 49.809483023523 -16.3596742614494 12.296050292576 -89.9925234737072 -61.2173082822692 41.1613143973884 -21.9300371481374 23.811733572469 -2.22109885556941 -15.2931478723282 16.0416056661389 -0.618905739423158 -33.0402525249289 8.39986959620653 -29.1821027278395 -11.4517207057329 -3.88439454938493 -7.37272222266821 -1.12002209228683 20.6793581512272 6.35399038885513
Capreolus_capreolus -21.1773075009181 -79.955142323781 4.24110437302145 121.97822612651 -4.57079320265482 31.8480226934161 -25.672980842854 -13.4465703652271 -22.1321962232561 14.8864904338894 -13.2838773344868 -4.40238164710112 -28.9354769873852 7.21915796024666 -16.4198288699632 -1.75956760603493 15.0857230762548 -8.90651232436 -2.29508835015428 -6.36286842021395 -3.45138987952846 -2.13754085662077 2.55558366949866
Capromys_pilorides 41.7085029792379 11.22215721653 -17.3507750434209 38.4611434699985 -26.3507978311347 21.3573796008635 12.4008693011319 -14.1117226575356 -14.3884312020809 25.5815786030908 -13.7375946744316 21.4488893435928 24.8823667626346 -12.0100559626201 14.6266393261742 -4.3998878477297 12.205785757713 -16.2675609876071 5.90190458694239 -8.3809500007715 7.2152052578139 13.4530346608444 7.27114598390719
Carpocyon_webbi 6.93749175938473 -59.0434483048565 107.022775723056 34.9022900237753 46.5650107238352 23.519161104628 23.7816487609789 -5.12056626485175 21.1742904528682 4.16087810891544 -10.3001057705008 16.7465952582576 13.7761611044752 -29.5706713468561 -2.00485105638558 14.6138316950684 -6.47954378857688 -3.34707980145201 14.061689501892 -1.37201452496057 22.2406417236315 15.2261408740763 -0.0803797034619428
Castor_canadensis 54.8776020792844 -28.1411580180993 32.5012764822001 20.8024125160275 3.39324491146878 7.03663374126777 20.9140256764902 26.017719439898 -42.4312983406702 -4.22555691215503 -6.7741122392854 -2.14575635722604 -6.13647591766674 -16.607205889473 33.67453729303 -3.67371750939717 9.37442255076745 9.726572717076 -6.33220313955678 5.33917348977622 15.7922720955337 8.39988284459163 10.5738689898067
Catonyx_tarijensis -39.8316347762635 13.4558120133409 -28.5464619561984 21.0072112807944 53.1694715127338 17.7607813734569 29.6954060356583 -12.5908746684862 -20.4579694748847 22.9716415727729 -16.7593300713746 19.3670783654255 -3.21072618061149 -1.64540480863777 13.4020556662085 11.1606850508848 38.0656672664815 -10.6724290620798 -9.65319239794645 -9.06009331127917 24.9475859662547 16.6833402552078 4.27631746020564
Cavia_porcellus 79.7358691634942 -106.34523832836 20.742699928628 34.8650447965692 13.4237017274897 54.875482723147 1.6747644284093 29.9194340111975 -26.48349258277 20.3467397186339 5.92164241943599 7.39026250013974 26.7357305285368 12.5927135549423 8.51190573721529 -19.9553511895574 18.6510151594763 0.568599492238303 -10.5536890934816 -3.04447556577726 12.5041801558076 2.64935832677007 7.81025691065992
Cebochoerus_lacustris 143.435606921822 -19.6456438634827 -14.6785968198338 28.1209850906774 68.0046400331908 0.966407299696557 -17.0362524123757 13.607356106374 27.2880584293977 -14.4375420036999 2.88955614766313 17.0120292231649 10.9256617941713 -13.7647869444942 29.5786909656818 5.65571390180175 -1.21149436954299 3.10302244264253 12.3448082255755 -5.23961154072344 18.8114961438068 11.9228706078022 -4.16095732076193
Cedromus_wilsoni 59.5158549822321 -47.4549078938334 -6.7223229228708 49.6451164867604 3.87484082419325 38.2143666107482 50.5773152992717 15.8526022984088 -19.8138880701282 23.2936769714011 9.77417414400824 7.20827065363131 10.7988876477531 -20.2980707272942 13.7066826832056 2.52238443644068 -2.07140685553447 8.7766972188105 -4.76827514088255 0.220859060336138 10.2944760637816 -6.68064509477783 11.808593845073
Cephalophus_leucogaster 30.8620091981079 -40.221547299517 -13.1766348468413 87.8203733422151 2.30469563409611 8.71631066494308 -15.9896407915303 6.84356837453647 -19.6193866549767 27.0077934368392 -42.0950108129143 11.4571790436674 -13.382271632088 0.776620931494505 -4.3291309665309 -5.21700354458489 9.64501479514504 -15.4378275393434 -3.49282913766474 -5.86764884677527 9.49683677520711 -1.2208459704957 3.64482348710256
Ceratotherium_simum 96.0033420859026 -23.0330963996865 -22.6262806411256 96.5951210207107 20.4619753609855 25.0535571376512 17.515246403838 -1.48586073339588 -41.1377000718398 -19.3488761658659 -16.0120364861647 14.0760169389856 5.57387037122117 -35.6019681107063 -19.2106229938108 -0.0232762469926719 40.0383841935172 -17.9392706158823 -0.46413182021224 12.4464556353483 5.91967193380236 18.9639645910765 15.1339086744563
Cercartetus_concinnus 1.38060050876458 -1.73977606803881 -31.5319047309101 -16.6503281794403 -13.3445845515212 4.56958545597305 17.0061173796505 -1.88969183643103 1.73875362052734 26.2092064348533 -11.8394250543063 18.0527325001365 0.931230400763534 -7.67855532667931 6.8911997885315 -6.71315355213795 9.79299770121554 -5.14676496398599 10.1356959967334 2.46898704430188 18.2169102745133 -2.8792056980942 5.44924054903594
Cercopithecus_ascanius -99.9911807287631 -17.1388973733879 128.824631610399 160.029246152007 -0.0533446147846272 3.10749298735497 -4.13530062403935 10.0444106948086 -59.2591942876773 -1.26858063585871 -25.1115604020832 -30.4297690395374 32.117790752699 8.51418866327042 -29.474381904682 13.0528130462301 -5.95879605100557 11.7591334767761 25.398089203781 4.67259292381821 21.9867613586933 6.80483412403895 -4.02728847283197
Cerdocyon_thous -34.5194818868404 -43.7976207044174 45.2644964035834 79.8271103186101 32.6220569030485 6.79708990248929 -11.3390824936086 -15.4402828792391 10.8968114189607 4.75468257098013 -29.1151498649069 30.3711820076271 -8.29485899622093 -16.8412772728145 -9.6852383448316 7.74367315292299 -9.90084841183759 -19.4444361102518 4.68657321201397 -4.08691346454722 21.0340592082278 -0.721217994263453 0.516507159119699
Chadronia_margaretae 56.6469826342397 -4.71178072013199 52.0738017052135 4.3908645566711 32.4184726725958 0.641054175533962 -3.72792518743899 -26.0616466644174 -13.1757983633521 9.65683111260544 -12.1137280262451 29.8935135062993 1.22192255541334 -9.16226683604747 -8.29941017760968 -8.4454085809216 15.6601249801383 -18.9287743064089 -8.89346620431905 1.44999241801693 0.783520460127992 2.42482806657025 -6.70252819257978
Chaeropus_ecaudatus 1.37363087294725 -91.1315110780937 1.83092791062945 -5.19507751091856 -30.7131576297588 -2.05307013717484 20.5419288601809 -20.8556777328923 26.5585414752773 25.2311957806911 -27.1159158803622 15.6730109137168 7.77816981471151 8.83790109674212 14.9860667848766 -2.6983469636099 9.94357447088395 14.6406734856348 -4.25080697903797 13.5651530516319 17.4411648844794 2.16690058813634 16.0593807668502
Chaetodipus_penicillatus 39.8530842001028 -110.569823924025 -55.1903692613899 -10.4757542730197 -27.9873806658737 31.3902689808541 47.1395499858467 22.4364858358715 5.06226497592231 -0.828905202708889 18.6364437782237 -2.65433193310652 13.8834339728758 8.85340442211982 27.8712171619314 -6.01714852676227 10.6413845776663 17.5953228718222 -11.1710792666776 7.89632134984359 24.6337402815165 10.1708305925518 12.763823238098
Cheirogaleus_medius -32.2396175690284 -53.0287538741754 58.4677848955207 32.7948132212047 -32.3425275217761 16.0744594476818 17.7565673462611 2.44521061051789 -28.2791527067042 10.6855183385503 6.52077483505394 9.71438665255291 -1.80650095997561 -11.8325562225477 14.1281318096506 -12.0212368793063 -0.937314258987914 0.9096507499487 14.1786928083546 3.97697105165925 16.7171504490209 -1.31396479081859 4.90403472666306
Chibchanomys_trichotis -31.6987868275275 48.5971312671267 33.4134990279776 24.0930660249036 -27.369475785998 -10.6613243148845 9.16914317571066 -11.8748634363613 -18.2814887644432 26.2292121212364 -6.28217777269104 1.84880348929868 6.39024318842596 -2.04766493461076 40.6005728582516 -2.51487268863349 4.2951971767301 -5.18920165239145 -0.557867392573391 8.12929401238302 9.68948691393352 3.86376776936454 21.7668703712195
Chinchilla_lanigera 54.9817127245176 -144.428674226327 -51.453068230582 59.0801400683498 -13.2154350700534 53.359737694228 39.3423998922658 32.7956595114936 -17.5315740574963 16.6846951510301 21.5953517635379 -16.0656356904966 26.7244178891711 3.97153847927384 19.2906285205116 -2.11358092141912 11.8952699519928 16.6653335246277 -17.7244133325689 -11.4669552455562 9.62125302277981 18.5040411018308 -5.85456683800702
Chlamyphorus_truncatus -209.569041584188 18.1349134196225 -28.4780082814007 -49.9428529804459 -25.6380756271941 -29.5976957607087 10.3253776550075 -39.4026838595313 74.2426836645552 3.57263434284174 12.6412669971251 -36.7162969386513 18.3590649882866 38.5998203789251 11.5036336466418 -11.1672524684958 16.3566133558118 14.3641686441805 -17.4647698269966 6.98617425482552 2.61775712662861 29.3783017110294 10.2078923461184
Chlorocebus_aethiops -114.85041296555 -77.5746433019345 100.435478041031 114.708490828636 9.05257940576433 9.63474270301503 -15.4132484824486 11.9896175851577 -55.4010225721498 -7.84012665421435 -22.7422844536798 -16.0506948753358 41.7452897887653 -11.5349325289371 -15.0671117002116 8.91943258894182 -10.4056180300161 2.77687012056418 30.6084240747624 -1.03886218634741 23.4690396194355 15.0050262781544 -2.26892293166203
Choloepus_hoffmanni -10.2586091320398 -74.4471280582326 -43.0743327660879 -12.4797220939542 27.2367769161902 -3.60418821943808 8.11577183017658 3.40398538979648 -10.8772209621063 -8.44501790305628 -16.9980074841354 20.6877777545317 -9.12523316749574 -9.11577603522407 -6.5417981094247 14.1166672102067 27.0145044772117 0.318029564426103 -9.60353418137041 -0.102730272901907 20.128701958836 22.783581163531 24.7445778998329
Chrysochloris_asiatica -175.33770550302 11.9701705670507 -71.5955581910815 -45.8523810500999 -34.7719679752065 -21.4566066758502 -6.18664763945849 2.88167710671553 83.1426310953754 -7.2464481901654 8.34054456492877 -23.8727584750088 21.2644666428621 3.63597970005536 -28.6775178343531 -16.1307785399924 3.59766395803128 -0.881071424719297 10.9611735511107 -2.21713238018451 2.79125446881779 12.8100450939501 -21.5705694656271
Civettictis_civetta 42.8400583451016 -40.5725299647791 70.9295786946511 48.5161503545819 46.4135259379061 31.7774348168067 5.29726562133361 1.14715714874003 12.0924293177967 -25.6605648946313 -2.53912742997726 38.4119175036338 0.761637060645053 -21.3266262880879 -2.3786627029136 16.3319633495874 6.8698800063494 -17.9108937149016 11.5535473697623 6.34019831784606 26.1897927098175 12.9929554216742 -9.8922872586565
Clethrionomys_glareolus 16.062119534469 -24.7364823768104 -4.62755300674744 -27.3290682645812 -16.4941671603366 -4.28982157096118 5.21844208532247 19.4387077321276 -9.92849340815556 14.0859139414483 10.8501972930382 3.73987134463171 5.23413467174207 -7.76573782087171 29.8110124461268 -6.101364999921 4.60406643161287 2.64755458120782 -4.23917948655495 12.3445773063832 14.2719973444445 -4.00708779079176 12.5759689317253
Colobus_angolensis -112.561342296946 -53.8398409007945 118.096241538431 134.569261663603 -18.3301329148086 16.6469844070546 5.72858057542738 -0.37658746588968 -82.0726181008017 4.88580954611525 -0.791771384104054 -31.0783561327251 33.1677982807881 10.8948121907399 -11.7509538002975 -6.74612293924656 -22.1358445233079 6.15830005985558 22.0902752241801 8.14435379411527 16.9010253863801 5.05494698235447 -8.60369072544059
Condylura_cristata -90.6825815458409 -51.7100647811647 27.7473338640857 -32.2714167084009 -22.7603996081273 31.6820675850458 -0.723610070299553 -13.5935812893597 25.9898037092457 18.8793719445361 1.67902588546582 12.5063321772878 17.6367294410309 20.2617019702716 -15.84956476853 -10.6365583039325 24.46859895449 -13.44106763644 9.1106172056884 -7.26306464172399 -6.1944053996203 8.85850859050613 20.2633410714095
Cormohipparion_occidentale -37.6407056812501 -102.212856002877 28.3089490234768 61.6583070735843 5.33020906645778 52.603927743787 11.9598476896218 11.4280577958466 -5.09417401851133 -14.4000813603282 -7.96907732512185 20.4545865551724 20.9123450511073 -10.2425783896452 7.15847424227115 7.64569835400801 38.0761027710982 -7.82487638935072 -19.948707241356 0.560835065349449 14.2751404410247 16.1123209962331 9.77118057116303
Craseonycteris_thonglongyai -54.2120533766346 9.51619029103045 -55.3151094135772 -17.1822988783655 35.9918583703196 20.0590769430736 39.1425806207729 -40.2266391928945 -2.94676359316395 66.7744234068784 10.0895594757446 2.08679897716104 43.6387351942289 12.7317289354027 57.0586269614072 -8.33556095012086 12.0232239938646 -13.4223433206062 -7.89083683893548 -6.77519526266972 -2.6750028497281 32.5709221877084 19.2241035614865
Cricetomys_gambianus 37.1377133863215 -5.45817293494768 18.8701705593676 -8.91755502918807 -6.85080702635329 1.08212736387731 27.8442187840756 -16.9571237255703 13.2847448429381 30.191940039593 -13.1677973620938 11.2063669881023 8.98408231973857 -14.5135817919732 26.8463804359515 10.4055546951557 8.59462332305028 0.218444618047055 -4.66384063094025 8.83198252925062 18.5847330494417 13.5007393409022 9.53032947267883
Cricetus_cricetus 61.72491791489 24.3003204419142 43.2835402699952 -3.00640528880309 -15.268471757939 -22.3865225203542 12.9518849502398 10.9656817115366 -3.80779822615299 4.17804768681023 -22.3434741414555 6.21904811874646 7.64639916702997 -20.413425186293 15.0366947805155 8.07394247054661 12.5196276231836 6.99915002286373 6.68170145589836 2.57326275936511 20.785266892773 7.48929400316058 -3.45556938972224
Crocuta_crocuta -12.3168520347652 -14.9555706447173 61.3960556956151 101.822753949858 58.4440720179109 -1.05017885920306 -3.94850504653721 14.640125414604 -0.362371772284905 -29.3247371790418 -10.5536527445328 24.6914303598273 -11.5882730322834 -40.0671493355301 8.63294234892701 18.1178180593325 7.39421495891406 -5.23070223810468 22.5463465691651 -3.28010334522698 20.1951402579373 9.40444490879052 -3.78510902147659
Cryptoprocta_ferox 18.3547812643196 -11.7249646549301 82.6073582943417 54.6440992335102 14.7660075263853 13.7720099812923 -8.25769561038586 -3.46764792603058 -8.80077306408877 5.39996081122929 -2.607433561957 28.4796900668422 -3.21720154420233 -15.1417783178671 1.42686558650573 0.12527033734938 9.13457288291257 -27.9160233105454 10.5763462929073 0.425698898568232 24.4314406287896 12.7002558246663 3.16966850145566
Ctenodactylus_sp 70.9051915790741 -100.569582881725 -42.8750611176515 -17.7427902890738 23.370674336052 37.3663521371556 15.1744070434483 7.96750960868843 -20.7901309849122 24.695523891993 -1.49449296511742 -6.93998968109907 23.5148994934289 20.6369398353891 25.3300757037307 1.65787139993346 6.88768028804452 6.00033631519091 -9.04133468521077 -4.28159408191955 8.17866507719342 -9.25310574775791 11.986372505058
Ctenomys_conoveri 71.831701693367 -14.8457257785358 -7.64443611534873 9.55190663299844 -38.5546706965516 2.63489526871041 48.8348842220806 8.00971252005631 -20.4303880531776 18.4287385121865 -7.27312409520216 0.76426826200165 22.3827125378233 -14.5615745199939 26.1688149189429 2.60942495172554 1.37938637373024 6.61454337187122 7.67501279132871 -17.225130915536 2.9139634947352 5.93191523338904 9.3932145269154
Cuniculus_taczanowskii 58.083784313136 14.5710528172732 -20.1553802970467 38.1719146052613 -31.8296504671446 27.1606324567893 8.64115312269524 20.4844573655322 5.36316990664552 17.8078062097625 -17.332464137076 6.48126878244103 2.25848591136109 -13.5741315580969 17.8654717169091 -10.7714866830601 22.399820028908 5.92095902586552 6.52126549297889 -9.00611343085477 16.0372879998856 -5.03926162674625 1.98468634645748
Cyclopes_didactylus 6.54193542482179 6.4021220122749 15.5204840079487 -18.3447420994422 -7.87254846182509 1.48540385993427 -26.2661759450292 -18.2637367940024 8.3757269852167 27.139673742624 -27.0805917655671 5.18439038728176 -10.327000865495 -1.72671320090888 20.362620054014 2.68941166177273 7.66824303134648 0.795172362896328 11.0069337738488 6.6372028534534 19.9400881622421 19.7328954021466 9.75610721502401
Cynocephalus_volans 24.8157207591418 -73.5563414264655 -54.198333355392 24.121518974291 27.2915628308164 14.7352192455952 -8.88398226725424 -10.7972643125648 14.8522635759233 1.22241852890635 -28.063059463618 19.8405859193463 -8.77585672852043 -10.3474715993791 1.28338231903458 -0.252540744938915 3.9083257542877 2.30706283938138 5.75478333839449 -2.19257381824935 5.83292143137709 4.28121010447199 6.47847457391039
Cynodictis_cayluxi 74.4348670850978 -1.32393927938357 35.5186033989369 49.4322232857204 33.5223357586006 20.6163285843612 7.82965619847157 6.29709829888733 9.51547461338955 -6.00996691935871 11.9232620345128 42.93525374555 2.56498200468806 -23.6649546241258 1.9196279970628 13.5137981623033 1.71235020791083 -15.2264800092445 20.7270743825705 -10.9767042273701 15.9592375834338 3.47304143964661 -9.03401266077849
Cynohyaenodon_cayluxi 116.688225033163 13.9958920269188 17.7574096380687 0.764692022375268 62.3900567411087 11.7290588030887 2.88470254677197 -20.8948113969076 35.7718036758168 -7.65481845064894 -15.8410466347122 22.057582560284 9.70995402577273 -11.86475172825 14.4764640927831 17.0710441381638 -3.31714116394478 4.02292669188423 12.8037633437377 8.52005010170274 14.2950682742287 5.73206684960298 -2.82946064770498
Dactylomys_boliviensis 63.4497576945559 10.9744585326016 1.62746560240256 59.7140703872378 -15.9171641151299 43.5309739762958 10.8474558862515 4.56549931242723 -13.4399087439878 26.725765034815 -6.12853201308648 -4.36331685411349 5.76528334779227 -18.6586118493522 26.2281991782843 13.2232223076917 0.163126050084845 -1.46325665858276 0.968336334818296 -4.07770631478235 10.2666785644723 12.8998848518231 13.895022929401
Dactylopsila_trivirgata 10.2783664494728 -66.8922723912197 48.310527386386 16.2062821564374 -0.176822790290625 14.2744710490564 4.47640102977618 -2.52059743023206 -14.5181741100449 15.3379676663496 -25.271994327555 7.31518678467388 -7.14078506669085 -9.97033473788726 -0.602581347433382 5.83806133046549 -3.4922723948599 -0.498015601350048 7.34450116988621 13.4585028858688 12.2027953198038 19.4620180227807 3.61803580594052
Dasyprocta_leporina 48.1860876209819 -44.3209992618789 42.4291678251552 62.7746663208533 -18.5803793737286 49.0067654843469 24.3300072851215 18.6963476402022 14.1420352790076 15.4979763830541 -11.3544601171613 17.3557181520426 -2.17460173318167 -9.9752871930407 -5.11382006457104 -4.34611366403606 19.8217059606028 -1.27874440259291 8.65670264284758 -10.0011043601977 11.9637663365199 2.34112617677141 -9.52475175200842
Dasypus_novemcinctus -88.2362184177027 -61.7589864365424 -3.75660271388203 -18.7239054213227 -43.2137212423892 36.8630339036437 41.1618482755715 -40.2730391554562 44.7437409589738 20.0235935518689 -7.88637240479113 -13.4608745695202 -9.50615913731472 16.7247758817195 23.0172461875602 -7.49051184540242 25.5407368706028 18.4501967900313 -2.56839086331766 0.336529786898239 10.4963256740293 25.1357388547132 10.0565864567382
Dasyurus_hallucatus 44.9888007477899 -46.3991859890255 37.5896861175547 -14.2375585843688 -23.5598165938752 5.72162268038417 38.0024576680339 10.1660002674665 10.464179142429 8.61696393067681 -12.9702664768669 1.14370720755798 -9.65704869981456 -2.97957634318337 14.4315304819985 -5.69613168035709 2.66048391096096 -0.234263016476335 13.6318857174354 6.60596601516734 7.50858411289096 5.09841851174708 -3.43259997699413
Daubentonia_madagascariensis -123.882326707827 -19.1654238373716 47.0697418144329 141.550894444777 10.6502876518467 29.3303630045699 0.525722221364643 -8.22591186022125 -21.9705097206242 16.6732630973027 -12.4649831148455 -3.53864144910486 -0.789654454979812 8.11987327813564 -4.70109606470454 9.94698063066152 5.92397302082451 30.3692093571478 5.07567141996246 -1.92722330933755 12.0691303894885 2.9884246695952 17.9110388007883
Delphinus_delphis -166.912613444368 91.3301904183574 22.99025355838 78.6166152685482 109.867565325891 -28.2898295047712 -57.8770003589244 -7.72703177809061 -52.1877853130696 -23.3445333301926 52.5533207255833 -18.01657036828 67.7545194936688 -4.77125886720962 -20.5625797113669 25.7693576182454 -34.1668907510149 -24.5822570869619 1.1581880867057 -26.6583765453537 24.4950616491895 29.8166031958978 -4.42036317381263
Dendrolagus_lumholtzi 37.0249189542291 -26.0056341442254 35.8943178943561 70.3985923937417 -4.57445546834582 21.1643524752155 6.85936118889537 13.0245480515522 -21.4893664330032 36.882234650635 -36.9426762009954 20.1222817733104 -8.30700204529469 22.0026150043222 2.62450699517813 7.07640935364336 2.14800276325165 -4.63617715628899 12.7767475639367 -3.8999992663676 14.8673074745533 8.10008792438201 14.7403577317995
Dendromus_mesomelas -32.7925083588143 -13.9548542055914 24.8973708100987 13.7408304365806 -25.9953138904765 7.11285018197448 34.8600496925922 -5.94729204319244 4.42094470387429 20.0837792718928 3.3822624814347 16.4652625434378 4.87968299232746 -6.72708445653492 41.8178186774673 2.51496867988899 -2.32849450884577 -2.54577481073378 15.8831726612843 9.48974865765254 14.3127856465367 5.25139924612081 14.71893459594
Desmathyus_sp 13.5776163562014 -154.764131529113 -75.314734862444 73.0656388115092 55.5392248023092 14.4644312039717 23.2304325999809 -11.6705968984808 9.99953430511577 5.63789679611281 29.3943613072293 34.1175804050711 6.9536554798709 23.847605004809 -2.11090713683622 12.8790931238698 22.150150037231 12.0041785318459 -3.71799274009483 14.8187173081133 0.728924474114526 25.2314659834103 -14.3672287033065
Desmodus_rotundus -87.0540507888346 -35.9719150799292 30.681592766597 30.2478498403165 30.0794981237567 13.1257770969964 15.342939711199 -41.5645124534687 -2.45724993023126 26.7058010177173 -5.64208088535783 22.5974425407045 1.75537258675587 12.2064210336586 31.1495367784407 3.16993013852763 16.5216659076624 8.08380998705025 5.38575871563241 -3.83998362839255 1.89183782972317 18.2718725527104 4.87804981358634
Dichobune_leporina 32.0332288125618 -48.1702342426191 15.6736465466615 37.99595800778 25.6784634432945 56.7290901265182 6.49912277226373 24.6774205674824 33.9932473477343 17.4447221123861 -20.565485589671 12.9112565002982 5.86545104181684 -6.81466504755863 20.8966530132359 12.4340776441076 -5.00140462477667 11.5563650338389 1.58857823001696 -4.69359888462652 3.50619046728519 5.17789884972646 -7.47970776406874
Dicrostonyx_richardsoni 2.40043202748519 -10.4419440926603 -23.629258201233 -3.36082325551424 -11.0393653166491 -2.16139860933063 21.1435283353876 30.7479066031843 10.9760544735981 15.7811409304829 -2.16913790055605 8.8895560805836 1.31741435027796 -23.5061965759312 28.8004001046376 -14.3053729174471 -2.26412902875503 9.28542810925671 2.69114463713377 3.94593291076889 14.585289697192 2.1161316987537 8.20503395737559
Didelphis_virginiana 116.253440576626 -73.1234251953364 48.910911993059 -19.8997637391758 14.0109905451904 -10.0554297898847 25.4964491296699 -33.1052774072822 26.0039820699368 2.99537213237961 -20.4261186630759 15.6531437762604 4.67776443090252 21.5564604161134 0.945341712969174 -5.10485503376679 9.59588771458788 -6.68101884420931 7.94159072053551 6.65866652136772 7.14152828978397 17.9869348109692 2.52741905136191
Dinomys_branickii 15.4297758702693 -27.2244703738998 24.0057135087882 76.7371061322393 4.56303492219044 34.201861613 21.8985277486747 14.0792689457666 -25.4462151272035 15.5640048460837 -23.4613267462347 15.8298653119385 3.0550881531138 -21.8395070417675 17.5833636302888 -2.12617819781577 26.0662507950414 -0.0966644140608343 -5.284723982123 -10.0083499702948 18.9124271363309 15.5355757569395 -0.110520556041424
Diprotodon_optatum -54.2759711303117 69.822236911904 -46.2946064206153 19.963312075653 39.1522847903737 -1.84378544916067 67.6918851272405 -31.58219971915 -2.95896793793709 6.98026201447318 -34.2234192449476 -1.9943067975724 6.96229437971321 -20.5902595168279 6.17767717330912 2.043509706119 23.274380932675 -22.4533579768785 4.02435075415959 16.1084880254612 3.13923678996201 2.59962440355643 -4.96942565658339
Distoechurus_pennatus -22.4533275453079 -57.0763850930166 -19.0048234241593 0.379937882312337 -27.706892072669 6.77627972501871 45.5800103343796 -2.55891287275656 3.62784959361975 22.0499497990328 -11.4959827829936 23.6008519429644 -1.97785838650281 0.0995044808006478 -1.73791996633701 -4.34161789402473 -9.53169226889589 -8.27157309791481 13.1136813267687 -6.36698146704328 6.83379323409546 17.9484638344846 -0.835157885800831
Dromiciops_gliroides -28.1497800392992 -6.05585506661053 4.08301320616485 -0.292207326763049 -22.2697271225036 -4.05516267854727 19.6506477789115 -8.94570878175582 16.5549185874285 38.0742551919414 -7.47421422588199 24.9407008059109 -4.16662286578512 -2.93462465627525 8.43482312984778 -15.6635580335908 0.0991577687353243 -5.96947174870402 19.2372595318556 0.146094391039427 11.1713170632919 5.00184638552166 -7.26525293782808
Dugong_dugon -55.2680207461368 15.7470122157245 -41.8884279005168 74.0058960467893 24.3598527983037 35.3418322873697 94.4674830749507 15.317348367306 -66.0041735368183 -40.3358304332522 27.6643711667184 34.4681312782736 38.2348693929151 -3.1616065896092 16.9336822292547 -8.84189737413643 41.408490920368 27.4570019574117 -7.11035246147183 26.5140470411169 17.5505819140778 17.7949626495272 24.5377371888301
Dymecodon_pilirostris -143.402158439637 -76.7013705896232 5.00442220057179 -41.6964888795227 -10.5596134200338 -13.4358265017772 -4.12261488973303 -10.9553144913301 8.21131544426732 0.841787797853126 56.5207284765841 -13.8372599709602 -4.33296454249807 30.1911607907642 4.10103288577363 -25.1780244602919 -4.71919923540375 11.150196234332 -2.89635160362673 1.41731267384965 -9.28617492043764 3.32602247039701 18.8234258095706
Echimys_chrysurus -0.735769247556472 -36.0301103102979 4.31490463951406 42.5912504278034 -23.918570281515 57.6410836240425 31.3722196401107 25.3291832343542 -3.8286345448495 25.5839527245056 -12.8712646268748 -0.301728564930549 -2.03064907689154 -4.36914275673463 21.4043684701427 14.5541682410989 8.12348853587166 -6.72255695426116 -3.35863773555788 12.3483502536 19.7288693546139 1.94938536430866 7.9947251260044
Echinops_telfairi 16.1390775652655 36.9218985610737 -46.0665868142736 -43.4837025288602 -42.9071941893785 -34.05057718719 51.9455574885251 -14.6457887907807 64.6989483590929 -11.9154257386082 -9.28678186453388 4.05304441253832 -2.80972577835543 -6.51620123165567 28.8100037064463 -7.21183857508537 -5.6212234577892 18.2785448860541 2.31421241783488 11.2993896325681 1.73183460136817 2.18837266346641 8.91167391005248
Echymipera_kalubu -30.7412039287668 -72.7569885515132 -11.6637735220871 -27.8860273494884 -20.855517924641 -12.5209543001056 57.076420822874 -34.4819578648896 44.0314069188409 1.67309692821456 -0.0314871574453826 18.4182248257078 -11.5872896436951 15.395543490922 19.7455680012182 -2.3974786265568 -2.43085326532277 16.4773205757957 -9.42325368925331 11.2458241366433 6.40744773562057 10.0304648568318 3.03601627333253
Ekaltadeta_ima 48.4592877089178 10.726670846964 33.4940346535064 63.6064178608405 -9.00489024371135 6.66807187252692 32.6676539907314 6.77879962072283 33.6788704907763 5.26036317589975 -17.3197126209267 34.7740182179403 -18.966004049799 6.00663904146147 13.9694354547139 15.4393920801342 -16.1009551577783 6.50888436771295 14.8134897171854 3.17160986964284 10.9979323795341 10.4771792382707 6.8057287335109
Elephas_maximus -150.161209271859 -21.0683778383196 -32.9601745425261 45.0541294156274 23.940683919397 6.8216381354871 9.77225437586214 -64.4386828829079 -20.1817595980038 29.4844445723187 20.564849607527 -40.3884763622304 -10.8883744776458 -14.4160681474121 -14.2838456098167 -3.04128858560942 -13.674848443697 23.5849915756837 -6.97766417618934 21.8663191584009 -4.44404469841832 5.69176517202763 26.0230355318713
Eliurus_webbi 3.43927226034602 47.6173828081471 28.720602162312 24.6006730773789 -36.4385924806432 0.645205108587278 25.6703188837822 -0.214546767358879 22.7479783359374 35.8059956391679 -1.5339698768545 8.0021797701179 4.34198971864091 -13.0163607871288 9.62123086679555 8.46375213188184 1.30891720177381 0.827604031354172 3.88703035790165 14.6638967085151 12.4143161096998 5.59602686582474 11.5457202204674
Ellobius_sp -4.94589281862203 31.6984446450485 -12.5664374753526 -10.9317013606767 -50.2625455844559 -31.4526713419145 17.0411949718404 24.9557590701292 -4.26283444907859 1.74072972156258 1.89674891753254 -0.947832601111651 2.33525687590009 -20.460526115224 31.4601529742677 -15.4358125163417 15.1600207948723 16.4731269796875 6.25568221184859 -0.372635040630674 19.9586325999793 -3.83566867786248 4.40844324630817
Enaliarctos_sp -53.6752035058173 -21.7060396886822 47.913547086587 94.5358037375933 -32.86649567873 -6.63373033554097 -9.32029666593773 26.2349550743519 -35.4109119512196 -14.7436868047864 -17.3651997169084 23.7640364029999 38.1676323762681 -23.6393563630688 5.99493238201148 11.2027519289265 1.78841997824107 -29.3831838539651 -4.8752995682347 24.326824534751 37.138185286432 6.77483603392172 18.688503195368
Enhydra_lutris -94.6057349315328 37.3431681845544 117.855646454046 37.7662991225112 -0.203021607738789 -6.35812751029583 -16.4019823640326 -24.189878898267 -46.110955382295 -14.4448189347279 11.1526128619271 -17.1980996446104 14.3307393821888 -14.0730569603389 -4.09737922748467 -4.74407501023165 8.62102468983462 -13.2841474653862 -0.327664153289531 0.864687523022434 17.6912784935526 -6.13612277070331 17.3056763807087
Eonycteris_robusta -8.22698417564212 -56.6128917604994 4.43815784084281 -0.139105863951311 20.8898906090961 21.8801986767753 14.9376686436771 -15.5616132136326 25.8502777863335 21.9710092840005 -33.7396275059445 22.7923615312052 -0.618359691838882 -2.47058454714777 7.67959704239638 -4.18810762498665 14.1267086173904 -9.13260700012651 7.6599990941706 5.09658253803462 16.6333179249992 12.3918803729864 1.30999847615446
Eptesicus_andinus -26.5574151318647 84.9677641276369 -51.159382051718 -47.6663161436087 -4.83913837024016 11.1057272291821 4.7613278075774 -28.1779221320222 22.3765232129202 43.4366938541485 -29.1988121123052 11.8698010907722 38.356674532792 33.8975040222379 16.8611761774703 -6.83140241033279 21.4658480633942 -3.95384091037621 6.50009711748472 12.024025082606 8.48906100661788 5.21176065498439 1.07352609309291
Equus_quagga -11.4230402491655 -77.2455303655918 -32.689682279849 128.497778474627 6.81398712677613 21.0777382089614 -10.5978625167491 -12.0335108942005 -3.26842279722188 -17.0898123200099 -12.0652268073434 19.3176208454338 -10.1818760029553 -24.2264045517237 -10.4412835233016 10.5816798525739 26.148755331235 -11.3130610921694 -10.1800127761831 -3.70422559042798 4.36980022694284 14.7193992524839 8.15823526959027
Erethizon_dorsatum -35.5891215204649 50.4855101242295 -25.8004060998239 50.8654870670293 -12.140505325337 43.8016820412029 27.4690349055018 14.7603598775006 -12.5490411068399 0.868109288385657 9.3185344752667 6.07097363977083 10.0482712808955 -32.6751372536512 41.8041810898894 12.8055798855649 24.019233927978 12.120402467034 -4.70686987867902 6.18526827385636 11.3049786027117 26.5952937030215 18.0373081169237
Erinaceus_europaeus -31.5592378798618 -7.20233085410166 -13.1288892229096 -32.4484251738411 -23.0238464350242 -17.0795181848353 44.4716676464779 -13.6184597389788 31.3665746687168 -8.00445436711008 0.952245544513616 18.2189252133042 -22.9887000260091 -5.82368499496484 15.1771833648421 -14.7364227893432 11.4514068189089 42.0092011937696 11.1859183377191 9.03640854492652 4.37579995686467 16.3649733539761 12.5935462338505
Erophylla_bombifrons -79.5106906490242 -40.9172413018277 -0.893119254444258 23.6638897786907 12.4432805214375 33.8527784497425 38.8929204930002 -38.5649456889047 2.68982656634257 37.126646152627 10.1429422496893 25.7497462783689 -0.0328241603691823 10.2903545285797 26.0620286887964 5.53264590622077 12.975170898387 -0.436042240134729 8.68680310206481 11.4787668359465 4.75632201181096 26.0941822485454 16.9040995874552
Erythrocebus_patas -108.866457735218 -76.4215179205919 105.222290235611 136.983594398194 39.5116415921376 12.3419304270071 -14.7984106527814 22.5430475264322 -43.4816547596281 -9.66674877169972 -19.5332624352812 -20.866919410174 47.1251960133834 -13.0703669229656 -18.7956470977566 23.374522390201 3.25415938480925 1.87178681700571 25.3175391415317 -18.7352629310014 18.14718727555 12.3384616189963 -0.428263810429052
Eulemur_macaco -83.0384465403817 -53.3867208392386 68.2385507457338 98.3430649267136 5.90706066607699 42.3126971070925 0.796411341779437 15.6465288602504 -32.2701875039716 -8.35344949249247 -22.0090784115937 4.24105421883023 -0.154961948342215 -0.342511941533157 -16.1304258437889 7.18789349512368 -0.107376173760522 -2.54815372884812 2.8287963076064 0.437447924165162 22.7090160342821 -0.494913186500268 2.32998392856075
Euphractus_sexcinctus -33.5152483065036 -3.05597147036555 26.0442180834807 18.9105063886135 -2.08006043024252 10.268019458013 42.8503269788042 -26.8561398762395 26.0470796318678 19.0193999886156 3.81263237005374 11.2906943065489 -29.7410127614359 -8.39364539690452 11.0033968516635 9.44040355492886 13.2148383952973 21.9951210428136 2.27108801629586 8.51266914811308 -3.5913275456225 16.2492455082023 3.55495764556302
Euryoryzomys_macconnelli 53.6416805837134 -37.731081309028 23.8328044225637 -7.10792164609188 -18.7103269694178 6.1641795714653 34.7856052319507 -5.3782325273199 4.31984243982105 29.9707663852402 3.83348484517825 1.02225715642394 10.8497757301527 -17.0634820159156 32.1623751306046 4.9922793802577 0.92828784647765 1.29126513637784 8.94787530916868 7.15379193721945 16.919318504599 -0.48017448211552 3.24322850070462
Eusmilus_bidentatus -6.48155998166742 -0.139158610684985 -5.18780358433543 46.4539035057782 40.3692081895652 -2.93413049692041 -0.96239010817246 -13.4671898590921 22.4156510471291 -6.11397315238776 -16.6677632239651 45.8667617659316 -10.9987569380953 -28.0878423176589 -16.0713362022432 6.99500457227632 13.6260240583304 -10.0654727959199 5.21379948253075 8.73511509275395 17.8792055639323 2.48365737347464 -2.57862831957342
Eutypomys_thompsoni 99.2342877111683 13.0658546450781 29.583310508522 5.68202612382532 -14.6363749263793 -3.80795285412918 5.88100719900748 1.24170876682391 7.82880152042515 16.0152390134617 -22.4931631874271 3.7597365511551 21.432359686144 -2.71839699818262 39.1527292242292 17.0579684863055 -5.92373044845625 10.8786846596996 -7.04668051994187 10.7292307401849 14.8638072957898 15.0419589502732 14.1750755666087
Felis_lybica -53.9308466155752 -18.6549383682334 46.7720598377159 84.6856837274893 26.7419620488026 37.331979317889 9.44218286032788 -22.8813245538749 8.38176721709003 11.613378892415 -12.3737078062436 28.5121407982798 7.91728540720542 -27.6128828694484 -9.02584600430747 3.87131630829139 -20.8691369949228 -20.4761404086908 12.4948364964286 -1.55083768694043 11.3875914390417 9.09529318414104 3.96496557278686
Funambulus_pennantii 15.3087161166327 -46.8426235557673 39.8298537297613 45.847233622661 -10.5898764297327 24.049950229289 24.8662573229572 9.38009020744691 -6.95719641053307 22.5418233373663 -5.23646453739678 26.0358551629026 4.74412096914543 -15.7737627235482 0.229486209700538 4.88970978984887 9.12808239439878 1.52043153815811 6.90107816488304 2.02409443220475 16.480136880907 2.75922580431109 -3.12470823659353
Furipterus_horrens -81.6309156531145 76.6871932254076 -37.1016756472576 25.6954969915641 45.130545495749 25.9588717230776 32.4890996568174 -60.9702153410832 34.8845110694028 55.0143199489661 -8.47949454249768 17.3157025035617 39.9022858847683 16.4592749420926 54.5931116954429 -0.885428935664357 35.4120220325913 20.4032369046214 -6.67143161722851 -2.97799051781912 14.1822460726484 30.864164028522 5.80323979571685
Galadi_speciosus 20.6145621642401 56.835256946695 -7.84851981360349 -15.4247916928402 -38.0980416987678 -14.1718078821563 68.331347762502 -27.2135484297082 46.145488613898 3.87094424983743 -27.1535199632425 -0.926923254109614 -6.77699245943323 -7.68496196248117 11.3139682526575 3.52841733810488 -11.2622521348009 20.5271304253595 -4.99972828079992 -3.03509293408469 1.69319615140637 -1.8908308368712 13.0862138935975
Galago_senegalensis -88.1431754689158 -75.3084681234223 71.457368674065 98.2189074118728 -40.0397997407897 35.6397356112788 18.338463480843 6.57678404390807 -44.6085332595322 25.9050712007793 8.22869335109852 -30.0629823585156 -1.10010375933723 -1.54501473874257 0.340212683379984 -22.6159368832287 -20.8786814980527 1.10474608708218 10.3953375032256 1.37227261950268 16.4828513261392 -1.12010985605707 0.449576373026003
Galemys_pyrenaicus -138.779241302254 -51.7303783761988 38.7723941496712 3.65756735582611 -9.37811501984747 -8.93841661741711 -1.80699144822639 -25.7676608313502 -7.48464410001758 12.0675606638238 -1.04090792968077 4.97836602743706 23.4133349975133 29.2891069284681 8.68216405477066 -10.9700961755137 -3.0720830468021 -17.441463560796 -5.43818273398963 -6.49741858239353 -9.25087899115176 0.318980570180434 14.4876704320468
Galidictis_fasciata -28.2188338226883 -34.3038531277128 77.4913529160392 38.8128009727886 20.7626330348121 18.6786681586948 -9.37258259000852 -5.35116067959529 14.016141462362 4.17062711719358 -10.9307730293847 28.8411568433415 -24.7253501280317 8.02322665750788 8.74172586343207 -3.02558363172888 9.162402672134 -17.029407459734 19.6439274078871 3.0093907192735 27.1260653281644 5.68951614888447 3.77633685903186
Genetta_genetta 32.8343379922058 -27.8681282890105 72.4292558977564 68.1370246311295 29.8560952244865 22.2428017437439 -9.80024751433393 -10.1775954568356 5.82318273822428 5.64959917651684 -6.86728148309282 38.869210249723 0.960495009903536 -11.5419690617331 3.63031626339254 1.42037151799905 0.554050277009666 -22.2930041464922 15.3273548789873 -3.61898232948013 21.0241032333747 7.07590802542432 0.836802738274214
Geocapromys_ingrahami 46.451359277108 3.94341565987403 -21.3288331116925 49.6859025278287 -44.5842871126208 33.8207215063667 19.9513346893803 10.567131229218 9.58937544340625 21.5915096730595 -7.9190372432278 12.264652992998 12.7337458770805 -8.95274154640508 24.3677949233994 12.5245710347854 16.315569493179 -6.4680873230173 -5.78651309459352 -4.54967494694354 8.65927922685066 11.029972734406 11.4997332480918
Geomys_pinetis 74.6771611578517 -31.0078767663284 0.104853672442158 -11.4072951139785 -12.5561308346906 -4.19958921395535 41.1636042868385 14.0580306868251 -2.3306167593814 13.1260260131187 -17.6558031981121 -0.625156284320878 22.5312232901145 -17.4832289045251 34.9071366824582 -6.4195728945494 38.52408172494 27.0396939033462 -4.51797411318008 6.45688983775087 30.9636863718302 -1.55817554298144 13.3874670996472
Gerbilliscus_afra 9.13664736838722 -32.9444263435242 21.4067918416566 22.0569118313273 -29.7822547529001 4.74434506232626 36.1746976026208 12.2614932336569 4.81208603788525 37.5066214925767 -5.79346789845333 3.71498495157152 17.215601351667 -31.9445015701415 31.9168794837935 -5.21719472796785 2.65006835097016 6.92894328355005 2.29327783727695 2.48506885510811 14.6358236579785 3.76464936078431 3.19865739823973
Gerbillus_gerbillus -5.3284353253376 -45.9334744111495 -8.67282658674444 -3.15176273334656 -24.4336493154853 4.32513327510919 26.9068223732322 26.8915538732174 0.429755708408241 35.4770213218888 -7.64325819082164 0.73383973532717 14.6596448026567 -5.41863481869036 20.8200833971995 -6.50859401662857 -1.11811744685981 1.9464993135243 1.13539149485227 10.2417790664502 2.22801239428094 -14.1842945848174 6.32273199075445
Giraffa_camelopardalis -9.04846448715777 -27.2182565505041 -40.9420057201529 121.716873235574 19.4738394264403 43.2365949465617 -7.81515917739526 8.08777754144727 -36.5302313358164 -13.0881428696725 -6.41149634841085 2.66679921800415 0.50413597744218 -30.6966850724092 4.16390407570984 7.65826820464935 29.7119850937463 -15.7034984431987 -19.5933757697969 7.26744262762617 -8.21130992226603 13.9995243614052 11.7955763357872
Glis_glis 11.4409260643539 3.30871616772178 -3.74606871239463 10.3235450365189 -13.7813725344315 12.1621933640759 35.8728862332149 2.50335157747709 -13.3727194645755 27.1439405147201 -9.74825625498091 5.05533911085807 7.21173016670898 -25.397730286626 28.2284090825241 -0.906100760639877 -1.97078238801101 13.0476058430364 -0.35935356919275 10.1676951027063 20.5120323680188 9.65281136467648 11.5823556192418
Glossophaga_soricina -44.0742789347204 -35.2590198485918 -17.0882525127723 -18.6301650647589 45.0633463866692 24.310171518436 19.941834853502 -38.3128450991548 4.16344345487972 42.0030632398217 -1.58622061870502 18.9058733935137 6.76481400521079 11.9716556291306 22.5298880267395 2.73370459700175 30.0456988289253 0.450752153060379 -1.51381183934874 -5.77168291417227 0.922463931460399 15.7385656150577 15.2416030418772
Glossotherium_robustum -74.5718337794201 9.1749878701803 -54.3592042464763 23.0284265227738 91.716476695351 10.3813803754645 -0.380781430444029 -13.1413486738255 -12.2195385671031 3.22543967989526 23.2573432097016 23.5942593598254 -19.9271638806134 -14.3914801875648 6.71983936044758 13.1386796340717 25.7502369758074 -14.2531491659452 -1.92750200117201 7.67736795369235 9.19150000706419 19.0363162931403 18.9711686439865
Glyphonycteris_sylvestris -49.3872487185945 -4.55046511593939 -24.5394394021941 10.7857138987804 42.8842299403513 23.6429258169324 -7.01630322229783 -46.233192095544 23.0690886890146 39.3584956477882 -8.46124504200272 19.9261622069451 -6.62292088482963 25.5505795774324 36.4641758044538 -10.9245101002046 24.7138670064953 -3.5033540339951 -8.75459976048505 -6.38978186804673 -10.0679409294389 20.6790453301471 26.5887315380868
Glyptodon_sp -39.286534361049 16.7658453817235 -59.9502454262261 19.4467500526282 41.8208727348509 3.65956128989833 89.9628169722818 -29.6722851034177 -26.4987885243264 -22.9685113083028 -32.8682830543405 26.3071064947737 -2.25537837745257 7.60491293563387 -6.24124258022157 7.51359608944938 3.28203060234782 -20.7605566354752 -4.34828718064279 7.62565320751063 -0.843359384096955 20.6641169990961 28.2110532063728
Gorilla_gorilla -167.2405027329 -69.0700446125606 71.4128791152384 133.085853115645 53.3657524694797 18.210706054709 30.1407447782193 -1.58342467136272 -62.5681676542807 -2.34917653269194 -0.0164565458658285 -34.311298530143 28.9030188942583 -4.0349543510407 -14.3770870510011 23.5328893517978 -10.7806415402719 11.9257270190891 22.7763795356974 13.7416868365372 24.1989159223316 21.5354466766378 3.29637084143543
Graphiurus_nagtglasii -29.559552981503 -21.6006572786543 11.6019047313368 2.87818622996367 -7.61850485217315 14.5346312428436 39.4642635277141 -0.552895017818733 0.0607185731752412 24.3818195432268 3.30758050175431 14.8212210846046 -2.2472514370202 -14.3750509948342 29.1183466622857 -0.743019836213088 3.20022258460536 -2.86295736513083 6.3318232733332 3.10049372616682 17.3487276461464 12.3926887531141 15.3577422309868
Gustafsonia_sp 53.8487497461904 48.1932719507321 36.3613151798478 56.4503333611185 47.3021604578559 31.8765549788043 -7.65058562241483 -6.45912002663187 17.6542637338923 -0.430554566984895 -28.5023149577277 33.7307493903473 4.48068490598641 -6.92687364216031 15.6426271578895 -0.506275607024373 0.727189259214052 -14.1087273603207 2.95668531925192 1.74923986669584 17.6583756809081 2.46111005647936 -6.42236722331084
Halitherium_schinzi 12.0422759204735 -26.4232515492148 -82.800984119142 66.7599244760997 76.4745707885743 -0.503879928911733 24.1077547341744 19.9926555234015 -41.8127880002686 34.9396700841079 -19.7375565636254 10.6273755316635 8.10698796791458 1.87720253311476 18.6419472385645 7.50788397752574 15.6668942603843 4.09276181466393 -0.80677579946709 16.5485177578424 1.18535229215865 38.3863565068679 37.5867842220515
Hapalemur_griseus -49.0633268048075 -71.3912115537598 70.8531274319567 92.434650526945 0.321446250561212 37.4871704622669 7.31489705960538 4.62330316672894 -37.0868257818729 19.0569112774654 -4.58485185482545 13.0619603516011 6.76884263054653 -0.656243679203365 6.24650211694856 -5.55623600570647 10.113201670995 0.639593757229206 8.96947722366124 11.1536834515039 21.8391985296729 12.8207527196931 6.107748464007
Hapalops_sp -43.8155522121083 -67.809041337878 -46.0235340444551 15.976583635154 41.8902908468243 59.3461358380233 3.02651386624129 -16.9697626992589 -24.639120191372 3.83427098202084 -7.31607836373072 -7.73809297270522 -17.6079957958072 1.56009562144203 6.14429878710808 14.846603399559 43.8357677429613 8.34008645066828 -15.0748076421311 -1.71410679109852 13.6873007896395 14.2353003911274 0.520288596155561
Heptodon_sp 152.012153769762 -5.31439788533233 -54.5411599501737 100.18565721002 14.5417610615199 1.13277765043731 19.8501634639967 35.0731025259488 5.43293658872562 5.01633452529531 -0.58208773865045 16.1265084957535 12.8738016059923 5.50006350745129 22.0082184987547 -10.7935817871295 21.3928843119987 26.1115757254378 14.9635712387434 -5.854621023542 17.5865608710961 5.30177343044323 15.0551330825068
Herpestes_javanicus 53.5374779256178 -19.5312234224156 106.566983502578 82.6657032337034 13.3715435724424 5.69048958296645 -14.8063133938674 10.0833386903146 -1.17754874855239 -6.02609101255554 4.50329976652714 34.0786969500765 2.17020812021088 -5.53770761318741 -15.3903512654645 -1.64435562357435 12.1757591143896 -26.1097527922675 12.7170881572135 2.23745491035236 26.1394599999284 4.30742701606716 -1.23538462910773
Hesperocyon_gregarius -44.0972717920191 44.2300889375406 42.9572694098762 18.879831050987 71.3413081729464 -5.54179559105753 29.6035059421153 81.4693167863694 22.6062824237589 3.95912173345904 29.9500204563189 37.9880592187502 0.553938446593489 -21.9681778064653 -22.7392131713275 16.9903277579021 -3.95976019220147 -2.50588327322151 5.27861202610939 19.3035823256263 20.6358049173823 13.431220677402 -0.1029417393775
Heterocephalus_glaber 64.0708905535844 61.2261622999876 -5.13029328381005 23.6172287939609 -41.3932617485683 -8.75455299645587 55.387407533867 18.4304120414558 2.18482609456867 7.98114140507907 -13.292856865426 -6.7776197971978 27.0747929553774 -30.3517904041542 32.343352833645 4.56888020063412 9.31127830999971 10.2530007374396 -2.43760405234124 2.61936758091054 9.12009831340352 7.21858551963998 15.5130070654669
Heteromys_desmarestianus 21.2330650446991 -22.8248024058734 -63.0191725274891 -34.1062540203387 -42.3045086274284 34.6151661434659 36.1406346718104 -17.177158112095 7.85507356954914 33.2659172315413 15.408817203171 -5.86137332805813 0.243496102238664 -1.8023319577856 14.2571098686108 -0.0869524774468921 -0.967665291584224 6.93609576943467 9.13202079168031 12.6665251320246 17.1754079335104 14.6809777885296 9.8053546435295
Hippopotamus_amphibius -29.4669746448733 -44.1122269101142 -32.0303598632498 78.9902635369888 36.0421309999084 9.5894876659402 46.3736561576518 -3.82302736844338 -41.0565287130825 -12.8172655335181 11.5530550806204 11.3665655784595 -19.7721641184828 -33.3404150850706 4.54308029951911 13.1595345609991 34.1591417525424 -6.94422772254318 5.58948355939712 13.2533810639344 4.32703298800264 7.72726900323288 9.99110255496904
Hipposideros_turpis -18.2738830642495 -53.9157371801495 -6.80386594956007 13.7687229948096 41.4663509323434 44.8645384030767 23.1903679747579 -47.0869767916106 -29.9814840133763 47.5996296422019 -11.3341994454672 -0.369730670887777 12.4927677984638 13.4514582815921 46.3630599483191 12.7661583918529 10.9439459470009 4.2885748320295 -2.59749840759193 -10.5888118297697 5.15650965330962 31.5461438059186 9.7994893415394
Homalodotherium_cunninghami 22.5858559946564 -23.572536840993 -29.7932401341196 66.4415593917019 27.9152057294563 82.4431634639063 67.0622561674264 12.8753325693548 -32.8169639654553 5.2492277408241 18.141552300055 12.150754756944 -8.64345044938935 -4.44893460700874 0.113103365958666 -15.5750321274628 33.8054671652878 10.4607514867413 -4.95134776423957 19.8173999250775 -5.33995436690202 7.92424496028431 19.1100788848758
Homo_sapiens -205.23434665849 13.2446985789831 123.59696036674 225.584084790975 85.5802903770344 22.5452391859421 -29.4825678029994 -50.1370735020841 -24.6265308647164 -49.8429928018733 9.65768092728281 -83.4584853974431 70.8417853432797 55.6094096768435 -35.3027282407552 40.4255256964343 -17.822635512191 35.5400275858795 16.1787754684196 -14.0698546656269 26.6223996329945 22.9670745459206 2.65782072111035
Homotherium_serum 41.1290734572125 -1.99544979822309 65.0890185658718 100.587705606595 82.220887199196 11.2976028124896 6.52278344404244 -4.023876094848 6.48038955732379 -47.8929908649138 -11.7630784759851 42.2675651402255 41.7206257204672 -43.3937782025484 -12.4881345835098 40.076990934909 6.07408987094915 -2.19565159756594 27.7439185396454 19.0299277152322 20.6405022000955 1.12145923502946 5.94732425847074
Hoplomys_gymnurus -23.8833935492228 -14.2167934934336 7.03542617619891 34.6280982645261 -48.9321556257839 56.0989220800453 40.3841825883492 -2.38695026914477 12.457838288638 36.0629320309048 -6.98564122157515 -13.4293905528581 -0.272275414811348 -14.5242358608513 24.7551309142619 9.84599141539092 8.42136784905477 -5.12314633364736 -8.66293897314244 7.27638136845651 15.8752596128585 21.0686026544777 1.50631409294817
Hsunycteris_thomasi -82.7557322604002 -15.4481882360133 -5.76343965648571 9.41105777435342 36.1212170917872 28.675750196042 11.4631317845836 -28.72961876688 -4.83132078362469 33.6402003514329 -3.11876099842292 15.092002705163 3.35130642858772 15.1974768850043 34.3001541205689 -7.92370800719707 27.2818627665211 -3.98928799384683 0.817453138028512 -1.74094254325063 -5.33779531433094 34.2480642299046 32.2951351904775
Hydrochoerus_hydrochaeris 35.9434430642763 -61.6713839533061 -25.1544686027017 96.2414037332753 -36.744279275361 6.80292964779936 36.2001130976044 -2.02247778448312 -18.7558917097846 13.6451514726607 13.3135566404961 27.3439128164735 26.6628575801797 -28.4552057139263 -5.4303071744965 -31.3074714246756 30.1866978112457 13.6449885380908 -3.8698768357087 -32.7210845675773 -8.75608709913394 -10.3339859659739 5.14060276495679
Hydromys_chrysogaster -17.8656352984256 57.5509593875417 57.9904126963998 25.1375301230556 -6.4502911085223 -11.5490629937914 32.1882889738091 -22.824167389761 -8.73698387489358 17.6540759019749 -10.1529061641646 8.36977150050423 6.95005285012333 -11.4307094725955 34.4981962367481 -1.32040907819168 16.3912451755913 -8.936424005834 -0.971853297650266 -0.00804426577617755 19.4670840287838 5.28025496113183 16.5337434274356
Hylobates_lar -130.738063245984 -19.7233956535112 101.586355962878 153.053958525493 37.3898901287575 24.5471985835829 7.26449948969071 4.28188867605847 -63.5710579634214 20.5820714333178 -5.29407874672563 -20.4123711985448 36.7008552130392 4.58303839578106 -7.8384156172967 18.5090419694835 -2.30451799152548 9.85753154583509 20.2469911380188 1.52089189184017 25.3622599148552 15.5634036715258 10.233293107702
Hylopetes_spadiceus 7.9745693621936 -91.7251218723882 39.8349539404215 30.2336166919478 -10.5074886270527 17.9137081570197 28.9404628435415 15.2589945180731 -16.1968353688927 18.2847649182644 2.83891890329777 11.8987214039058 9.93426242520768 -15.8973228014023 8.30426646462224 2.18943328009122 -4.40863978606997 -2.38847110994769 9.99901835601765 2.19177883783927 18.1620616225621 12.1346232745035 10.6475860557389
Hypsiprymnodon_moschatus -31.7356549757994 -28.9566956712861 15.4799187189383 38.4575215535155 -10.6370465332895 7.11372863674886 19.0472563735648 -20.3573053797021 24.7080251094522 29.4867007510924 -22.9254469512825 31.9694930044861 -7.66030653382602 -6.8518965530977 -0.81058280408225 6.88425564899106 -3.63980807630599 -0.873193754893038 9.09052205128574 1.92891524706575 15.7551242215932 6.47252691713311 0.798740443621363
Hyrachyus_modestus 92.9203327564068 -13.6664407171987 -70.6312563832488 78.4762356290339 53.8171025666682 53.6130617961776 0.897619581572331 4.39941566488262 13.2804924977145 -14.8351074615974 -6.51961544728975 48.6475260037986 22.7410630991829 -9.84809344787179 -1.97077827465852 -9.13304374318682 2.27945516220879 11.4857491019514 -10.2393690766912 14.5865470677557 13.5782960465758 13.8012404778443 1.76668087052051
Hyracotherium_sp 63.8351945400744 -6.5642588064039 2.23338483741047 -10.1550459081852 50.7331625660793 51.4474653708947 37.7558566139183 23.5690216704524 41.3844081694233 -26.5570691656591 -7.63515342717487 24.7406992950365 1.74034113313204 -0.170171646187348 19.071772304167 10.7924378938445 -18.6077779691246 0.154066665951258 -2.05118238720466 -18.032043319662 0.600521558307051 5.23609068318618 -9.98331041576368
Hystrix_indica -31.7646393706715 20.7764811201963 -26.1589329457405 60.6363531618067 -17.9652664807695 29.591336849269 16.8284542785362 12.2313089245697 3.67589343720677 15.3866512108259 -6.2057910442555 13.5401751061415 -24.2282764777389 -6.61023511373676 34.3564404424758 -2.12885828326364 19.8370127952277 16.9989708850503 -11.3874383013816 12.5116073297549 10.3671560510968 16.3332905001298 9.28751599744169
Ignacius_graybullianus 87.926189134152 14.2454000525486 -48.4021699705259 -15.3558995758217 4.59205338843832 10.1143210888173 17.7055560427957 11.5430341299397 -10.9956535125204 23.7970955656213 -33.796025087358 -30.0276821154402 4.63302739152581 -14.0815495456492 11.2350730883835 9.57848398548633 4.63449966698336 11.4937888508872 -6.73274041866734 -6.7177007344416 -9.2326187944193 7.20168112890559 6.56317999466321
Inia_geoffrensis -131.28688792335 89.287017020392 40.6924461078621 93.3845781555058 93.1769523470377 -40.32830417071 -31.1523911446333 -17.9334932030854 -37.1287358979114 -30.7971113792994 31.171211224557 30.6745111155258 33.3541989122524 9.70572737613026 -10.7084758862255 31.1532565048043 -35.4483361948503 4.93869846061095 10.8969853361841 -1.66917142049211 26.1016846121764 22.7055805850303 11.4109145979251
Ischyromys_typus 98.0898080629263 -21.7057383627093 -25.8037008632044 -28.3205419112874 23.6609081472557 17.4024986709633 20.1782599083338 -0.754939860082326 -14.3028486247667 14.7214401242915 -25.1058182420998 -17.7086331443238 13.650390716888 -15.5951863885362 20.5320801411791 0.60945055302987 -7.97154077294447 18.0413940178516 2.03338208117404 4.98253974656904 8.9934291017991 13.4910549897499 5.35696564652045
Isoodon_macrourus 16.5412038629411 -12.0218880782991 14.9961153587639 33.5380459288578 -31.7701171878922 3.08382891332885 64.3886080978964 -7.97861729998121 62.2777746629753 26.5277390381398 -17.7046472213183 27.1206765473666 -0.749107901807362 -7.28979138754567 13.0091491831682 -2.69391825874866 7.09670233145265 19.9930382792849 -5.44213679078515 11.5392894492539 5.59007141512666 4.34553568760145 -3.17917285295526
Isothrix_bistriata 65.2306312188515 -6.88971162166587 -11.5341553002294 52.9566195910156 -8.49098230145674 54.2110967395693 24.9215801986603 29.0609668480097 -2.68228151112504 24.6231785034985 -4.31472844375548 -5.70819011618151 5.2988309005644 -21.029795183218 25.7453301339784 7.37469146504231 0.273438133919324 -4.45846008666374 -4.85780690964408 12.3093047048248 15.5744310611135 5.46740960485665 4.59443615803963
Jaculus_jaculus 27.7469009446029 -132.561863865533 -84.1299376555417 35.009638170939 -39.4422491898172 44.7268068469142 42.2175516093076 12.3338805578036 -20.4279647685875 -13.2471372131816 28.3052522724802 -9.16186328023827 39.390065410723 -7.99276528276432 23.7429678184194 -0.943246685389837 29.3444714729223 18.0448560507639 -11.9606424848938 -9.82709730732123 18.7210222156217 13.6409584087788 6.80301601490083
Kerivoula_pellucida -117.932087826782 2.9612147504117 -29.4759667575238 39.5589444478018 27.8255093066378 17.6533988065149 10.5630833975146 -65.9554162053959 0.987828800721413 57.16865615825 9.9132963600531 8.72316449803474 22.2912248376858 18.0686569893265 43.0197022128642 10.870908838758 22.1402499965402 -5.25038352869768 -11.5988575014742 -5.60230726475069 -0.136224604467163 26.0197468838283 9.8973643019477
Khirtharia_inflata 221.175197020432 -49.4774614742448 19.4971317247501 39.0925109693981 16.3666738375626 7.40557712367117 6.65214647425176 -32.7024300819945 40.3475464636386 -15.371293017414 -6.50918378436508 -13.9003728249696 53.5912828234319 1.96002039401615 -5.75679867266868 -9.24046522144079 -4.21929593744322 3.40546364672366 19.6522124154615 12.5839803936048 18.9365948003863 6.89421212014778 -3.15380209401648
Kogia_breviceps -142.288260943242 45.8794037546229 11.9893055480749 47.3073707369324 44.2384984940336 -47.0075457712983 -49.0603745315355 15.9251556178737 -50.8487670294768 -11.0489191607001 43.2275265566272 -20.1141087310438 55.7649705354508 -53.6702308817893 -15.4129045524169 5.92251846874033 -39.0515920236984 -6.48990897610006 27.3193812092666 -34.4698821581661 11.5004347097682 0.812787263297951 -0.88375984720887
Kryptobaatar_dashzevegi 74.8002227185014 -39.2890642699723 -77.2786994914878 -54.7628550859328 5.88071858603512 9.42316187713206 15.6564397623036 0.598653364470213 6.46227096430568 8.08150997197083 -1.03781981444902 -11.216300101518 13.2482906938894 2.86330606849493 -3.87438477681827 -2.24969760927189 7.74874412945295 4.98103734115155 -25.3126990888327 -2.4700599324431 -6.39372132996382 -0.845535749465704 -10.2845169103031
Lagostomus_maximus -32.6373891977336 -73.3831915112492 -24.8045003793588 88.8458600881941 -28.0046037469892 41.5954854221864 34.679537407374 8.55960205559451 -30.5805355751953 43.1379487412452 -16.9805264600687 -7.25868554226681 31.1986516919499 -9.03089053041863 10.0935243811512 4.93978560828112 4.86880427115668 -8.28694650228345 -7.41706103633541 -29.2224428796858 -2.27144497317887 6.14422820297057 0.925152758799233
Lama_glama -7.32987560993072 -74.9564910702372 -21.2903781150965 130.715009780192 25.8302430321426 39.7748026347802 0.395974799642567 -27.8287122199144 -29.4637630328385 -12.6562888243898 -26.1571592583336 27.7518806263571 -5.67073320151571 -0.0778902775847011 7.77362704555532 6.83630402105457 24.5607042654747 -1.04147271164075 -8.4363193702476 0.74703036280291 12.1668187020329 21.4472973534488 10.7274839935857
Laonastes_aenigmamus 39.2504701351493 1.38586113220088 -23.1614755758426 -4.15343399957671 -10.9731435191332 53.5871912925721 36.7108393689542 11.0933114041012 11.5900310861999 41.5913115884058 -12.1660110542853 -19.1054544439306 6.9685840218656 -17.7724851575941 28.0358119850455 11.3805452263463 12.8164349112885 -1.2170231561001 -0.850329954342903 2.16801196231915 14.6923050210648 7.11435781487469 3.85043888875707
Lasiorhinus_latifrons 9.76920031295667 -66.191242561621 0.683664534311998 5.50962296028146 31.1102636959533 17.3065034561851 6.76827318553242 -7.2840071802887 7.15068434443757 4.1855220673786 -23.0017412840943 26.8471665989993 14.0807938053446 -5.75874803580867 21.2723632660833 8.5034740660933 5.1049601023918 -2.03937053991277 5.52382843715539 -7.58986871079248 6.42641912238557 8.97266429148283 3.58371075954114
Lasiurus_intermedius -30.7652154633523 101.031769415882 -68.5412808550639 -24.4112274281953 -9.94464910556184 16.8064948541184 1.18821127983246 -43.2728607066882 16.2830913648658 39.7233048598946 -19.2487469354608 18.8387632858974 33.7515385649288 23.1177713959234 17.3063471415439 -6.49703366133413 17.5929413694831 1.60578751192046 0.489814195243647 12.7738769740445 16.1246291043654 12.1689633613797 -5.39548198147948
Lemmus_lemmus 47.3246615643231 -8.92433908997364 -23.7550869032799 -25.1545834222325 -24.3882418216508 20.9109769922937 17.3049195094085 22.940468876707 -28.2277322255756 -6.70069769534653 -3.98657693149988 -5.62007952801002 16.4850516589358 -24.4182138990366 26.9710500298971 -1.40319693836109 6.36510328120652 8.39462918605745 1.84158924464656 5.39052323456554 28.891058613666 -1.55761299565015 0.559570931272396
Lemur_catta -80.1198329594825 -38.8718036354394 61.231859443722 113.11956774496 -3.39269792888604 50.0169573668258 -10.0796682435828 1.89271695662353 -32.1162327436778 11.7874747180538 -11.7913136272148 4.44649071279198 3.8359664317463 -2.82695981580666 -13.3373095772951 -2.03422452608086 -0.107629005468773 2.3020601068921 5.35351405631581 1.83985227589661 16.6896324920046 -1.55701688295897 5.16662738235901
Leontinia_gaudryi 1.66375203577459 -46.953673310383 -70.8581790967517 37.4364153331095 39.1748908264607 -1.51373623636925 28.8296111799113 -8.6136958925403 -26.9329288386842 -3.0976844646132 -8.97051265031008 37.7568258328497 2.71374650513442 -24.0636394676242 1.13777334586681 10.5341142972828 36.3999794533061 29.7904217589882 3.7480703605057 -9.06748444796009 17.4132329946248 6.06410638375306 2.82355222340401
Lepilemur_mustelinus -28.2274910716445 -47.5291956125276 22.02470675512 86.3755105164516 -17.5989950657346 37.2778646469492 5.60467917942339 0.635597353417435 -29.7723597232732 37.4745681348533 -16.8048973062457 4.92927583325851 2.40901035140663 -4.43010836449755 8.63277559925724 -5.01855087284326 -5.77352742236496 5.67931485123435 6.96614321474431 2.04017745234802 10.8324502598092 -3.23436968325235 12.7537068671742
Leporillus_conditor 34.0166196006631 -49.4997258253687 18.8338056063937 4.59499153020344 -13.8731536030448 10.9377549147243 21.2362372365582 5.7483818952606 -8.02025401440541 27.6755859461636 3.32474106484089 6.40154966848506 23.0770404977106 -14.5858480336375 44.9808219132314 -2.02443290844605 0.717428847110037 -0.42482688662991 -7.84250595189574 6.27227636310362 11.7125822107173 2.19051764308776 8.63146248110778
Leptailurus_serval -45.1948639543241 -25.7903518601336 43.7041613029421 100.917473248376 17.9930770498524 36.543101418511 1.81680700113952 -10.6253027455222 8.140233761173 8.72813366202403 -12.3479103256057 31.7997555951552 -1.65753174885597 -21.023444153063 -9.41862324520308 10.2611127754485 -8.61543897147719 -8.84250511674851 5.42017997236661 -3.55526223860459 14.7446970182846 6.00092493153879 2.64905398086167
Leptauchenia_sp 145.037527911974 -58.8256451353492 -47.8115662439782 32.1679693936182 9.63255599652388 31.6240656444208 19.3082251781662 5.9824376703903 13.9098071693508 -1.64653767447665 -15.8902350677001 -8.14448363164307 10.0624571093303 -20.556752981412 1.08142000625556 4.78524621969836 13.1692097979275 12.731699569616 4.60172779714362 -5.77730705489381 16.0485121053673 11.4607114869338 2.47389041129967
Leptictis_sp 72.7535277325933 11.6252213153208 19.5935161936429 -4.33706002402501 22.7809648380353 38.4988610479075 -1.01937391131727 -31.0766662813393 25.9231920046463 28.2010576586826 -29.0265573535594 4.60433271628456 17.4937818243619 -2.93541910200666 32.0466143493252 6.64057274905663 12.1365722057934 2.5830376598821 -15.0661269370312 11.4863953951858 10.1219022936541 13.2632202947241 26.5106738420155
Leptocyon_sp 38.4946245341642 5.01942830769711 84.0927255573696 44.9934563566159 16.201304118667 33.563545324352 -11.4010563631167 3.70199824365967 -3.10196290867785 1.0596374271122 -15.5876245320251 21.4167216155355 -2.6514143234951 -1.71822692711397 4.87627720458825 -2.67650758946166 9.41637715538184 -21.2117187515519 9.83536472799404 1.69371766237841 8.4849120388516 4.00503486862313 -1.58574260219589
Lepus_europaeus 26.3683304230295 -54.4243205008486 42.3854244557783 106.363431887285 11.1508867397858 48.5321944768527 9.06652089416947 17.1418898484711 10.7268954844183 45.0537611278592 -28.2839718468267 20.809199957319 18.8811191471191 2.68364523662603 -7.99864702999433 14.6666007996033 25.0299081300355 1.03315374286218 -2.5000949298559 -1.92512573040144 11.086485268231 -3.03370231713213 0.0102020469421909
Lonchophylla_robusta -56.6403622186697 27.0955712115402 7.7498418263957 33.28712767944 0.518209116976373 37.2178068063316 21.5314819481142 -13.9517515356122 -3.66595530646009 31.3337049408306 -5.64809909857139 14.3106796371909 -5.48702389076806 11.1189302157952 25.8419217718455 2.61549650402803 20.3787824629926 -7.67812244729424 2.9661434885181 11.0432898923473 -5.03573018547494 25.4614453725491 15.4400609166067
Lonchorhina_aurita -65.6290946767835 21.1650735531393 -26.2747403014289 -18.1943572047095 39.8006845157008 33.9646742869033 37.615242994738 -51.6561325035707 3.66867344123332 33.8835383699293 -13.6304588213361 25.5990997050906 26.4773311800385 18.184989033429 35.1107440383724 2.58829122092621 25.2882128596959 4.20926841017156 -1.90790381934146 -4.54543580307948 2.69489734454481 36.6595684621102 14.7078776747355
Lophocebus_albigena -111.220672846994 -48.5733266012342 126.097738232643 160.145762716803 -12.3813946750836 7.90708416808382 -15.6983733883545 -3.94057075679022 -81.8759388541022 -6.75013550550785 -9.63438585772345 -34.4895104792695 38.8622206712065 34.3482470419908 -40.7961551561056 2.57497644749451 -26.3869423205344 13.7405181914141 16.5406520722152 1.00717826649401 12.8697694757966 -0.333290177671662 1.36996383857096
Lophostoma_brasiliense -66.9792319049306 37.1240928094026 12.8563790059253 75.151623743033 32.5942672208526 34.6779160070915 35.6682997429717 -62.7116901187145 9.80269729359712 67.6302988174366 23.1301955698864 30.277792655533 25.3353636285842 8.35658569747965 40.8216421386606 -2.19372761230813 18.1952327755356 5.948598712702 -0.905708000008462 11.9789560237559 1.09542091170086 29.4374630702304 7.68498087918529
Lophuromys_sikapusi -13.3445012399427 -32.8766981139105 6.65772447003194 -15.4509555780342 -39.1137507447358 15.8254678509903 27.6112741224565 -12.661131442079 10.6830578076125 12.7877475542399 1.20428890963186 -0.327368715504377 -8.70668965112346 -8.09833778276802 28.1244178053141 6.57065583055836 9.68891598915346 -3.02192642912333 -0.671665062940789 16.1708149344719 18.0186144249269 8.08372407159105 10.4741262446977
Loris_tardigradus -143.760525114791 -109.957058969523 49.2159954314429 80.013697504163 10.5257884595505 15.2872279464764 1.68470260362135 4.3434151475706 -14.6748017059109 1.1260521338807 -0.227540944070837 -23.0212161468937 6.51158159287286 -10.3671320389354 -1.95307842031685 -0.275076976217455 -28.480500408754 4.34536337810102 28.4981894058431 12.5415577058818 20.4879615440082 8.35075228179027 -5.81648373180039
Loxodonta_africana -88.6809859303027 44.1856228374549 -61.4835276407735 64.8757615858283 -43.8703168710948 16.1446078945984 29.1592338496259 -43.9251773644285 -13.3502955080719 27.2028902511783 -22.368483451465 -25.7074204744286 -24.9341679440665 -11.0988079993009 -33.3292122755985 11.8467385578712 -17.1518910925754 44.7538701048037 7.47396524718435 29.7852364478147 3.50981173534414 3.88586004454317 15.0889500240177
Lycaon_pictus -51.1232466614454 -63.9926800313018 87.7663766980719 119.602916307064 36.8277476379063 1.48573274871095 -10.4403310125623 -0.724151527953338 0.42456145957679 -11.9503541786208 -17.8507693148723 24.6599701369721 8.34248300549806 -22.7635513722577 -25.1767684657542 19.3765184736634 -8.2430610142127 -3.90971415226432 11.3776648057341 -4.77991213890503 10.5469202394063 -4.08556644980272 -2.954253355922
Lynx_rufus -45.8936490053159 -29.7049815622076 76.3765254714222 90.2310735838957 24.611905135133 34.1074516077035 4.50859683350341 -17.741111906674 -4.61429471825078 1.26034815501415 -16.2345330106533 29.5991256312611 3.46879623912336 -16.8545828818738 -7.9818155974332 7.41553115508216 -11.0169082148231 -13.0555896033186 8.05679137359778 -7.36539736988521 21.1347050464378 14.3620627546778 8.95205340364909
Macaca_fascicularis -114.958949739627 -83.9826010656178 97.9429461325872 122.863073744932 -4.87569754098429 9.89045608755152 -14.2509178826316 21.5147504062844 -74.1017386555694 -15.7919062675378 -2.87318691769712 -28.6145633626986 42.352433447029 -5.87795615492657 -0.423962802454788 7.0563562954889 -18.1974132405556 0.63581468509154 23.2095010551659 -6.09147182504926 21.2702405745686 18.4457635378776 -3.99675673140518
Macrophyllum_macrophyllum -74.3187399390492 33.2943430875372 4.54336393644641 65.3659125857084 4.23153664087752 24.267328179279 50.8644937031517 -43.0296670752581 -10.7499946810752 52.446258962747 3.706267885213 18.959440262556 19.1060271052164 11.3385594371255 46.0961747623607 2.69639878608467 20.7279002922955 3.29478058893526 6.5656260839004 -0.0872992369909689 3.59326165880132 32.8732942386425 16.6724903937961
Macropus_giganteus 47.140004600666 -35.4247888498367 28.1739091678654 100.034233598554 -41.4487246385083 5.16103869989773 9.39278119331641 1.77573787228828 4.18321719773757 26.6051686320324 -34.6814386144218 20.4187127873658 -4.47462539902698 8.27464141744435 -14.5878742668877 17.2195496947583 -1.79304974745798 0.327306430161366 8.05029726158494 -9.36062692635218 15.448878207223 9.3804299191701 13.497497773056
Macrotarsomys_bastardi 14.0546237695909 5.65970022703631 36.8949401347645 10.4371312939078 -48.9900293272328 -4.1029472188669 33.8717345012345 1.63438873913612 5.60435663405731 32.8389343146946 -2.49359376688997 5.91361539746908 19.6929632024527 -15.0927904806413 27.9228656186941 2.11831818802392 -0.648351060089878 3.2202336919535 5.830032696462 6.9482635968985 8.40961679671878 -1.39207866454495 14.913987380028
Macrotis_lagotis 59.0062340914985 -59.8947786162517 -2.7682439580335 1.82112901401456 -15.0076253777623 -6.38279289255239 21.7637318801125 -17.9743566862198 31.863411146916 32.9767515561271 -22.6408562586153 11.0617150555155 3.86858473061164 -6.53306062743896 9.72120564752714 -6.77970709552385 8.42815551575058 21.1070817255426 -14.9102558743449 6.44535215853299 0.199047911584877 6.92633625044044 1.51136628500224
Macrotus_waterhousii -57.0287072442265 36.0266672683577 -7.69276557407272 78.9950398080444 -14.9707471601346 41.3718428732591 60.7196455789151 -42.5271592228518 -1.90390942555733 51.0326935130839 1.99916231934306 1.49260133096366 10.6355257086805 10.7088603520686 54.6025344065503 11.3645482885559 19.1422315954457 16.4360352628479 -3.58278319053042 11.3195649273382 2.7502527426507 32.795848025004 13.2242854276103
Mandrillus_sphinx -104.714550152421 -31.8058389795323 127.216202149368 179.029475372487 11.5728100450406 -0.846500599493917 1.95899090922538 3.63248954885696 -65.166083116704 7.26960468317756 -2.26650362116732 -32.9903292886495 32.8171666681809 7.99261433255865 -28.8317815165217 5.42310860229566 -0.0632800621188353 15.0053497856433 16.7119895497229 -3.10653324438597 14.1541158008115 3.56406518378989 5.4634818057014
Manis_javanica -27.6230297488432 110.691888143283 -17.2061768577984 -3.05598428167204 7.00519459650914 -24.9255958093983 -0.0424673370290987 -13.2813654974567 16.2647326773215 -29.1716401578719 21.4242979605435 11.0807700859802 -30.5381983092111 -11.4575310029183 11.0649491620703 1.22729807971457 6.87566556472172 -7.04690761230056 -0.368686487528958 9.18534489843531 11.3276160246765 -0.390766855129356 -4.09325124470653
Marmota_caudata 3.9103689395626 -32.9623278970775 50.2847288499109 55.2239904528301 -14.7177525191564 13.7096774634318 28.7999126842584 10.8662511179174 -9.01699367681234 20.3537508757635 -36.9873850130583 18.0744261589146 9.53907844112804 -9.55243225859926 6.81852454174082 1.80382354968769 7.54470898057408 -4.72193766848216 3.54133496410104 -5.35633186661255 13.7522369375522 2.43206084030495 -5.14026620826712
Megacerops_coloradensis -14.8619987783124 -86.644843039995 -112.188051454131 40.7875828498363 16.4541660367291 -15.9176376368942 35.4304112611625 -5.40925144251549 -1.15764210191088 -13.6758178453805 -1.0379278596683 22.8187118228278 6.0620254102728 -26.3127353314932 -4.66879002707492 14.8348663316132 12.9760925231241 1.84390982185511 -8.11641706126363 4.25426780166116 12.9028078340611 8.00491604290906 5.43225804088013
Megaderma_spasma -8.7533790522096 30.460920069809 -19.3711940196081 82.7279293791742 3.03423435518048 39.3416815165675 30.5260650283474 -30.786996714992 10.4469818367689 80.2691858290414 -5.92124423784231 2.93971907816877 0.752009625011134 4.86193026954596 43.6245473175353 2.48709868743822 21.1557646006283 2.96555848614394 0.745179884837971 3.36415902085763 11.578818573362 30.1721463813546 0.939609332623828
Megaladapis_madagascariensis 38.8601872138422 -83.0361992146446 109.518212667749 64.7889060374123 -7.44523750998324 16.841490543782 49.4368372562762 5.03733452251567 -27.1679158111369 -1.32898106434626 22.1961553635732 6.03928248310247 32.459475883576 -14.982504037326 13.3272450978785 10.1782966757334 3.67498502499431 -10.4107030220437 17.7982644865429 11.4396700554029 13.0397274463351 16.336800967353 17.4358066129282
Megalagus_turgidus 50.5371664000136 -48.6680491246332 23.8095359842013 19.9250299311103 26.9073165373758 57.5678023912383 29.9464482917015 -0.842695472062725 13.2042961346709 33.1083209829927 -15.6392534270235 5.22317983519358 19.3865953545601 -6.8986395032813 29.7445245701057 19.449168005638 13.4358836512406 13.0908755150402 0.262787948400732 -1.72778396277637 7.25043382463881 18.9301406375884 -0.306650363862689
Megalonyx_jeffersonii -114.677273447582 -24.2768624166327 -17.7424112145761 14.3798850006022 43.359467757388 6.39156888779607 24.3549717054176 -32.3573651292547 -14.004748791587 0.230312261281531 2.117572627078 24.6899077442254 -1.08727880773242 8.29725245482622 2.4482194966362 19.6615270298114 13.9501720526137 -18.2931460447293 -3.56143436986097 4.3303295564981 8.3182889575118 18.4762244512672 19.1162009011838
Megatherium_americanum -89.3129693403849 -8.24997912554694 -22.2696400260518 12.1290257476206 55.7823914290549 8.10131522919951 16.3782096257404 -51.3910708496732 -24.4462823658559 8.39755100722574 -16.4887621683932 7.30861035577495 -10.9392132442586 -7.80465974469731 -13.6734449775877 5.09793782018207 12.2870638243208 -12.7994490594585 0.606186219811699 12.1815725233393 -1.15167410410358 6.76225468521637 22.9691397733635
Mellivora_capensis -11.5728911078052 -27.7149532945381 84.8946702362063 92.1134814471958 42.7057344229998 1.15029048517256 -31.1528729354195 29.7973030883907 -21.6449224587431 -23.1543204562842 -18.9546647201058 12.3037645161766 15.046043891988 -17.5295177084867 4.15913744603689 31.2256285783819 1.11523520449993 -0.242114776289512 -0.852777699825326 12.9012615453459 16.7420044115766 -7.83501167804219 15.5948893384304
Mephitis_mephitis -4.53871020406555 -103.25299336351 92.8189878052465 10.676251969314 -6.01196174143023 2.38632164349684 38.8941009613762 4.13333794764869 0.784053936878788 -10.7244173263806 12.6327355545292 11.5225578229741 -10.546878681032 11.3606724897527 19.5003561860899 -0.258707374934368 8.00336279349727 -10.9006801642954 3.73221527980486 11.2281386942908 24.1680519535143 10.4995955352568 12.8986847160883
Meriones_libycus 46.9748949432677 -90.3225766832739 -7.6699178263607 11.1685918194307 -59.4565177076909 46.4911573778056 27.3690993259927 20.7722447141688 -14.6318150909679 -14.8684740608444 11.8548451837972 0.278260027742202 41.0134398387324 -15.6213200539595 13.2529351019538 -3.13147143147608 -5.04591744267178 12.7141082257163 6.0458792641406 16.8170179990262 25.9327986583803 -13.1777037539769 9.67151823524172
Merychippus_severus 13.987671701366 -110.960981708657 -35.8109175858225 78.4916921499257 22.1008196107662 19.2907330431136 7.31018771877101 -14.7142201630614 -1.2025104809763 -8.36545867269786 -3.80520963428488 28.8179411549241 11.130924425513 -20.3420477346068 18.0789046807258 3.18622870616081 33.140366942332 1.26508509264438 -4.40561292473054 1.1602241773339 14.5342664763551 11.577136176389 0.348187843122496
Merycochoerus_proprius 39.1592652871282 -23.7797402174535 -35.5878782206875 24.1766633504112 47.7191176648979 39.694830760284 57.4835976531669 7.86521689653409 -9.201423509427 -0.70055031273932 -35.9973681391629 7.20293267313689 16.8969325525898 -20.5589157907085 21.732942821607 6.74974727681966 12.447928860677 -4.48899773868389 -3.76789788281013 7.94903956341645 -2.35670385416331 11.0062764439811 5.69456948066939
Mesatirhinus_junius 44.2577323622964 73.1524701220671 -65.9880334596816 54.6323912449422 28.785854376679 26.9368129794405 28.804195162401 -11.6967111251512 25.1098571473295 -45.7793174919695 -41.8164444139781 23.3154330952962 13.275587421529 -9.60249650579674 26.5063613931892 12.9511320907608 24.3439781450187 -3.39789296797833 5.00970629360224 4.4219104110817 1.75226751436204 4.23844425249271 -2.43769493276492
Mesogaulus_paniensis 33.8267053977563 9.13838176629476 -23.8295800995108 5.90095653813275 -1.36658883067298 6.47691322770125 33.3955212394297 40.0618085742117 -9.02404006393789 37.4089850154885 -8.23182064565629 6.13362975439827 3.86211218920017 -8.06207823787064 17.0043516102596 6.42449357555317 0.884621375283334 13.580110630826 7.22552138485804 -0.032414773063075 -0.498794091072691 -6.27602976009633 6.94473061617763
Mesohippus_bairdi 35.7879353460087 -59.7059375199117 -24.7033285854695 66.601633040954 54.1816359488213 36.2720015189026 3.39443184463255 -6.40868746898363 -6.23862638182948 19.6914027710938 -16.071408170144 24.6332969061014 11.1847512337923 -16.5136415239248 25.9112114777164 3.99324669144313 6.5362955110348 2.43976244089028 -10.2178326142039 4.61529359941796 11.9035892339655 10.6639800901419 12.4558784139696
Microcebus_murinus -51.9779673208164 -65.0656635581789 58.9404128052361 50.1125429143642 -28.2406768867996 16.3374684896627 28.7889180398696 1.95297842020781 -12.6190888667128 20.8937935299105 -0.206378362582822 6.77149328867106 -1.07816413444982 -11.7963602423062 5.55579314425891 -4.68953409730543 -2.92460288580433 -5.88932170432283 15.0106671041457 4.37209344525843 16.8430635397879 12.025192232414 -2.48246870360512
Microchoerus_erinaceus -17.3229601084439 -67.4268475614033 41.2003764045377 70.0962191571673 -38.211530934522 25.7095770703029 37.514999056919 7.26389949463969 -24.1499837266836 19.4615921382803 -3.02101838414477 -3.9624921195078 7.32253130025436 -26.9696280697179 8.5227671205597 -12.1874465495934 -11.8325923310285 10.3547298481902 -4.24647627379303 -16.3512119314498 12.5185106396885 1.8327682443277 0.643173360592855
Microgale_drouhardi -67.2346834828766 7.1113433838042 1.29889664775453 -46.3933929726377 -18.6692690143241 -22.8524869734542 44.0447440838212 -13.1821562246828 44.7692798618957 -5.56472464643376 4.84211047178039 18.0207209387746 -0.416144066686799 7.78039250573093 27.4175024793939 -3.68359224981733 29.4421471772738 13.5142404468953 1.63708000960574 -14.3067816269606 0.234194758722064 2.63378774641602 11.4800521192443
Micromys_minutus -37.9010040933297 -41.1156581001885 23.2884964647354 -0.847350128986107 -31.4937695010179 31.8655667430432 21.1748771498046 -6.91704872848034 -1.85433873771098 23.6543153112236 8.22925407023631 2.18327193704435 14.7696799467344 -7.9857793025938 34.5042237640156 8.19595283372924 12.044919259157 -8.9745925943422 -4.32327908313748 17.9498493130119 14.815593010089 9.39150593376839 15.0108774119128
Micronycteris_hirsuta -47.9700827961039 -18.9433621450639 0.28314032581573 33.2863631956872 15.6107059349199 33.187659648949 11.1580367426923 -61.7423124760721 24.4386395804997 44.4097016525563 -4.36543201175105 28.641358728363 -0.195872098713067 11.2008820454233 38.5247995244187 1.37071499431403 11.8675744537932 9.7661812557446 9.12736213931685 4.27050675399938 4.54045161514289 34.0344244810444 8.81748553326006
Micropteropus_pusillus -6.23337246477342 35.5274123092774 24.0064675147112 51.181073948084 -10.483523954287 14.8742906562808 47.2723329134808 0.436213503421635 23.1723055752092 22.780164151966 -16.9587518597424 26.2633349644424 -0.785585549258496 -15.3016307091335 12.3195601696309 0.200313738787247 7.5471245024888 -8.19033179969972 4.51400259707909 8.29725764260229 15.4523730129172 8.6564947359719 5.06099268896501
Microsyops_annectens 61.3897972748398 5.94133128803519 -14.6361603314855 -25.478556441224 27.2523834484258 3.75867753171307 8.48006181036694 14.0756725780214 -16.1882776660963 -4.66485543890812 -17.6999200293535 12.4180415083282 -9.85680316352001 -2.08719676385098 17.1323003675595 15.4023886554414 3.36281801230673 5.44182322479919 7.73986743295968 -5.28902017145275 4.96690861414549 16.8839212377845 -3.12707329397955
Microtus_yuldaschi 39.7765154300028 -16.5976462349652 -10.301269641407 -38.1568860457668 -35.4316320556351 -11.2945036625424 19.997215626428 15.8232989409479 -25.9323445413531 6.78799207298989 -0.853974320688024 1.20898730876301 16.447367478409 -7.06842305673947 23.4796800762243 -20.8169583179338 23.5516476374791 12.4920403432977 8.4991288744038 -6.21460510753639 20.860282796755 -4.2367531269857 5.30333380233874
Miniopterus_schreibersii -47.7201069824022 25.230539438677 -53.0033706846157 -32.8855346141262 39.5323719306579 9.04858087096793 2.77644658985326 -58.009119278753 21.2607409255584 41.7702852648425 -20.7837600938714 18.9795769572491 39.275073858131 13.8202165495594 31.5303006219634 0.290699859147066 30.0516503849906 15.0532479587584 -10.5908304406324 -19.6406766159561 7.34125720589259 11.3250702025789 21.7867629357633
Mirza_coquereli -64.776597519605 -65.4490904995426 68.7407357887578 57.8975026754501 -5.26888569235785 27.285958749148 33.253677613938 5.23943212111289 -19.1554080825505 16.6829671240799 9.49006643029537 10.9822804386428 -4.03705741973072 -5.24490375102444 2.60557347903903 0.436630420214444 0.066677585000102 -6.01289799092672 17.0800904142862 -0.788731410581553 6.30429341985441 6.66895602105912 3.20443211624909
Mixtotherium_sp 41.060845616851 42.4716385225108 -41.6677505582881 -1.22161684909933 49.4510900250031 64.5404221864348 46.1099064080036 63.4551961434668 0.564515690929402 -32.8470424609787 -18.1293182173364 11.9548297770793 6.09331290455638 16.9387410322172 13.8354607943771 30.4650868109278 15.3065589263802 -17.4914960939002 20.6254648853528 2.10825280055907 0.663720857030548 -5.93458989222778 8.00668946740546
Molossus_molossus -56.7035889329688 69.3550485585929 -45.1681622367896 -6.81037797118007 -20.507327957611 16.7832984584912 22.0358802058587 -36.9440107140838 11.2212208473088 45.0497190681247 -8.65780997893282 8.06436711607273 19.4108430038322 14.3082610770129 39.4589283901697 -4.98944029358829 10.5739930809361 -0.32024408027506 10.1959942346733 7.08165043656009 11.5924234066397 19.0083681353361 12.8887592870142
Monodelphis_domestica 88.4202577499132 18.1455652528745 20.9486903831028 1.68564086476272 -18.9402854030836 -18.6123452559237 50.1198528782759 -1.44185336809435 7.66952338493536 19.2215738828475 -12.3279032078519 10.3259417324356 1.07949806194044 -2.40750135472456 20.877971677667 -2.86703612119256 -6.0463613282066 2.59264848796395 3.89676239682283 -1.60634545967868 -3.64518914453062 -2.49278074711293 8.72782542157339
Monodon_monoceros -180.866368007688 61.6694154039389 -23.2888943673987 26.9331417641352 54.5611701815114 -58.3769020304144 -12.9440155609015 22.5189266942252 -64.1535065727467 -26.2153217155335 36.3915245424792 -12.5009616521894 71.5438686547791 -29.1907421698448 -15.5795403079323 8.31147803847496 -36.9639541932461 -6.01834491741663 6.44991385151572 -15.3354882618588 11.6665287600874 30.0515285753537 -11.5077956188777
Mops_thersites -59.4097787133036 38.8086497852618 -13.1629219420295 -18.6855599905823 -18.9725257415129 30.1218956984592 44.5833991927262 7.56303252090617 4.79645470006921 27.6272658854899 0.582686292137253 10.0510432329653 20.0394166362917 3.32225305656018 32.6557558228249 -7.23680404209689 19.2822952528313 18.0417150408369 16.6771484338557 -3.15205217713976 4.51460176611247 9.78399262651102 13.8812281622798
Mormoops_megalophylla -113.419672347648 91.9811604561227 -76.7135089940379 -37.952676312911 32.9027207192691 -22.8873213839423 14.4448018153125 -57.5364265546753 54.1345316441855 26.4174594669611 28.6464945065593 38.7070304000818 48.9133961327824 28.2318285997838 33.2961302606825 -19.189378838631 19.2520838384086 11.0711847309899 -17.6492038470162 18.5708871890224 17.916960828926 19.5214466584319 15.6948093231725
Mouillacitherium_elegans 34.297605409362 10.6220425420027 30.4752815963913 38.8120117630282 0.191309901720834 25.633245151814 11.1070906256398 -16.939565474881 47.8191946790934 21.574482605717 -24.1450259648075 25.4121695533885 -0.867889705517265 -15.3614660254505 17.8623901291821 3.09956655289172 0.36326409793409 6.34246987391771 16.6603859894411 2.30427902651913 10.5620997800375 7.85972531086773 -1.38242781231927
Murina_cyclotis -96.4968005432895 -20.1094726640867 -51.6501854637949 -13.7809222726728 16.4170836609673 18.8826315032894 6.06281467587827 -42.3347976784943 41.6655777009983 37.9388866474497 13.0555705481407 29.2554064496868 2.40519859273214 20.6101142114252 10.8382414197954 -7.70766605875332 25.0645804231301 3.883155027221 1.81569913063276 -1.84260541072303 -1.0944888966529 11.508476618428 19.8413483049466
Mus_musculus 10.2600903695086 -9.56941152255231 30.8334575084426 -36.5128412046792 -18.5985924492073 8.41028342040767 22.0323142425009 -8.42651548541845 -4.56465314135919 15.0332770123311 -2.81834732091794 12.9493927118175 18.2165692978048 -8.01998582103003 20.0670232274099 -0.0240696203825496 11.1444858596847 -5.52442609765134 3.15237656025903 15.1552530966109 16.5712119238189 -0.165728590219134 7.26410677698169
Muscardinus_avellanarius -38.9564988862467 -49.7976642562023 21.9868261139593 -1.98051018551203 -14.4829509048056 1.14774102762896 31.2416878850244 7.84148511998396 3.99574485236093 12.0808682946793 -1.84300352440581 14.3278032910101 5.23433931227111 -14.6951648002853 28.5500451075846 -6.53812192295763 -2.26332837413145 -1.04560489664342 9.63622755850378 8.42609439454559 20.7273274269967 10.747843888392 7.35570230514626
Mustela_nivalis 11.9581303878448 -8.79850407325175 86.6753909933463 27.7312409503227 -20.1571287000851 3.5792353351534 -26.0489343418688 0.470407822126975 -27.5273453205639 -0.211775996393126 4.97955153694582 26.0349926889192 -3.27466800176632 8.38603711212162 20.4874230342764 -28.1824026927941 12.4915987454365 -9.04660008992834 5.23163895824784 10.6871252660648 27.7723310992501 -5.4063936279677 17.597032439689
Mylodon_sp -63.0251468864985 -40.7716384605501 -94.7391901984996 37.5647230580662 79.4609494758847 29.4159047644255 34.9936632053259 -27.1785938476802 -6.35108421160823 -19.2390086672848 -4.0500966006461 38.899430309241 -20.4848003719469 29.1152596581739 -12.6464422495138 24.1934747739597 29.6465210697452 -5.77120085972716 -5.27386224887985 2.93735156220455 1.01361414893173 20.8921935247136 24.4679537965487
Myocastor_coypus 66.2641388371965 -22.1626037007581 36.7988991334474 42.568778109136 -42.7587571293259 24.9929160636058 26.8890345030622 26.2923692660487 -10.1405924121524 -2.14907568119913 -14.5533223548621 7.39653605484748 18.8397217989562 -12.8952314536694 22.3870772484881 0.767213779258198 19.5248745209479 -7.2617838850523 1.15858348090664 -5.47120289644799 12.0630910031008 9.13914555551607 2.328978944275
Myosciurus_pumilio -59.5904878134519 -58.761614145834 -3.04933140743375 11.1643231124379 -0.441619213699826 30.8868968512413 13.2580662208296 -0.366997453889006 11.7751927260608 13.8473594961843 -7.40272348292892 22.9018941859376 -7.36078076187135 1.55198240960537 -0.27969164037714 2.7408474153048 -1.93720892148507 17.566322410165 -0.271290329007658 -2.93200304625198 11.5305849960221 -7.44480639160698 16.4777449088519
Myospalax_myospalax -12.2267116894534 -24.6978448147867 -62.4407825260267 -1.07041892720313 -10.2477341015012 -43.0839070746801 42.6664413031068 -5.21092296918224 0.303957625028421 34.3351234824652 -17.2966555564602 -9.47934749240283 7.47238741119189 -21.4068376387696 33.1239453953834 -3.08188256702241 23.4852970107053 16.5605502648457 -9.59214885048613 4.40745368336519 15.0275167605438 1.98626757288071 4.14082827847596
Myotis_adversus -67.0509724781412 -2.00692470550549 -60.136916016864 -24.266232603895 48.4555178767146 17.591395893517 5.56843988917684 -33.981082601735 23.9024043626271 45.9572695363974 -17.6759542663338 19.8629793765757 32.4025532541996 25.2118319455653 41.6585723830257 -4.82174424010964 24.010447899584 6.62535585145079 -17.303260625586 2.29379781722458 5.45976310216896 11.9391573345257 23.1331762004093
Myrmecobius_fasciatus 2.67554762500107 -29.6395771719792 -12.0024793743054 -5.89422624637439 -8.67437853730005 8.05335581733539 0.810246836173386 -0.84201516666966 41.1752300442951 47.1694054121898 -19.1803337660023 13.7868464303745 -19.3530846823307 3.1362142327032 -6.79551917490684 -1.1034477954964 2.93783390005822 1.85261000172099 15.0285020464552 -4.99013684597414 7.34749900132616 3.55866253149118 4.63335863506163
Myrmecophaga_tridactyla 97.4827796507967 -10.9859667135305 31.3845305166012 0.374385155400139 18.4524780518912 6.80379464114653 -21.1783383924583 -5.19269847782088 -5.65524870970035 -13.2047430512155 -27.4102455630452 12.6760769921755 -9.23498577117505 1.94176886911366 17.5456584706749 -16.9762893323518 33.083004179171 11.4350486303657 -12.9576751182221 8.444932574484 15.190049336126 2.59245973028509 18.632192682367
Mysateles_prehensilis 67.2247370020059 -36.4965000932366 18.7627875371064 55.1072315063987 -27.4405886089522 33.0007299141824 13.49550074498 7.206039438221 -16.0775385860122 8.99902710830552 -5.35007513441273 23.2102850185436 15.4516037362347 0.788460261821334 21.3379179777648 6.16955522909701 8.36382554462504 -3.90540141127104 14.4870091033184 -4.90491461107885 13.4570979997289 7.0203122148763 18.1277166470688
Mystacina_tuberculata -97.9948236674237 30.3306799943828 -51.9139164465807 -17.8759676128407 -7.77228824315526 24.0017704583372 14.8701023881895 -31.3197776649897 21.6611483852437 24.6907839963231 -4.92128066133464 16.4465838804379 13.0624547018121 20.4627571623773 28.6228246410672 -1.12726625552311 32.7632693446528 5.81156026821498 -1.26100847799824 1.47676400577005 2.63128882018151 22.3938750234928 18.4514737035054
Myzopoda_aurita -56.7967823957339 62.235163878903 -44.2810257422787 -34.0485394064133 42.741139386581 20.5027922587707 33.7799498962979 -33.0126088099093 11.5925206099891 31.7753477432329 -10.711993339637 14.7907533756131 49.0760118692092 1.0356647635674 42.979674199221 -5.60131151475124 32.858800881819 9.08731156998255 -6.43300372029546 -6.19173359357405 3.77874976521425 15.0835940251875 12.1233549727131
Nandinia_binotata 18.1970477425833 -51.3388505324062 78.7959536246655 34.5507268306107 48.2519399629757 27.7878674672774 4.80508526814348 -11.1310887694657 -9.23652072141837 5.03216643416945 -0.418646641914199 18.6014033951059 -14.8030551950572 -13.6786758621299 9.33646595418954 0.516670722611496 -5.45540906873305 -21.4447802048752 16.2859019593786 -0.742004247938406 20.3283214318842 10.8799697159148 -0.0891598253965761
Nannospalax_leucodon 3.06641536179472 -14.0654709181503 -21.0849278024171 -13.3125932182074 25.4611238041795 -50.5349589341612 2.92990241916967 24.3099974823757 -4.68519639388275 15.8429452510111 -24.043170877706 10.3528482053078 9.84412737972025 -18.9194130069293 40.419466172119 -8.24852431531644 9.99667503180905 23.6482410327827 -4.4079683640041 4.10823516976969 22.3706229010367 -3.94068955916135 22.0770736064043
Nasalis_larvatus -98.8052281104297 -60.0882183755543 106.133202092478 116.394157426541 2.42831620270638 3.74520429781607 -1.14686089120081 7.64369122412903 -80.804098758419 0.381182789961387 2.39366920935163 -27.6829251549389 24.07457159244 -9.65481440073467 -6.81204269975173 0.112221999789678 -14.5753381918863 1.78380019580522 27.9303517392622 4.46076914903157 19.471036468777 11.1929700527284 5.46993566148529
Nasua_nasua -53.8000307018694 -63.6024906022089 101.531777930372 79.0195667475972 48.047766110202 18.6587850145074 -5.01732934530443 1.20357997775275 -12.2533921428629 -14.3703168009787 -2.29142948338294 19.3994455195074 4.44722673673763 -17.3704708885127 0.630864027471027 17.555848668343 -4.29161709867108 -2.85399049978378 13.2583304054041 6.13095189272855 18.3584256255792 9.5050482931938 1.76428094390132
Neacomys_spinosus -28.3304777094861 -20.3139694585655 -0.792319038530414 -25.4114555142615 -20.2164025953239 18.4737631670345 22.0543581346976 -11.9918469421065 -3.4513435771673 17.2299671421044 0.648720434899844 -2.12816149354504 6.9523791026509 -14.6519993860521 35.497186974671 3.8403972655592 6.21920567427127 -3.36878414030296 -3.40696062851661 12.8133312013029 19.8162317502184 9.45354001218308 21.9814603671312
Necrolemur_antiquus -53.2114794613919 -76.3169507744579 36.1658906399593 70.3270597800827 -43.412876248568 43.3860871212592 44.5601320377863 21.9820389057272 -15.8946815751972 31.76245309853 6.40424757005502 -3.411274828867 17.1020639809921 -12.1939460333236 2.39460444642691 -16.283589308806 -6.33533237404848 0.0791988293409177 9.66521223026851 -7.6816525655324 5.55808484234447 6.08031851474751 -20.9315919772986
Neofiber_alleni 16.7748628303841 8.30972844759656 23.1369534147897 -7.67132437396108 -10.3221994169682 4.27153005605391 19.1324092135886 -2.11065206779983 -1.09797905444964 28.5190532479254 -3.95057212460471 6.72818204365254 11.5745274933867 -24.0624768720611 27.0975870552984 -1.48565451256891 1.10531647803687 0.839093181828099 -3.86227550799993 15.0321517404994 19.2264092991343 3.74248226007028 8.58122165394943
Neohelos_stirtoni 68.0361175550827 30.4974874908371 19.7240853276042 37.2118009067456 -6.86519144460215 -1.14014916660628 46.2931127553485 -15.2034067643003 -15.9918231106384 -5.44132385205831 -27.5371507760989 39.7585660721609 -2.2677696911612 -0.245742346688114 -4.49451598034442 5.99977441344629 5.62526663119751 -11.7029871928895 -5.190514663986 -6.32548169159032 14.2196002053828 14.7549773382502 -5.60028361227794
Neomonachus_tropicalis -114.541974210789 101.565009087677 94.319271475549 60.2969602429658 29.0677080582998 -46.5971801374091 6.68217851323204 -2.60645745210295 -79.7950203216628 -43.9017489406365 26.4561588139289 -5.36528421099999 14.3383160697644 0.23559926973919 -10.6262456604466 -12.4241745902874 -29.5232848947584 -21.7561341723594 3.20283843356482 3.33438727245413 28.2342617664449 9.29111406042521 12.4335635337877
Neomys_fodiens -107.50082564832 43.0825368231392 -12.3658567922899 -34.027610595656 -50.1552725046614 -10.4251170959318 41.8497886211905 8.81329005776291 12.2128592407005 -5.51161140765535 -9.28852886398783 -20.3874783786979 15.7048851368403 15.2298006179716 28.491298110072 -6.86412259890501 12.1819907362064 -1.27093329744433 -12.9657835281034 7.69776969991022 -11.7509638389354 7.30454874877689 12.100247750617
Neotoma_lepida -19.9578270107759 -38.7621406795702 17.7774101572744 9.91652682305251 -17.0744669724579 7.89487608856019 17.2476949716768 12.9984434876738 3.97836608061987 31.1130265885573 5.89755658146315 10.5323184839827 10.09998239304 -18.1570938121624 28.2275588544487 -2.45754608516447 0.253637788841203 -4.72218153086587 -3.21327812252335 6.41498058150037 9.96205051962166 1.65807839579065 4.78299032866115
Nesodon_imbricatus 122.357224481229 -80.3932758316798 -112.054215285398 96.1602571570551 27.7954180854324 -30.1179511695965 49.902857515006 -0.485665314796483 23.5376697773045 -12.4232242407315 9.88190265375302 -3.43187926045545 7.47252230124635 -27.4243381744363 -5.36296302321871 10.6518695397841 29.6511818904475 -11.3521021507078 2.49800200967778 -10.1454247078374 34.4083195452254 5.30805327258057 14.8068546539143
Nimbacinus_dicksoni 117.702013354484 0.708908152172365 41.2784117176063 15.5328726586383 -17.3973963018502 -5.20591686941696 42.4055579375431 6.60512190797003 17.1293225027436 9.53617863443277 -6.63186819492682 4.80182524472029 -4.77671642678048 -1.15709481370342 10.4627385996954 7.52798803210465 14.2635609240395 1.48535996037548 3.22779568752027 -6.37813681546971 12.1991250363644 4.47620689722809 4.5405660927873
Nimbadon_lavarackorum 35.2630239937687 -28.637119591356 78.5225278439743 39.8813911327 21.6766647752328 48.0720118619456 17.8829003952507 -14.6555020068211 2.04914336779609 -5.42766579289438 6.84948919925124 31.8621771228696 4.21361755954403 -1.42588914049489 17.6361341237267 20.507019646825 0.578221536906682 -11.6872576754469 19.106065875866 -7.46782162753203 3.45818256619973 15.4643147576455 1.98026408797586
Niviventer_rapit -6.07351491901861 -28.7339649195126 19.2954991210014 -6.91781187070404 -21.5769763637238 16.5487810306729 19.7489272912273 -2.71827708214135 0.837907535206221 6.95799247341969 -2.14290407531081 1.59734621390548 -1.85309878267109 -16.8324269151866 35.4903494189194 3.57300859777961 6.54691139148914 -5.3458362650872 8.673856796319 8.15208347221959 20.1725295857342 9.10936115678342 17.0563660948796
Noctilio_albiventris -96.4317418241913 102.738931845041 -30.1057558163653 13.1799460945678 -2.25957694518925 17.6604876680173 26.074127819438 -25.1264816117514 27.9277093171195 43.6265281676988 1.43541420634261 21.3139397072023 29.9037842950592 15.4359761724577 19.1419515897919 -9.62056058509882 35.6709517412398 -4.84458184311119 2.07693205900747 0.103524123005236 3.39822053146344 27.9068103665321 5.10443264439726
Notharctus_tenebrosus 14.3947546309074 41.6745450109628 0.176057022566708 36.6839051192824 -8.97250101290629 53.0790669593017 13.3416021475974 20.9101141897662 -13.0006170884243 26.5200843346053 -27.3422784021534 -8.13776155649017 3.00271335983963 -25.1280237103436 6.85168214771171 -13.2203649156459 2.17148387162673 7.87536486927105 1.54498485198101 -0.250262759381647 4.86919919166039 11.7191509395738 -4.61582987959677
Nothrotheriops_shastensis -70.4601838196715 -47.9372712462509 -27.1460884881561 61.08343842745 -22.3374111629324 39.6805757853512 52.4468270771966 -9.4092053970405 -23.2086473169692 9.04782619930433 -9.34837794278298 18.5502067645189 -11.2423834133411 4.63312234879479 -8.40939432053072 21.3590893617337 15.1720134651342 5.8402726849489 -7.68517831031222 -13.9740788546791 4.7377412767386 41.5848096209048 17.9580774009629
Notoryctes_typhlops -117.238577385727 45.529688510512 21.3514941562361 19.9247871581669 -75.1521092498198 -37.7535193970186 33.9304061488146 -43.9679938981223 49.1410033188388 11.4460425934769 -4.69987589231016 -19.1249276557844 17.7911780136745 -6.47907384751452 21.0352565219114 5.99080985631419 -1.50138374912698 27.2734463499883 -23.7752487914586 17.2607718304126 -1.00916835312599 13.4950779161777 11.6133372477868
Nycteris_thebaica -42.8387511815237 -62.1417395269499 -59.5815393519073 37.0787539031847 75.9320739614539 54.3101626046431 18.3930512833439 -29.9500007382761 5.04298895535923 55.0877414723624 15.1736522142152 -3.57279093636191 26.3671838362438 -1.27149365440589 43.774850255258 12.2163499737025 33.3337209194586 10.8836574503533 -8.95479710573711 13.9201565133312 -1.01044067588708 35.9752185630397 0.0913832978592744
Nycticeius_humeralis -45.3897710318759 87.9151665553634 -70.4840396473316 -37.2592009772567 -0.567411045729061 12.5673819166551 27.5865897637838 -3.26156339158252 44.1210879567916 42.8372186807024 -28.1917027775194 4.80912741771828 44.9062170046603 12.9443330884745 19.3383339800476 -6.50714301769345 31.9287348879122 3.97578687981271 1.9337557077362 -3.68153555470871 8.20547592006423 17.6360978813183 10.0109897268091
Nyctiellus_lepidus -23.170077417071 -27.3188553414011 -65.3542145646459 -42.1927038255197 0.324779801791642 26.5282989502662 51.1464320559287 -38.1509300322313 6.4290152239648 53.4035397841984 3.40690286006588 -0.25751194026105 38.6573601837681 16.5509479029362 34.9016350721051 0.88063865919354 26.2786519783053 15.6914354469419 -8.05064585260596 -4.65451008164396 -2.72693113186412 15.6798762371337 11.8021788835448
Nyctimene_rabori 15.1094391942262 -44.5581163969432 19.9099300901389 7.80125862879036 29.0560224233324 11.4094929488179 15.3599119936142 4.72729449108691 36.2213947825961 -0.215402797380448 -20.6283086953671 41.3493706595983 -10.2675402356704 -9.22213550393929 1.82743129495756 -7.25435833469678 -6.77144262980284 -15.4239411334401 13.2521452061723 14.7964327561549 25.5526353156752 9.20156307008314 0.43964409245608
Obdurodon_dicksoni -33.6381071063674 7.18358328650071 90.4033539090974 49.8774004393332 4.76457319469366 -14.8191336985961 -12.0685941480535 16.2053480760446 -25.3871422441573 6.3911215212962 17.5905364355155 13.1652839603022 -5.45087612861762 -12.6348781796842 -13.403764245645 1.24263377707413 -19.7025301075354 -11.5890629642003 24.2752547260056 -3.66508376199995 0.925861699878764 -10.3494934673407 6.42967113101283
Ochotona_alpina 85.0385828838274 -49.3755367093954 6.90126946155237 5.5202776057913 5.00724909482057 41.7014210868543 22.8412331365414 25.1150823229778 -25.1063872481426 23.223509004959 -11.7460762856295 6.72675602907985 30.9707809067134 3.43918987618292 17.0697850622758 -1.11971750517895 8.61800119703341 5.69474083031031 2.98937821907298 12.6609341913198 19.3344292334804 -5.96364135336413 7.88745353779239
Ochrotomys_nuttalli -28.7641138015478 -11.1639734066747 30.5050292730265 -3.21642188065543 -39.0557877092201 -5.18815649114851 17.0910604093151 -12.8971687667993 4.93407509177394 17.5176527141882 -0.516645932744065 11.9890559592054 9.34302731463111 -14.9785145005435 34.2250577155602 1.10432810855801 2.35155781343302 2.10585218373631 2.02424897471798 10.5559736535437 18.4140601936466 6.39359382005486 20.3482503794546
Octodon_degus 72.2491676830158 -57.226073043801 -15.3247591415801 52.8843202072684 -29.7516605626222 33.0144774631292 38.9544960278194 16.7084491936046 -7.13105119352291 32.5649352238038 7.17730598393691 4.55177724091037 9.41855544658959 -9.67535072150197 21.1967516659356 9.5892973850844 7.78321461363301 11.0009103670713 -1.53678089550158 4.8265290348896 17.1414539323998 4.19992668490519 1.89168407699432
Odobenus_rosmarus -149.942304629131 125.364920318705 36.4266753200534 92.8031039640871 56.6375609963717 -13.6213635608887 -0.921130185430264 -34.6054880394147 -30.1266653406943 -0.0671741845869018 40.3229046900044 1.71088748535117 34.210219232098 0.211965387271006 8.77335939814221 -10.5891708022447 -21.9065692936671 1.41788541284779 -4.40429472214304 6.63692967507544 19.1428147197767 18.0752933075964 32.0744309681237
Odocoileus_hemionus -2.27203635512457 -112.939585124141 20.0997067852489 107.714651463708 3.40523187419885 35.856610190551 -9.30745187304844 17.3349781736028 -29.5501549752175 -9.69321862060132 1.3216798850144 10.2464172234915 -19.094167269296 0.301318736237098 -10.3461770869981 -2.77648483354239 22.7336981864278 -18.1285775066144 -10.9133123314739 -7.35158204018795 7.66789162714347 7.7281015799675 7.52756453888435
Okapia_johnstoni 0.843202125028563 -5.34486254513042 4.02026123863338 99.7464659977618 -0.64337271697829 8.43060933619179 -27.349656176267 -16.5541129644693 -24.5351203466045 -24.8803406040008 13.0428430022944 20.1996567528132 4.17772721199408 -53.0931742525951 11.2277440663268 -4.98180727710139 21.0291905634068 -17.9256782174289 -9.92284175888996 5.12888272206189 1.82358622976226 24.6048174175534 12.7155306176762
Oligoryzomys_flavescens -59.8438516630045 -2.90794727155855 20.8333614349184 -2.48524064163221 -5.18419310599558 15.1573566292672 22.1692637002809 0.347448794470185 11.644177559619 29.3882875350026 -0.194613105930674 10.2551974005637 5.17475062037852 -6.12081843790255 22.4049976873454 -1.72846228173564 4.78180444530026 -10.4688401726533 0.910071495856848 4.93864059537607 8.43207102313352 -1.38104967149149 11.9783643490615
Orcaella_heinsohni -128.803277662922 99.2565406950458 1.10940084836231 83.5094730926529 42.8611229981971 -30.1166672934555 -25.2428215520448 -10.1717511031191 -67.8828871300629 0.68231233318975 24.9898493694206 -14.2992005952905 42.2225481438814 -27.8344716651636 -11.9981689819059 14.2531662285566 -20.5741819318181 -8.76745609129821 5.47190786718809 -8.03921282756758 20.6382950170986 5.39572548974795 -6.01223089455296
Ornithorhynchus_anatinus -45.8886230664562 2.03520169848478 64.911777364847 35.410672760279 -17.3970410204551 -25.6298936254391 -32.2350841699658 19.12701195506 -39.041452053153 -1.06405173953909 3.9747450528143 15.1926408589779 19.2460864939144 -12.555894728668 -3.50464710819615 1.37775001664436 -6.22468493527599 -6.2016358035386 15.0396065963128 4.46912796516311 -3.60182276013795 -12.3618538465986 -0.546953102870211
Orycteropus_afer 77.7869557304198 -46.3247708234864 14.2454450523506 23.4012382705608 15.5737321262528 36.8799398566811 8.84465174061245 -4.56448260672908 7.23572112684024 2.55932977331527 -41.3939996600132 13.1227853534144 1.83371635882253 11.6199049416958 19.7280380872559 16.6139879657538 3.24577693207621 0.944887303989397 13.3646052712993 10.16806867629 4.54994921306944 10.5889825658761 7.37422208555376
Oryctolagus_cuniculus 20.7536638938783 -38.7974609198301 38.0798353112825 76.3812838155202 7.83544521832831 48.1293602030556 14.7899959935486 5.9477622149906 -0.145854389002746 41.0346529320422 -40.0286723803575 20.0927877863092 41.6548517124621 -6.27705185512706 -13.1628023587845 6.47169214748867 20.7005222070146 5.07743823448587 10.0765081259174 1.37883579830279 7.27288713198112 -6.45079798242863 -9.20566874829755
Otolemur_garnettii -61.9723965550205 -100.306415226855 64.1336626141708 91.1978703101813 -19.5587380574746 22.4622427834688 8.30927516232825 -10.1433848681861 -26.9675398480476 15.1421471629016 0.822992826303204 -3.84868880583502 -0.826337728284977 -8.65280239928971 -3.27615862784193 -5.04893536932047 -11.9828348634234 -1.79881027840506 16.1963471614604 4.17745310062804 11.2867492196909 14.6377684862164 -2.42060892972986
Otospermophilus_variegatus 42.8495771409099 -29.0503017439476 38.5154910603878 28.3053176994162 -18.9734233294009 15.3495684119243 16.2606654570549 10.0016131832229 -6.47595997744404 22.4553458064562 -21.2958992405616 14.2818242877988 4.53183766909775 -16.9710674336262 2.139833525724 -1.51384357768008 7.95799893624642 -2.19038962687457 4.8397194500685 -2.72393468845511 21.7324131341672 1.37781292393883 2.16486140729852
Oxydactylus_sp 54.7148089517319 -72.4829353687979 1.64688976770941 83.188642001178 60.7066112051853 45.5507024870102 -13.5580859312452 16.1614456622097 -15.8641385640843 2.57491026097094 2.83505748382436 5.66483808952513 1.12511665514745 -23.6143858199763 11.658761968045 15.1960112710996 21.3543296627372 -0.488429717853292 -4.17935369841035 11.9840986750794 2.63160858949442 6.41927382011518 1.35965738794785
Palaeolama_sp -17.9141656283741 43.1868603364041 42.6242598010877 95.6123118916155 -37.4202635753697 12.116413508938 17.4058635255696 -25.6454328372096 0.263668653532856 -14.403546331308 -12.2469568567799 9.00875762514972 -33.390169794769 -3.60644962347924 13.175875124221 23.0643306045567 30.3348329496134 3.4966841775102 10.8862158719092 9.99257119989921 12.8082996023881 28.1815436363071 5.62662689445687
Palaeosyops_sp 101.118733706532 -5.64216017466009 -87.9225430792178 97.8394032236351 11.1843110354667 21.1446726588759 93.1841418698745 -3.34226835519506 -8.70744530871547 -37.9270804300789 4.18662180959027 28.358236289312 26.1600203147851 -10.3075998111507 22.9866934543953 1.12243790469577 6.54547994086333 14.0281076367691 9.42830970674167 -4.05543058294954 0.447511205980881 16.1944039119233 -12.9008379885336
Pan_troglodytes -151.046901995908 -10.325255639528 85.1406504871798 176.424099252937 64.6302410218693 31.7870007489621 22.4311520547409 -5.52321462693965 -60.2042001011844 10.1600730086753 -0.632432497357323 -27.8799795523049 27.9842854717814 15.4452029459356 -24.0426625233619 18.5937097032771 -25.6692743275016 27.1031321019035 26.1075812331612 2.05169815620904 21.719115611941 3.28874256611319 14.2959320898806
Panthera_pardus -13.0763601074716 -8.724424433622 74.60641443179 83.8304346801188 32.9668524423589 22.9846416211195 8.41312605359931 -9.19778642921398 -9.24147272536939 -2.58924339422511 -8.11639320858089 28.3871992724551 6.52778069196817 -29.5797577446924 -3.66555639507924 21.6909274505125 -7.7137192853516 -21.9935576107568 4.08527239328293 0.421646903869735 15.8824752607818 11.242031443729 -0.855586605578249
Papio_hamadryas -102.034598621031 -12.1707017040916 140.346091485294 177.120756051431 -12.0022681630851 0.037505889858087 -8.79436197121063 -5.91902505307257 -66.1152290151954 -15.9589400572709 -2.93683906562754 -40.7414906868854 33.6437539669326 21.381132319712 -44.2212000796931 -15.2653850509741 -23.9106708742351 29.0745848325314 22.7006821805148 5.36441633261698 17.8108467476409 7.16090930056483 -0.204426485739922
Paracynarctus_sinclairi 26.8045712338475 -28.7266657424415 69.4098378723099 45.0012282717136 44.2458941343515 29.994250357164 -4.3462922035328 5.41868745260369 -1.36976678045269 14.309412720429 -10.3984716111728 22.868238411423 5.70955350507747 -21.04189205654 2.38991759310092 0.257961916074361 -2.19584821627116 -10.2500816038873 -5.18004578511599 -0.300931656749616 22.734156525797 8.01002631211551 5.05633754343238
Paramylodon_harlani -51.9687905730292 31.6487490460379 -15.8290790965522 24.4990023284111 54.0829875460259 24.6830928061112 52.4025029398142 -20.3014388447006 -33.7942696914195 -10.6441066853517 -17.5206922091366 27.9323333887067 1.60213221774528 -0.308170845338513 -6.92669575531004 9.92919699709178 25.50805814764 -28.9448069264592 -6.68585204451417 1.66091797217672 1.52435724769391 26.8654878792628 11.3230214679468
Paramys_delicatus 100.279942870762 -4.1893281243102 -3.39034730142833 -41.9415306336474 50.5288578679189 -4.5847628692954 -3.08314256915676 18.3598425774255 -16.724289657909 2.38515669989296 -13.712038886206 -3.03873714018299 -2.75375274717802 5.39947720113291 20.797223658556 1.30444803247782 2.80208473752016 16.5289076489442 0.375250348895368 -4.9574576245786 14.4836701938035 14.9802654666462 23.4563454412976
Parapithecus_grangeri -65.5583979749674 -67.7704641813815 141.40817159687 109.400385260995 -49.549994092615 18.4451512367595 22.6874714103237 22.2899358024523 -36.1165472649687 -0.000425601368483555 -0.847481008123334 -32.1486212296956 18.6367534391809 0.889537958896632 0.228692003045762 0.741300663720108 4.10949655559961 5.90452926936046 10.1262963518196 5.63343763085421 14.8185340649942 12.9697177654531 -10.2251647960445
Patriomanis_americana 2.23189028665327 119.738306241112 -18.2755743133206 11.2203389036588 3.30546496741529 23.3750793598073 -5.39152486099181 -14.8451721601228 58.9595721568291 1.67316618742301 3.84222933379478 -5.67554451967888 -33.1584789446578 2.93109141920556 22.4431720600631 -2.32895692676398 20.1163667985932 15.456482447126 6.22655167366185 20.5943840178188 0.590980469771059 23.7155959291612 22.5249944494876
Pedetes_capensis -5.95462126027487 -72.8829946059891 -32.0502881606756 46.2913841329199 -5.18453496082131 18.257045805497 -6.07791707629477 12.4307844429809 24.7334279175831 17.182322417283 -22.4756248168523 23.6979696634385 35.6194127150356 -32.2211885725069 1.22009768236924 8.11056752960505 9.17601600539646 -3.314392368189 -6.30651751692858 -28.2435055010308 10.4547153355812 11.5631183185925 23.400509657257
Pekania_pennanti 0.684626987257248 -50.7229004728077 106.175432574375 65.8960384220756 6.20531555657268 9.04733296231261 -14.4319384278755 10.354711271676 -10.1919655321245 -4.00454938301937 0.866458369170717 18.3715252668208 -4.48269595942641 -26.7668180956727 -11.06831867077 -2.60683503503971 5.40172331996829 -4.24120593511189 10.3135518498684 3.85837375268853 24.3873407936923 5.01636773509154 19.7944870330542
Perameles_bougainville -34.6749847155862 -35.6538144818406 32.7060240898117 18.7055595338545 -69.6008686589334 -4.0092487955157 34.9299656471 -28.8966874525635 54.5276709966898 32.1155667490037 -23.1419832743231 0.86752536739241 -7.40048448433152 5.10696175548139 8.47412952085889 2.29643644775015 -4.06642165296088 19.7106798912727 2.12022461883713 11.8072260066491 8.39385145490681 2.63868118478661 0.347941151395922
Peromyscus_polionotus -31.1528627420427 4.98726831660932 44.7882403801765 -10.4931086378476 -46.9586916223928 -4.88985082934846 35.400265510298 -2.18041498174549 7.82466226934375 19.3438198442609 2.11427921971111 2.20141883629461 11.9851823279812 -14.4342887006646 29.498108515838 1.80646088395763 0.563577530227446 -0.439718637005081 6.21506124708031 7.70513276275329 19.0082497973306 -0.34431531355598 16.8716060884351
Petaurista_leucogenys 4.77619430430808 -59.5350515402768 30.0699358595549 56.4725934542227 -7.3773915244997 33.6374506340082 33.7531098360999 7.02475685808062 -27.3355595791828 27.4099050638426 -5.3011047479678 7.51262540733946 9.23473524235084 -21.2377535361378 8.08067366784418 4.20220416395319 -3.21317432501783 9.70872456179609 7.25684992339512 -0.506288192659974 15.4287067897442 4.7079388595639 16.7944658564074
Petauroides_volans 43.9342561300021 -6.62532482163612 -26.5943787509087 27.7762252724927 -1.32099063847484 14.1277513722107 13.5445711143211 -8.59609557241116 -2.27039238131635 28.4878527873568 -13.5055581031815 29.8429324454818 2.59065135247134 -1.60489258919948 14.2065602399823 5.63845795447798 -7.53569984282837 -6.11363293720029 11.8147480267676 3.10644087966863 8.82006858439415 2.21898425593862 14.3994525345235
Petaurus_australis -26.8178719678115 16.0442549471801 34.1453815215697 30.1870614585126 -21.9581777686565 5.3258055001973 6.23120646644165 -6.96739975169784 0.60148945975417 20.1587328502954 -20.0702424410233 21.6435631236151 -13.1934211037985 -2.54658660087807 -2.13229990409728 6.44410478567239 1.96384070266277 -2.80100243016675 10.7088516019952 -0.15402588554631 14.8441245340733 13.7335108271151 8.99916453404072
Petinomys_setosus -5.83686908520799 -74.305716451017 33.9281410147998 5.02949141874292 -19.607457137663 13.0094411774248 22.111672915035 13.4505107096199 -13.9737488244116 13.9730203733858 -1.55384390326988 7.57737372073617 10.6903245789889 -17.2639470620144 16.0371560726432 -2.92825049114403 -4.62721733084097 -2.84581329946875 21.1060437968051 3.62649412122541 24.7724041323821 9.97381649883815 13.7850765136328
Petromus_typicus 42.2307138201058 -25.3528071475906 -30.7207255795611 0.279831892373716 -39.9467116754228 43.1167677257958 36.3488191354429 11.9535981864338 -8.88674653248868 43.45627565039 0.683595345937494 -15.6285442789859 14.1219429921657 -10.611184207664 15.2105650138728 1.8724559267814 8.84707394791512 2.53882566384022 6.4995687927063 -14.2419401652476 6.41430552567464 4.0426394798585 1.67651720615843
Phacochoerus_africanus -84.6618078254463 -36.1286300707264 -60.7246525905618 91.09935294283 100.583449001023 18.8569192815934 8.67725440227261 -23.4130896196954 1.6780634012901 -27.0521296523286 -21.0884088273192 17.4617355992603 18.3950750946347 -18.6555161001213 14.2155175425822 6.50654477838869 24.5373150790638 20.361825846613 -20.9225108212312 -26.6245763608935 -12.0555393650959 9.85825562085166 1.67495390480116
Phalanger_orientalis 48.3359975477164 -14.9626982750847 58.2207630167109 30.7964631165581 -3.46177769859827 20.5937044506467 20.0425403090683 5.63945183549861 4.5374812308311 27.4874059659212 -11.4260587792629 16.2248617944942 -9.6196505636188 -1.96090886427262 4.73850547963183 8.11548875161506 0.552828348683356 -19.1899421397103 16.0598392083917 -9.19763522109217 10.7156016399706 13.9539482721955 7.52493059057922
Phascogale_tapoatafa 5.85172696562741 -54.0308032129734 8.73921729140297 -38.4134655672037 -25.624320731309 -11.9871235945431 -4.8691910574441 1.83619038587422 25.2680907219812 23.4443333787673 -2.27431241218105 14.1109889568963 -6.79339463860589 4.90949966138743 -4.97846686138925 -13.4026023747726 -2.38338229030654 3.852857690797 15.8217784367531 -2.21730406414701 -2.49909572591012 0.661136975388505 -4.01050913888595
Phascolarctos_cinereus 27.0898004724229 -29.6545406388099 31.5181310284596 62.4111676949582 12.7498140677116 40.6952554831676 43.3479326174787 14.6127811835074 -11.9907139327463 14.0548411119318 -25.3517451770628 36.7931587131154 6.71420975024162 4.55841364366613 6.86852501946258 -0.468116357062889 13.9209429877184 -5.57763073418745 -5.53134803802005 6.42871142532115 15.0029513172545 10.8311564783761 24.3236997605377
Phenacodus_primaevus 66.9641407561504 55.5250848586608 -54.5487794984144 -17.6603729041956 51.8096295815044 80.7646501807712 18.2746695218519 20.1851338282729 -17.7700801749078 -21.0414821845379 -18.834307363096 6.16704538102458 21.4991353083481 -11.9942878559044 -19.3756949734571 -2.97377451040204 6.04435476529793 15.924788405913 23.0176216755203 -10.8265586586261 14.017319147818 17.524315051567 8.79409885323161
Philander_opossum 54.0571935587384 -46.3093703502411 22.4736659458855 -47.7353486068932 4.67146716673113 2.05484223641827 43.7192676191205 -32.8427931910794 37.6527908995084 25.7323778432755 -9.72854327592747 8.55485070417229 -3.60560446360359 2.22189013200467 1.13624696915842 10.3803340357668 -11.1785193492698 -11.4697936845831 12.7668104740066 -1.76029578301838 9.33223046257394 12.8194849440878 -4.1173815153116
Phocoena_phocoena -160.406664805731 144.907493228526 9.28448927772604 57.1483942601931 145.48639521219 -27.4367299968048 -24.9104360476161 -6.2591337000668 -61.2362525924481 -47.191365072007 61.0692286400751 -34.4068400163092 58.0365634629399 12.8314065097756 -25.6465145896385 0.822084133378328 -33.1670910112897 -24.7996628861734 -10.003877880828 -23.6584277884881 24.3458907187993 18.879098711328 -21.2964713436871
Phyllostomus_hastatus -59.9775977775491 67.0594067885804 46.1609810753846 42.236906180719 27.8610037318536 36.7543793063191 20.4328900982832 -37.3734643803135 -0.919569154967203 16.5918611837729 -18.1625859170687 18.8142668216693 -7.08572347098631 23.0903474796817 39.9290705481027 -1.18458092114592 14.6073281107176 4.71401674153869 16.3594853207612 8.63996555584557 0.360193883687746 40.2379693886827 2.35886131681494
Pipistrellus_hesperus -16.0936840089344 79.7848988944915 -74.2376443528508 -24.5791903099095 -31.92302837427 12.0614595814457 43.8192215369428 -6.75222192466071 11.2766835054604 35.8510850545695 -13.6632640079877 -4.61296988749096 30.2640872712362 22.7757491473518 32.9479959550025 -1.65243325632892 19.5543640954847 -9.23488645087728 8.9437483805438 14.4088755081731 1.85828684797365 4.04147674780774 -2.72813582474083
Pithecia_pithecia -128.123806952318 -64.6005631278313 98.1344512021443 140.682991040624 29.6397470705608 10.4744246301873 4.34316401234154 36.3697949095846 -47.983312758069 -5.70896740032186 -2.19232227091998 -17.5651927932895 40.7428641263508 -14.5880978523822 -4.96335744652907 20.0912809468513 7.30894866849821 4.05458881125222 25.0710452765034 -6.49725312343151 21.2030532633258 21.439746300867 -2.96750067466752
Planigale_ingrami -13.9268177807287 32.4115829973797 -2.54216232284857 -68.0403814533528 -67.1525079684363 -7.21503955858029 36.9151039266538 16.8415089347828 3.94827755372206 -13.8222435748953 4.03961177139723 -16.8436099483387 -5.53599246948654 4.53688694942136 19.3145522449972 -6.21877889286078 9.59201585456796 11.3284904940736 24.5028992690085 -2.67131269603178 8.88805676256591 5.05438212299643 2.17303765226687
Platacanthomys_lasiurus -19.3656461491383 -12.1996861649597 -3.06678953187685 -8.9371363777264 -6.02755776475941 28.2559584978517 18.2641192678408 7.66208811464004 0.260299995972597 19.4864088062182 -4.33997795786723 -4.64389380183323 -7.30708377728757 -10.1396172360833 35.4795925239174 6.43425331596014 3.76421028755369 0.315647320688314 -2.05360814656107 8.6526179077673 14.1029977958606 18.250581580017 20.153771179766
Platygonus_compressus -53.4882677530542 -66.2130953234407 -51.0128494544734 100.080820242915 81.0596470607671 15.6806813532896 -32.9277835092052 -1.39271904980229 -14.544811331533 -36.622815245454 -11.3493009941709 14.0117946816339 -19.0881456547233 -7.94257783444136 4.59406802894114 10.9470489673525 19.1799118634592 7.84510812369119 4.77104145079342 -13.5362916017933 0.820348843777212 5.8230315741674 3.91678494832302
Plionictis_sp 46.8720672150761 -19.7752511222717 65.0783944409146 46.1537911729933 22.4547757726823 26.8679701050899 -13.7979290008118 9.56512463240742 0.847744878363295 9.31832750646596 7.09660437357635 29.9736526756776 -11.7765360690952 -11.1816641186744 4.66660333549246 -11.377722921514 -1.31087090278425 -17.0030300931545 20.6746399835447 -3.15930272979494 22.9405151015135 -0.691396217611036 12.0053242115933
Pongo_abelii -217.754775844261 -15.5438753920011 45.3941763641547 178.006881969438 90.4903854346471 20.4323593775342 0.229270945155727 0.495749136265078 -44.1051421064129 1.31327051105189 18.8226838987953 -39.2113876881125 54.082877065365 17.0412961685304 -17.2796576604945 18.9517100796301 -19.4231586312488 18.0342722907244 34.8722726934316 -4.8128354642869 27.1893411867975 31.4862163852905 6.27078330786922
Pontoporia_blainvillei -148.47985908113 97.9995781623023 51.1017240291736 86.1107460072788 74.6707950907749 -42.0513950463484 -14.8175543565538 -33.7247486818499 -85.5130214829528 -34.9267990937794 45.192671473339 -11.0372201054308 47.8438499206552 -2.98135449370647 -3.8151399621775 1.64820910004701 -20.0537273847157 2.99739813326303 19.760961703777 -17.2961674505706 15.4060285030495 4.75774908113839 -3.20095792011058
Potamogale_velox 3.08478569151208 46.4446626964585 -6.97603496755646 13.3267662172943 -2.94226940021673 -7.82999921903111 55.4438068991308 -3.81190696910187 -9.44480332552875 24.2736812597169 -5.54863737390228 14.1972760434873 -8.71113167488199 -5.79128706238614 31.2138586190776 -6.47803818808442 16.8138748274313 -21.7753855080879 1.76100566104935 -13.3800695478361 10.851249862277 13.5267380355669 8.4520103462219
Potorous_tridactylus -28.8575987218415 -51.4445728870903 41.3152640865505 26.4270479395811 -10.5806932426361 7.81270459152562 9.43010666535505 -5.92346489545984 39.8041210003279 32.9645474048137 -24.8704415068329 39.8524554405216 -3.6485128788734 10.6518058639353 -13.102506390254 -6.0647259107685 6.97613140634036 -1.35065037526577 6.26816940439862 3.8004402326668 6.77179972280572 7.07012779654258 4.09679528708022
Prionodon_linsang 72.0227731295466 -2.76511129840741 54.4525194661219 65.0422844107623 43.1876750380389 28.4073717203391 -7.79606825817157 -5.43151309315955 0.22857854954579 -0.189987735991439 3.42715388350848 38.4668775876095 2.48254968277703 -12.7879297819147 7.57153508014996 0.131938790901546 4.96993727941007 -24.969109106315 12.4017190151755 -1.80682831380385 18.9724174579323 4.287964009743 -0.248859930484613
Procavia_capensis 23.707035332536 -43.4494669584738 0.731966936760276 81.7932913599669 3.9704422948032 27.303773964663 -6.44220600499884 -11.0938689981702 -17.6432429377302 20.0953512822247 -24.4357057804484 24.0277473309007 0.509448641656075 -10.3503235002475 6.88717582237284 -9.6023122285432 21.8217771950126 -15.920227604246 -5.6766778720022 0.0557905094082115 18.3958246853458 1.65587736343931 2.92127255519149
Procyon_lotor -49.2335339787454 -61.3476066621061 84.589389226568 68.6507028004689 13.0403371237688 9.0229631424302 6.3512412000719 3.49744059029698 -13.316320679441 -17.3831670207572 -20.546884503559 3.96702758665614 -0.767936506248139 -19.8303483267586 22.6794151098525 30.7541231252914 -11.6946837971595 1.16515311297501 16.3553432401449 1.81147383226198 19.2852336102975 24.5796266893872 6.48211207217554
Promartes_olcotti -77.0938906866068 -53.1816291544972 80.4035229360407 17.5182379008923 18.9380782420194 -8.01608171171254 2.5390709497174 2.72696919025427 16.8179047330184 -8.08079523418139 -12.6726152931586 2.8785800614316 -8.67996023539788 -30.5618370000976 -2.9643857029159 -19.2000197532013 3.87805781675065 -8.09094311460877 3.61039272937826 0.545993584807692 21.1833005728204 14.5458997249656 14.760728973962
Prometheomys_schaposchnikowi 22.6282733413606 -49.2900821716139 -10.9243094019781 -1.33509457590593 10.868288715916 7.10867468446458 20.1367583718141 22.54117419906 -3.36553876362947 20.6865032035096 4.86649461737768 16.6174281475939 8.11801304128937 -7.84850071403992 31.2761900031916 -11.1432632066623 9.23591226630144 -0.126993466070993 -5.24282995429143 1.65101485223903 9.01746097475759 4.46818750059309 4.17301603339113
Pronolagus_randensis 47.3887020648271 -29.0970684425855 61.6354612876208 57.8072965646134 3.62586483381252 25.0849338734424 17.0884445786775 5.65863025276343 30.4829894912992 29.1767104049789 -53.278286339203 31.5563265881013 64.0246901292708 -0.184612691396498 7.05719349530057 -6.83627463199313 28.7312349989927 -0.832283153930819 8.5241099638734 -14.4749078680552 25.1257650381049 -13.4499414340164 -4.13186303881348
Propithecus_verreauxi -123.115126168981 -67.5626909454903 29.9980653951588 100.405212155399 -2.95773319077937 33.7115816292258 -4.13816568382722 26.3926936613913 -29.4846644057905 9.34442584334442 -19.8559003588007 -5.01807190809586 17.5333145741101 9.85384751393543 -5.99893679095435 3.04321954734139 3.8091654863391 -18.0994284513639 2.7117381034091 -0.56599565581661 9.77969608301633 9.76476824146107 -2.16920087345892
Proscelidodon_patrius -45.9819800761285 -31.4650319459847 -43.4399331904915 13.3970983438633 44.0737608324217 30.4284712175557 -12.3303766461635 -32.7937032817334 -14.0114561058416 -15.7958473999883 11.4296729698612 23.1502903675044 -20.331865165361 -13.5714023127412 2.84845507345865 0.722995568182053 37.4244271336642 -6.74016717641023 -9.10601115523252 2.83458778151066 2.96188095904324 8.51629159878774 9.08808897323095
Prospaniomys_priscus 92.2191185643541 3.15673126327526 -23.1262791843008 37.4724956317945 -16.9048767797698 27.1695986396506 10.1594425766258 11.9447128240979 -12.7261124250019 27.3727123932077 -9.32981028925131 9.03172980500104 22.4575225425462 -4.65511616904803 32.6082139005418 9.75565352916133 -8.7180896960792 -1.57860311954747 0.100180906811403 5.86324308824679 11.1706258379472 9.28741261577103 10.6723022868217
Proteles_cristatus 9.8431166068407 33.9174310052342 39.616374281501 70.4626440055698 42.9783021876203 26.736754089311 22.7532201220207 -3.01827497672268 -7.76649094299755 -15.2223363893231 -13.9281094883772 26.1513336731859 0.749730220774459 -41.421332671701 6.10727946296698 5.84124395732222 -1.5926592123802 -1.22914227931635 1.15010399714447 16.73966347264 26.221229062704 12.5467138950151 -6.54120957584876
Proterotherium_cavum 120.458453228703 -88.0314129308665 -67.878986540885 71.9649068570451 57.4621946024088 42.8989888635369 6.0099122705989 21.26002004032 -10.3747975909788 -5.69794572194799 6.67658173627913 16.9884734622326 34.9250034816095 -2.75294193601991 2.09555814899059 9.1299685275032 7.1081205464267 2.97626872063347 -5.86026605361053 9.71724359791234 19.4188493761466 19.6955122309163 11.2759734337556
Protocetus_atavus 158.278359216719 -0.852838942786428 90.4228868321998 -18.2736643582604 118.793668345065 -31.8250262092958 51.3665032677293 -33.183170471066 -18.7747263375892 44.620651835455 3.79092406462058 -23.8510005115944 34.9074848889759 8.91376673818204 -17.4021783568817 1.6573024061778 1.83938088734624 12.9015795414512 13.250765646756 3.88538919248778 21.0669616474657 4.8500615476747 -5.31176677947919
Protosciurus_rachelae 49.895618713377 -28.6448658250965 9.64553101890227 10.7779775493026 -21.0542772460495 15.9664718382945 13.3802479432643 5.21835403982227 5.00737112469694 31.9577733049652 -8.75097093041133 20.1943542830453 11.1380133241777 -8.06212961615629 20.3253996045934 -0.197492873721508 9.41127534107618 1.42475006280602 9.90664184379526 -3.35335126067403 16.6550074500737 10.9263570764934 9.57610078309839
Protypotherium_australe 45.9057417283065 -80.7746671880485 -38.3578442385929 43.7159264078413 -12.8995890231031 41.1678191291775 55.5542273806063 6.05685342029529 8.37119842901525 10.9935361119931 -3.56920946601229 9.4118625114928 19.6386779131136 -16.5478124563099 1.2558520300746 -13.4666267034563 19.494147085287 5.5961223090896 1.77378882489696 -20.2914475028493 -10.4760418858071 -8.8701743033555 5.21990732404059
Pseudaelurus_validus 63.9234317789232 -55.7670836388002 72.54320244574 53.9138881897939 33.350285478163 30.8482968096015 -5.72767602031808 -16.2430953800662 -15.523861698544 2.30736355902764 -6.34951579283134 19.626295398305 13.9349859065607 -19.2814600963499 -16.424263708995 7.28411056477873 -13.5601865599534 -23.6177121357819 10.18555985257 -3.29611310772829 12.124064052023 6.68226774999551 -4.55123032900477
Pseudhipparion_gratum -3.7262204879658 -104.337030516187 -38.31428776603 92.4688035478387 35.1321523368226 41.8336439754733 14.918183636932 -13.7349202335635 -8.23942850980759 -12.4029306381068 -20.3605514760101 40.1044571173597 16.4516294853931 -2.97783783483905 5.37190375895366 15.3797184371453 23.846812177509 -2.71828176091398 -7.94589809438105 -1.82107248950576 12.8699137295452 16.6642113720021 7.55506109683445
Pseudocheirus_peregrinus 49.1302260886238 12.4951404575719 5.56104291556743 40.7662004420902 8.89960346411747 7.68405116277266 11.8339136523397 0.905560446606122 8.95553205199913 38.4314037377101 -27.6789005822892 21.3387502838566 5.87334140422846 -12.6764783202382 13.5236997834122 6.21800368889533 4.21472755770042 -1.51193850080801 9.97639588076463 1.71271984832212 17.7282614297722 8.84053259329489 12.8002204615353
Pseudochirops_cupreus 33.6151763514308 -16.026807062403 -1.23656489342758 40.0590640041032 19.252061747847 -0.283271057433698 17.0339723644971 -6.1324510210951 12.374727711076 33.0591241700324 -22.3213625111489 41.567072880142 9.09741372594723 -14.1584612507656 2.56851359957202 7.48470904768529 -1.1562559263117 -12.4079955343028 13.8855258501751 -5.29933059606431 13.152452731233 12.3251027880578 7.52086012864468
Pseudotomus_horribilis 84.6688454480367 -13.3996359309739 37.4029934265067 -35.0768090951929 29.550079354599 -5.04573467910828 -7.52397839643826 13.199283930845 -3.3106117993397 -5.70088219564032 -21.0890994865515 -5.91987713519209 -1.84052160523585 3.65736933441341 32.9015569937445 -1.17491148718189 -3.88802298795272 15.4824295929422 -4.06620943214781 -4.06918266851724 1.70111923054229 28.9728354033789 16.576747349279
Pseudotypotherium_pseudopachygnathum 98.7906126174211 -65.3946120133586 -36.9417366526575 52.0008473741109 -18.604441629186 29.2197082437572 52.3821243886456 7.58777536924578 -3.07662692700179 9.94595504435789 13.4304890412927 18.942922817383 28.2595852296658 -22.7552487484598 6.04468183085636 -0.227281331062275 28.5065727060482 4.80759055029741 -2.03913850737022 -19.6202358486436 7.19838753899922 12.3882081527819 6.17471291669515
Pteromys_volans 36.0286361518893 -44.2794084051565 -4.71335406612634 76.4439390385453 0.591291109378244 32.6181151269584 37.0708677038086 28.445513781411 -5.56840782237824 38.4332528283073 3.96979616127064 16.8460777692861 4.9448678963609 -21.5274617219999 4.79175516693668 3.21720968902686 0.265122550799157 2.31850492805442 -3.9713452843825 -2.87444893829896 19.5110144946456 4.50949304930687 26.9139009890775
Pteropus_giganteus 37.9375109988303 -80.5830622185059 23.8824390680797 50.2277952089914 36.4032024014092 23.6701449807874 -1.84401850414692 -5.99351531448989 -6.87574433434773 -1.50564894048562 -17.080318838777 17.5414745695609 -5.37568795858575 -21.4908372320622 10.9906040624499 9.1338913279365 -10.5499056288813 -11.360221803273 1.99318148229274 13.8526790926693 13.7349303179248 20.9125435558738 4.68951367734471
Ptilocercus_lowii -7.57946724270301 -44.7747657202813 51.230342404224 7.95263161924157 -11.4874800174888 9.32257969316215 32.3233025165156 -2.86133687366543 -8.88542222476744 11.1033002684274 -11.2413353343892 9.06805116538584 -5.16210034607474 -1.97596731008495 35.6219824040062 3.37908046373075 10.0137128505087 -6.96406152076948 6.39780679306663 9.56208329116565 11.3077029834145 17.468873363218 7.50217081251218
Quercygale_angustidens 102.772714322425 32.8268586371134 16.8571607970339 34.6117401103633 65.8463968054648 23.0063908217127 -4.51334706148549 8.8776882717014 14.0397889918679 -12.0587245448063 -6.95750496397381 38.060805230203 3.42032086483195 -7.43163156050888 19.0962369443671 5.51545761015269 0.982880986792762 -5.93465797007064 1.4965369556288 3.15841221698099 23.1458977733764 2.0909525531057 -6.47111477392876
Rapamys_atramontis 92.5317348313855 -41.8148461762623 -13.834985495609 -1.16826371372829 13.9759599814444 21.6527378925855 10.423876381961 -3.21438938513919 -10.5686714906992 13.9785358978956 -19.942410953203 12.5848166831917 10.6132427532886 -1.5749737302271 15.7789956299835 9.27168730965426 16.0366515883345 6.32325619471762 9.95740526646199 1.9732426519781 20.5315639842001 12.0574796092096 4.70926274583375
Redunca_arundinum 43.1330037389317 -46.3368311077578 -21.7235428944281 144.794578551199 21.3152500610957 37.6311038882955 7.49477745843896 -0.606673438446083 -26.2271640446205 -5.17768844270387 -36.4360981925545 13.9102691899871 -2.30060992101008 -11.6853686272752 -22.742273171357 -1.55773740435409 25.7319895277553 -17.4010725227315 -10.6952186544323 -7.87121674108227 11.6217521396977 4.75858318314812 7.3496263683232
Rhinolophus_affinis -24.2182767991269 -10.5944089687416 -3.9780018776435 20.0606641046552 17.3432355410529 51.7130797695849 25.790981480199 -35.0250850621215 -10.067376733936 74.3731866544932 10.3538247432478 9.64410396730477 27.9329483978631 -3.02226202632919 22.8961800137168 4.73939414517146 7.28583449842216 -17.835279876019 14.1927653886526 -2.47760501275268 2.45501475067716 17.9942353638055 -8.32963361524198
Rhinophylla_fischerae -89.9136821580197 5.6585915157243 15.1951187070561 14.5290464403092 17.4909136068426 13.7145954725174 30.4118551682818 -47.3799278183799 28.0381631902623 34.8797817011633 7.87738344958379 20.7022642238558 -4.17063256257816 10.7519307255882 36.2803942943044 6.84814936673401 17.2415459800787 -2.07332160198863 18.6705968610081 9.04060154341072 -2.86357240597753 27.3130700739252 5.87601652549208
Rhinopithecus_roxellana -157.161181702435 -54.3534890640125 92.1182711808991 123.299821980694 27.5305075915507 15.6485300291702 -3.42178421606563 11.3312431290705 -60.9539678005814 7.04704962278303 -7.17338352124126 -36.6610743402683 35.5298321678129 -3.81967592282144 -14.9852659621976 16.6255113411748 -5.48596888160535 6.03908405281813 20.0858261039732 -12.1785381417188 12.988164655872 22.7058308126628 2.17477960745622
Rhinopoma_hardwickii 42.3923624158326 -20.4369624595801 -80.6367477293333 -37.5592114738381 13.6526718908096 40.5150480678549 9.77179744997704 -26.3951189534801 19.1225695496236 54.2373535145307 -17.33685840403 -13.4035166546264 40.7688137453806 8.82152503778001 27.6256534513488 10.2830750135045 20.2753843361886 -4.36811440095518 2.54173783774197 -3.22996614141553 2.84758626738628 21.1300984443546 4.61376031429031
Rhipidomys_fulviventer -33.7902358769555 22.0736425615365 43.1747600827304 49.6372030058966 -23.1782370559308 20.6420976985153 26.4655814548588 -12.2347868410602 -4.64886663356332 33.5830770641405 -1.83547217683647 2.49897685798143 -0.304970282006044 -16.1872314876159 29.4709009022541 12.6669033772123 -4.84955972943486 2.00238791545852 5.21553767317478 10.7828100348344 19.0777073946247 10.1144242196376 20.7718288781519
Rhizomys_sinensis 74.8311454688017 21.4170560739712 -56.8713063417994 33.0499775241591 -12.0729312294512 -21.5872822055062 36.5603787705316 20.8601042176146 7.16401133623135 21.7879494080936 -23.9680768052277 -18.1429154459784 -0.522655575601916 -41.0738717076114 20.9684887692176 1.29629834798615 24.6762370285129 24.1040525935978 -4.73808545603602 1.24128541629345 16.7305457733365 9.4593707991157 10.4424696733478
Rhynchocyon_petersi -2.64650322537863 -91.816217206547 -51.6587853062899 -23.9635081549459 11.1047370844388 31.8987036566915 10.6193805557146 -10.2681105508281 22.259419297075 37.7876126317676 -4.76044519507461 -11.5090099899706 1.21748592286964 1.7732315688024 14.8206431868906 0.240161958267704 -0.265936993298584 10.1968943896854 -16.4991198274478 6.11222694147282 -6.6556333425053 6.41857011721202 -0.114480456816234
Romerolagus_diazi 36.5733448240631 -85.2773669487621 55.4246631410088 24.7358638126835 0.0104788863930636 22.9852958554533 9.71995266485882 6.61885599152593 6.49280691587958 32.7370366229203 -28.0919995453362 18.6718881666265 35.9102741997288 -3.00692921802466 1.72775933122738 0.061860193813615 14.4991326744486 -0.102775033592407 10.7313603216337 -1.59767567677258 15.902576135717 -2.20075643303341 -1.5446241934034
Rooneyia_viejaensis -50.5975789547797 -83.9562623060501 36.6544803083664 44.7064003010299 -26.9192032553936 12.8069713312529 10.4291743839251 -0.230876472013364 -38.7758394227334 13.0401878411085 -10.4529820320097 0.749762183530809 7.16171934228033 -8.33335075858891 11.1416153411196 -14.801045905119 9.28043146620769 -3.84823074652507 22.4235255013263 5.88083802519614 12.962487873311 13.5899338745062 -7.66180407804339
Rousettus_aegyptiacus -4.60496945154726 -54.1220903765178 2.5204661573956 3.2221214481849 6.82138136810187 17.3494058593413 12.183897155863 -3.53424028549723 28.5740245291888 22.7481455266458 -24.9775092937824 24.9573237818236 -2.16921717669682 -10.2001156788177 1.66947483743156 -2.93613479506775 14.8486066640207 -3.33390935608955 6.59049412538021 6.54263129713542 16.3681357613162 8.43438081595773 5.52497829509037
Saiga_tatarica -35.8638054156649 -41.6176533131359 -20.0966424396582 55.4630071685336 -11.9006775724038 1.33859637972693 -17.3144812932524 -0.11098709001314 2.23455714197803 -41.8562958443545 -6.75986656222447 8.274151592645 -30.4938034513546 -31.7524223455698 -3.96489849091536 3.48631588047351 6.92245212612762 -16.9220717173263 -8.3183751614237 -3.29248813067832 8.018265516863 -4.12871964033338 -0.436576819559181
Saimiri_boliviensis -158.003314336185 -58.9686066620889 119.166938070304 154.410436963458 18.3462158211039 -8.63772321520779 -20.5677359121403 11.5528016646592 -37.8229529051786 -24.969246439402 -10.412715849219 -32.8436984892003 49.798309986461 -8.20500796674121 -21.2969583057664 22.4794426617231 9.5845537776197 16.8786590901864 33.6132164197621 -14.056623644697 24.5218144009328 30.8884389200302 -2.72407634023988
Sarcophilus_harrisii 51.3013388272234 -33.0019134673931 -8.3262114661682 -5.94105123256442 14.144114842234 2.22276031343882 50.8200959789336 18.3021062985346 37.8031478881552 11.2168327765506 -18.75032665196 31.9095421408799 -14.7099620658637 4.26513065697984 -0.131333535791938 -1.23065205393823 4.83281517560798 12.5679358511537 12.8181566012661 -1.89083193195706 2.53979111722687 14.2372896780869 3.45476345851789
Scalopus_aquaticus -2.34038346268618 -10.34283681657 -11.6179385268084 8.30230261224504 -45.3066813298085 0.918780686043924 33.1276997872375 10.6061585217612 9.38480996936912 17.1845919330329 -9.84679385302848 22.3861076954642 16.9742916622529 -10.0712074361114 34.3980678125744 -11.9326084879219 13.49054462111 0.495853793973626 6.12978766771398 3.91685962177384 16.4264210103982 0.605120658354613 11.5109698622166
Scapteromys_tumidus -4.38920272679983 12.2021088655185 63.14782194676 16.2062246044786 -51.9489909547439 4.57320148477375 32.5408315106803 -11.3921473471419 -0.243492663580095 22.4398392297236 2.03797430794016 4.14083709405426 5.38331134167122 -12.449761935213 18.7037285451249 3.7313760170062 6.21997179266831 -7.43381106782826 6.91369075297996 12.4016427206576 18.1930975611054 6.77058170454811 11.8763033373115
Sciurus_vulgaris -1.43040668526638 -10.0015628404977 2.71835314478019 63.0776531049467 -1.16470593173358 26.4964704550651 2.47613615851727 -0.105981781575264 7.5654445343406 29.0470392775703 -18.2868914490505 20.8762277658371 -0.442000549103667 -23.6481552203691 2.1092936539062 7.90455706791731 3.44031315166907 11.2580029155238 -3.93914472701648 2.59077713994172 19.3008520400178 2.74359840053375 8.52676436721048
Scotonycteris_zenkeri -23.241805410351 -45.8910079590301 -26.4435039955537 13.9511073910727 -5.17500004634067 5.10671029149838 7.16678520684306 -6.92961676696664 46.2937211955773 16.4972918781869 -24.4490525210951 30.6436626333702 -1.93008487318581 -10.4424607642274 3.65674745991968 2.65781106585808 13.294443802429 -8.90125870938938 5.89062410554407 13.6822677514676 21.4891603806132 3.13415516634524 6.65625209444101
Semnopithecus_entellus -92.3581828888874 -40.3142203036774 98.7746798138707 120.323500864793 15.8526415977865 4.62610032874124 -0.881995989407471 20.9984342016143 -55.8643556664325 10.451940873165 -17.2162224994937 -24.5708482894502 29.7035713089267 -17.8427321951394 5.51867432512131 7.48727942513945 -0.80790569873475 13.3116397246149 21.8143008294782 -8.63898683996714 16.2782125942168 9.70817060336984 6.37324243763003
Setonix_brachyurus 12.084724858459 -54.2946601551165 48.3551635036621 74.3961099740495 -15.1258824556114 8.46112657578992 2.96690638095975 -12.1769100464686 6.40468018166633 32.4029388517475 -26.4515513570837 16.0360105741828 -9.90804001449344 -0.435586308213805 -0.444332227503747 9.34001070946365 0.72592834980812 -7.43284755848514 8.02161087433186 -5.34650511625042 13.7959210786197 12.5336489308289 6.79675460004249
Sicista_concolor -54.3414180765056 -10.5652253894674 6.64991861448105 -21.2033822684542 -30.1460442489148 4.67019298405621 26.8056507118695 -4.9001987621897 12.556991779518 14.4549320942172 -8.38990697794957 6.19720710444076 5.61077790523354 -3.8722417034514 25.7882620389041 0.363756857111373 10.1544907910113 -3.32692624265251 6.4692461721973 17.8574510058675 22.1786011506336 4.81908342109675 13.2915054358121
Sigmodon_hispidus 52.5818538098875 12.7309291529333 23.3481835505688 35.4339800437283 -13.0064679279708 14.008555344112 28.2079855526944 16.8780671893329 14.0580517154088 38.3286787494584 -6.34787930210104 6.1420716519003 3.95727197594055 -26.602927088357 2.98360632958322 6.57478784032324 -0.736041905613555 -9.17318099866708 1.93996060772939 6.09173033230829 17.3340721191821 -0.977732041383036 1.63637300857133
Silvabestius_johnnilandi 79.0666836110832 -34.6603266191099 12.3775471368898 11.7270071982828 33.5183851724492 20.7604584711485 27.8107350948366 6.37122343030301 9.02035014369227 3.92720071476629 -23.9388079274504 22.1311822894264 -5.31347511745835 -6.8972655909666 5.75607813283196 11.906901831982 -6.24566487580776 1.03718289264108 15.5688642068009 -5.42569571529107 5.28644244224214 15.4021934216796 7.10499695982914
Simosthenurus_occidentalis -16.4081572746661 -0.691723287283797 15.7614389405488 88.4806820448488 -8.45745889510845 15.0242101798689 28.0664672875091 -2.77591610893399 8.13325416375438 27.4692198362335 -16.8289101303642 38.7522148032372 7.64988460875044 -4.60783984425289 5.40566896277211 11.6156890038873 -2.53508486755612 0.113642806158174 -5.74174376278198 15.3931213739258 5.57498974555173 6.77622577737834 17.7423097558158
Smilodectes_gracilis -37.7643335896544 -37.7673279352104 4.1960781550895 24.4843554699394 -21.5386235647483 38.471004505814 32.4633850273461 10.4739705925424 -18.6463105066936 3.59592492987746 -32.3306256229358 -5.25859584982159 4.89064719286171 -17.2380243991703 24.901899168077 -5.03970495691781 3.03796776739618 10.9394333579651 -0.32019539168291 -4.93265670772926 7.0492126265005 0.529821924738122 -8.33055090095034
Smilodon_fatalis 40.7800913774983 28.5603218886462 -48.1623380953658 75.8889141780269 86.6109722415422 39.475446860592 6.7558949600805 -7.70914921186364 -25.9467599092089 -63.911317096073 -3.98252595523376 38.9600878565611 -13.1664057349517 -15.791009240313 5.60264300182613 19.7917724393645 -12.7448933193589 -27.3421880595761 6.52910473383341 -6.78788327901326 35.3496939612943 14.4143723298272 -0.204107221000914
Sminthopsis_macroura -3.04841022843316 18.4797864539475 6.37478954832692 -40.6750166977825 -27.2000462134454 -16.0682849231538 25.5281251421478 -6.03872249081073 39.3093693443821 26.0620785804608 0.299347528294896 22.0850607101566 7.74042178897086 -13.5147537284941 12.1184843197692 -11.481218327225 8.28549210140614 16.7868092189086 16.109905980521 2.23515312522998 13.5745652262386 5.73546974000466 4.87651049468253
Smutsia_gigantea -49.8612924943857 86.7568673242434 -7.03997788752912 53.5874269814978 27.7915257473841 11.4192873861724 -16.1839258525495 -14.3568671914044 -10.68202640342 -16.2187095679091 15.3841824700209 3.65481962884441 -33.2752913216551 -10.7049961767147 17.7401377242473 -10.3114695034872 5.2512083358455 -15.4595451313059 -3.07008142874674 11.5536236637355 4.57058945777213 -9.21885987684526 -0.0274202908943706
Solenodon_paradoxus 52.6607422590807 -36.202178641123 8.80154394391588 -20.8766242343838 -0.151993251815952 31.8957644228812 48.6055361271082 -18.7849646683692 10.9655844899143 -14.5868902760025 -5.87882684526549 10.6958582538071 -14.7271999370417 8.58043976605867 32.375446600938 4.18935682849601 5.97448532654014 4.92250931399129 -1.47992767566618 -5.71010515526638 -1.33243635850321 6.7703923261986 -1.09736961528301
Sorex_araneus -100.980424851278 -21.6157846249244 -10.1251305800733 -78.0277627259783 -48.7121170138597 -17.1641193089916 17.8629577796205 -54.1589219985673 48.2525304366313 9.36629945244439 -10.3542640953432 -17.4272114964475 12.2259681799495 33.2441194208103 0.0530435432362774 -9.03694583478957 19.6884932554879 -6.34688977568511 -11.3641426064033 6.33981684320759 1.08356774425533 20.3531168404248 18.5164686947035
Spalacopus_cyanus -3.03399403762652 29.6187305304986 -10.3775920322912 38.0535861394061 -43.2275745920433 7.80507437802618 50.5995881932026 27.7086299510046 22.5641412154266 32.2493167388998 -8.07163735418758 20.1100112745051 16.5205996968411 -7.51160967639233 10.4642350179863 -1.11240562221338 16.3781918302658 0.638630632396615 -5.88400274857064 -2.03275503640129 7.30002125394012 -11.2653810339506 17.7324804818859
Speothos_pacivorus -17.9383134788025 -32.8533465797926 83.6884927892527 108.36048705581 23.6213833894282 -0.918546358981949 -5.17005716019071 1.01021098900142 -8.74422232667856 -3.05934019429058 -14.3242706037574 34.9562108321386 -11.337326702029 -14.9071347452578 -15.2524507882261 9.77732818972055 -4.43399813861649 -8.8540113280282 9.06636377206117 2.04307560371507 27.1089612947268 -3.51887664813216 -1.24211403943887
Steatomys_pratensis -17.0325063826423 0.182160310533083 21.7750028434257 -41.5550599852724 -40.4964245698356 -12.9015232762654 25.2065704509115 5.3266284246974 15.0085695961046 13.2174476271374 6.21122542975208 2.73245720440755 23.7501611118954 -17.7847917901946 32.0508511340526 1.95777195722828 13.6872557233915 -2.60215793241024 6.24548028853481 16.8874962828153 19.5615302615393 -3.33114507666705 5.81811165957868
Sturnira_ludovici -87.765069924341 21.3728882382173 19.2892370892157 17.7272591236717 25.434788405688 30.787608266551 12.3566398573897 -40.5794340986581 21.9903072038654 35.0855966191698 10.2476530539141 24.4084506190101 -11.9743577182205 11.4663153368116 18.5630709352814 -17.9741107570387 17.2974331014584 6.92988506212505 11.039361220468 5.91966031599302 0.759755119244545 22.7379462603161 12.4007693536871
Suncus_murinus 17.3078429947945 24.2599377436636 -51.1100719231589 -51.3668260076234 -20.6697016583871 6.08243351804246 34.8084781648188 9.0586407728705 20.1782613031887 -17.2753505899192 -15.2373957035061 0.293195114945933 -13.4313080207151 20.7845027389284 20.52426126614 -2.6890930284637 19.5325383708487 -0.968328358130378 -10.8130222461065 -4.43621770317934 -15.7760619211104 11.3909000511147 10.524307831442
Sundamys_muelleri 19.0866993285041 -15.4571395307777 17.5915752489053 7.01327467033226 3.87097713635575 3.91889014256112 26.8590134840997 -1.74670125515077 4.8744578753676 28.7030498668185 3.52471049129441 8.17091300880886 -1.4137490377965 -27.9814048990124 35.1102335000663 1.52256925778469 2.69591822604228 7.00569418669604 3.74011648649707 9.77872844650572 14.8275271000959 10.9208302918692 11.6507901454989
Sundasciurus_juvencus -32.5610225192557 -45.67647297389 32.6645694702765 51.6885274926048 10.0329826281324 32.8234133269476 25.7298509509074 0.340649363920182 1.09629796798073 26.4396778495512 -16.2494976319491 24.287908743708 -3.92559672405193 -4.07927836549707 7.38416309411538 12.1158634010232 6.13747136631258 3.60830336108073 2.07698918066709 14.48180183327 13.3139145100406 10.8228885793395 2.04527992436802
Sus_scrofa -55.8661574999428 -39.8956271382023 -25.1576273000593 136.817107745354 96.4795003737491 0.311500330848187 -7.13115054491422 -23.560023734999 17.8938954501918 -4.11746161783933 -0.254929090839571 42.5241662754402 5.05038923765135 -6.00057905998984 11.3547250321284 21.9854226516189 14.1489346520427 10.8082952436357 0.65260505011806 -18.5420975729927 1.97411830600229 13.033130187481 -12.91255977906
Sylvilagus_bachmani 0.719306189035569 -75.0082218712574 27.5459411556235 69.2990060339865 12.4055143954676 32.9273707143155 20.8101285385683 19.2605483111324 12.2219866904684 39.3443372383262 -30.2278539386635 27.7140544214958 34.0600781597653 -5.78050346140676 4.10206954690382 5.76204522655328 17.9889205804312 6.14119622239618 8.65064938941705 -2.04051953537465 15.1878851993888 -4.77835699376477 -0.949643868574519
Tachyglossus_aculeatus -91.6889758323396 64.549643076536 6.19402789927687 38.4486878935853 -18.4913237917789 -2.7034688155233 -58.6281163192273 13.7443190585019 -25.7406022643863 -33.3912761413879 21.8924800678448 -28.7104915525256 -23.5715295738013 -1.35260375863989 -0.521097648589568 0.317008542520314 -13.0195317481001 1.58144054719808 3.23113423683121 3.34248455419654 -13.0434885460763 -13.4659622366091 -10.5426602935339
Tachyoryctes_splendens 75.3436505993324 40.5346558398773 -50.2686775965777 11.1354201746549 -7.16198674407606 -12.7953786379836 7.24332058559923 13.7426950825855 18.3680133325195 21.1065916564053 -21.192684097381 -7.46141753924995 17.4060410056011 -32.3164037981556 28.908366021304 0.623538407456314 17.185066415915 12.2992911132396 -2.73529676937349 12.2110405095732 20.8204333623404 6.49993580681626 4.34627668110084
Tadarida_brasiliensis -16.9952554767206 30.6546393473211 -77.3160783457155 -2.27412424059934 -15.4640775940965 39.30188308562 41.0104816028785 -11.9079494306022 19.0207965679087 51.3212496347193 -12.7731892383924 11.2410106749881 39.3251214623885 13.5718817808496 31.1334971861097 -1.3590717652474 19.4432462878472 3.75159092926342 -8.41505100115805 8.19897785200404 5.07044686193572 3.8981980929985 19.679654102334
Talpa_europaea -102.271932619905 3.27351748923281 34.1741289359152 -57.791726943554 -35.8086265841335 17.3585726863164 6.34550870096285 -14.6820810180127 26.5634859978357 0.16071999958705 0.609322507435217 -23.0874547674488 -7.07268290164693 4.97996130319299 -4.18566961956375 -8.61512108886676 11.1196123330933 -3.4488601556331 8.35949508377708 3.20968364584166 0.623684993852135 12.4562985231605 13.6568774716838
Tamandua_sp 48.0724751974596 -7.5535763093612 27.3000815685596 28.5786138051401 -11.6309418490563 25.7051841284784 9.30222859149211 6.75514046809488 -11.3891225458706 6.70927784201108 -17.6466466499038 16.3418658252911 -11.8317915281078 -4.75965272919386 14.608022174479 -2.78490141373348 24.8681738850973 -4.40127903337839 5.18773084064487 4.49212481177627 18.4846190278959 1.21611223221189 9.04413007738956
Tamias_striatus 19.5098243927098 -42.7992986400774 45.6853865459728 21.4481246742589 -23.7543297688644 9.58157800154801 23.8928757686149 5.58282210092579 -5.70215872031529 20.2444828402504 -10.1776195010421 23.6161038755583 10.3424076950083 -10.3858860262764 8.32666123243729 -7.68680126036206 6.10179690011476 -4.96737537659405 8.77719425096414 3.80869578214925 25.3500092800295 0.187909213336119 0.666850638374773
Taphozous_melanopogon -1.14954792546213 83.9493368125167 -52.1874004684601 24.6172020612012 9.07662753639252 49.9077741895394 23.1396788595789 -19.161673767007 8.18871990819685 50.8320407997023 -21.0347723594601 16.0128709972962 22.8476633604527 13.5883037432463 16.685595281493 -0.336120252337704 28.5425359147805 1.43819136508573 8.72695428266895 16.063071389817 5.73869833814323 8.21798033323405 -4.64442917055182
Tapirus_terrestris 48.7169024728153 -26.6920457464854 -95.6165354335059 95.9522825194798 -11.3662030720663 17.564250191497 36.4218508675749 -18.50885945598 -12.7979427898629 -11.9673431731068 -9.26788194777615 15.1320743369617 7.32907303488534 -30.4411490350208 -4.46369891114987 -10.172414982046 47.4314700359947 -3.65793032297183 -17.7032658344098 9.19719821890814 7.99936505554742 30.0585367811446 11.4988671623284
Tarsipes_rostratus 6.45555813882407 65.0586247366588 -1.95320223084774 -8.80212456930612 -29.6750078226792 -5.46815754509633 30.4774331575505 13.162935915738 8.08448485981243 22.4166752872287 -2.21419762430235 2.37583902247411 14.207548107235 -18.8731499910967 36.0650374917835 -22.8068002250061 -0.585431278397683 10.9860599404152 16.7353740746989 13.5029411941826 16.7593714692893 1.05707399121016 -8.10671241006786
Tarsius_tarsier -122.445680082827 -32.5227646832946 78.1246981792205 88.8752772152194 -10.8720543847628 35.487969115921 11.4796598908075 16.4580953814506 -18.3903165008065 35.9809166616762 -5.70346441879572 -19.7812886506366 21.3042423616035 0.453636538212089 -4.04770548191963 -8.93569950632687 -9.90016893645346 -14.8784979511154 9.94769615953487 1.37265383496113 8.2491124059385 7.06951753074896 -19.8537167317557
Tayassu_pecari -48.0094082378622 -60.1144709863517 -16.9044941577751 127.197677486717 88.304712253884 18.269762336671 -8.38916100079827 7.72108468851289 -19.066760270192 -20.3605528588368 -10.363182412041 38.699465706086 -2.47621924456272 5.92990166176875 8.70969455373145 18.6304369829176 24.4556191638561 8.88071676562925 -2.97857048410614 -13.1919888468741 5.15547410635989 7.05497467974432 -1.19372174158745
Tenrec_ecaudatus 6.7549295680457 50.4421050843876 -25.950423070818 4.98989472608412 2.47818606843065 -15.833214654755 39.4125510980814 -6.92481227405446 65.0592772428083 22.1145181498583 -11.1182897238984 20.0483466557568 -21.8135919899806 8.04672014985756 20.2483320531492 -0.858651157834503 1.14919975609222 16.8282426334035 2.3322476307751 -2.52226688942219 -13.4371095760191 9.89613751786754 -2.96082402255894
Thalassocnus_natans -56.2610079175727 -21.0056153629138 33.2920213469062 -1.02209016879089 14.7194354869567 40.5883177366983 17.2247195496553 -26.8342972379906 -8.72502592643703 12.5299491645262 16.2033570047824 31.6606399581399 -2.317775766373 5.84462475454386 1.21459049999438 -7.28976994329078 34.4266061443382 -16.8014190227978 -7.3507520367231 -16.2008760368455 4.63174065271099 14.6784309108179 41.9238146695738
Theropithecus_gelada -130.506563507237 -65.6264485923864 75.1080029636718 122.503856447943 0.130718508048644 10.4495550449624 -16.1293403276693 14.8542357458009 -66.4178741629314 8.92833024666701 -10.9754718530092 -33.5351912648418 40.5336116760305 -9.96513526185752 -6.7367290453839 4.06515588402704 -4.30500777571107 2.75319110233612 22.2433892119922 -11.372595254911 18.2331270425255 18.3323788253148 0.228200624691878
Thryonomys_swinderianus 61.5632973710597 19.5274530564996 -32.3544683865557 66.1600597421296 -12.5422808171717 25.2760991103144 27.6416500220963 9.1561217898608 -8.50790042838009 27.8385647924839 -12.6950286103089 3.41730818122072 17.3006650463589 -27.5127786776093 35.7775331216386 -4.95791021639461 7.18724662997771 -2.02294359544379 -3.97484910331796 -15.5347993872492 13.1236143801899 9.90203065479736 7.57727863783461
Thylacinus_cynocephalus 48.7027623092601 20.2231594741799 19.0959640259338 58.3057775305808 -6.78029733417435 1.11412825192675 25.5104407835712 -7.33148227982057 -0.662842561652456 40.0868137912645 -29.2959382813476 16.0373577601027 17.4032450448471 -18.1764188501615 -8.49257777736875 6.06134466215415 -19.9519523614437 -14.1509927786262 12.3386368478772 -3.08207720754228 5.06882779478488 -1.61935856410521 7.06748746175056
Thylacoleo_carnifex -18.4076165326028 23.3625379677625 8.54177378312548 43.8507666538267 -47.2037018226285 10.2882701881096 36.0279302469449 -9.84642496123108 7.66290520142212 13.3726525157159 -28.5106612222149 19.1730532969755 -15.6052880587057 0.694621055689935 -2.63018713071027 1.75996812892878 -11.4176045769425 0.534760583308331 1.88659090282538 20.5507351645646 13.5092536970024 10.1041098827427 1.25043689732451
Thylogale_stigmatica 23.1804285934571 -34.0645878423614 42.3331456597351 81.2861600013642 -1.41717083080892 18.1476947250529 2.9642707871299 9.48318462410036 17.8965194982889 31.770002616688 -32.1786865069981 38.1942017056889 4.99293425737896 10.5614977881078 -7.75091483479898 8.09264658661368 3.19230117606268 -11.073352819909 9.59246501763246 -5.84392720366329 15.2328382307933 5.71249664513148 10.9750117064311
Thyroptera_tricolor -88.6779138277522 65.9625711170619 0.746495140854205 64.3608365441672 5.62263969280983 23.0638050308799 30.6058349770967 -57.1514918598454 6.06049877388116 71.9090932783826 1.40782276683737 -6.58183024329455 16.8018473071909 5.377560322027 35.657279287099 13.3409347619802 12.9425155706758 -2.99650200550635 -7.43700779585736 10.7545861774994 5.12439991989861 28.3208913315129 0.695152978905022
Titanoides_primaevus 143.662001999335 7.52690144581038 4.57612612700315 27.3166771592353 110.78411961347 -23.8863136490058 51.06240511143 12.716652066755 7.46541270415063 -35.8458866273282 7.5186334086748 27.4587361954644 -6.78942672717795 2.71752864117724 -13.1987694057488 -21.7101427374197 36.4013096114978 11.5957444177562 11.2809119859706 2.00107732551447 -26.8722670828672 17.1577033805512 6.53267627604823
Tomopeas_ravus -44.826522112497 26.7369626661867 -81.8159415111706 -27.7420981170267 -6.77200322367355 44.9727781999757 26.2197725736143 -12.572855866467 -1.33271557597621 54.8502438263511 8.77576010847679 -4.84464297758327 33.3334127006078 2.16922656579873 14.3517716695464 -0.479243267411495 25.6732534695513 10.3872283952765 -4.10257723474627 10.0662196698575 -1.90802087343134 17.4349003937552 13.6042657731119
Tragelaphus_scriptus -18.3327897116755 -84.5211401530066 -0.890211057394756 90.0387706394356 23.564067492125 27.6781419071347 -9.1997290104645 10.4307426957163 -31.3270674330076 3.35572042401082 -16.1137562811213 10.0101202842966 6.85583201370378 -16.400992361184 8.02640375763972 2.56522983428728 29.621198436044 -16.9118552155407 -7.94754686335809 -2.90601737218495 3.54136719750472 1.45217775701855 3.13426279567762
Trichechus_senegalensis -81.6668461519354 53.6116413913912 -97.7568148509386 133.693057664488 28.7877808346699 36.5532518948047 63.8025881320296 43.688772720496 -25.3193959698413 5.06554198518167 31.7484139266767 -10.3742100495981 -4.10758740136429 -6.57483941041221 -3.47394663357205 -0.776561630355916 8.04159898108707 11.0468754094878 -25.0736180710718 53.3356909553287 4.55089417179347 45.8897254428351 35.3876008465461
Trichosurus_vulpecula 32.5456883663263 -37.6944577780848 4.91202538478421 34.888591485889 1.61271678485508 17.6292894315518 3.83263172776532 0.276214555003722 11.4003544115297 19.8510191683678 -19.5346221221597 25.953510300166 -2.47780409412662 -14.1760634254454 0.153314847099172 4.86691455185104 -8.00094885976191 -9.57729809929659 20.6584897469627 -1.53787843881057 9.5823248954733 16.2021310261427 8.87661410843043
Trinomys_iheringi 9.11669095954379 -36.3054759314607 -1.57317315762386 4.74239167925675 -41.3942912640056 45.3689668687234 31.4529896199661 -5.02379208190894 8.6762122323589 24.6360641524378 4.58648955805561 2.66162105242827 0.495640186746012 -8.57082964044994 36.9539283926617 5.37546195747332 14.201065933133 -6.04798338428675 0.47178551596362 3.9769813121963 23.4557478118744 14.4101875846755 12.339137286646
Trogosus_hillsii 86.5475892858716 -41.3909545936769 -51.1470808738027 -17.2725998869675 59.0315348967964 41.3211312801387 46.344687846614 -14.0582155333487 1.27936427147301 -13.0025445314763 -1.5965793891917 18.5786064090237 -15.9147896212177 19.4181320269078 -3.01616342320625 19.0076100554885 -2.66443122976785 3.90405887426322 -0.997581095076634 6.03670531133527 9.61728164219019 6.84292011142763 -19.6732985545719
Tupaia_belangeri 7.9827097769569 -56.8562757139151 32.7220972308786 24.0085013503347 -1.71665101079523 22.7003485424289 8.21605258798651 5.00579816406535 14.2487472835405 24.7178174802014 -9.5199253197403 24.1019664466143 -7.96614706302014 -1.98306626933156 -0.0592015271152279 -6.74041429746295 8.77392872962072 -11.2191402406297 15.2498389632615 -0.366994005351921 11.8841887520154 2.33834005389942 -2.81102715877801
Tylomys_nudicaudus 14.2550939194339 -52.140528672328 -8.7256234468699 -20.8003575968584 13.1096288940937 36.1528261740085 13.5449834261191 18.7129889150822 -16.6478792441143 15.8105185895044 1.87201382878064 -13.7878982712302 -0.157042840610997 -1.98431699808594 40.3101346908968 7.54288763478798 1.16967357878351 -3.54248222573105 -10.9961270335571 18.4487623489191 9.76538373231235 10.1823051132102 16.7823328877655
Typotheriopsis_sp 143.448179493658 -60.6737746118373 -58.4904043331874 106.743699556062 -3.52202207976231 -2.57289673533275 36.5850107137132 21.3684429910989 -26.5182432320546 -1.39181014686375 9.75434550133501 -9.05919389525558 15.8847239187199 -7.54338102314152 28.262314760541 -20.0603645999529 23.14436987349 6.68212317484159 10.0508009500892 -24.2557221521923 -1.57213293014006 19.5100777129169 -7.00494798706019
Uintatherium_anceps 59.8623754538269 -33.3112307829981 -55.4628904792161 28.3626078000998 100.939148690562 -68.7065338247619 87.6734865000722 -31.1819780607898 24.4079815602781 -6.15091186976528 26.3562953894945 79.2550905885859 30.0838829280568 17.1896060240459 -3.17144347497612 -7.1929327418904 10.0008396707568 7.11158282826643 11.6525686616288 -16.4938086807851 -5.02936835235428 0.119222165171154 -0.544640677668156
Urocitellus_columbianus 5.69478784169322 -41.2188948795201 18.6937832624655 49.9451028338883 4.70243678918206 17.9455662560937 28.0309864330513 23.8000315644562 3.72405334618027 37.5858348329173 -6.16965852451662 18.2520799931556 1.92286747097821 -29.0595772329259 -4.33581831537831 -3.65570847304311 2.06205820527132 6.22990692585441 4.00609136828787 -1.16634026812356 7.65701110306286 0.139963479630618 0.384132335514849
Urocyon_littoralis -40.4663097374022 -54.0091750685151 72.7056869450963 73.4904023370276 19.9909920205016 14.1620669776302 -24.2656265111654 -2.61141690255191 -2.68609204981734 4.79463933591578 -18.376406537045 16.0725162701171 -3.66417662165128 -13.5937232220574 -8.12715261731003 -10.559730737682 -0.247443138896912 -25.012017638302 5.96592871649344 3.55827800832114 24.7875558711644 -0.00716424580701968 -7.5310629105358
Uromys_caudimaculatus 44.2675447126228 -22.2183764380876 23.9345816464622 -7.0519344671006 -22.6842196553015 -10.0154223534714 2.59312647733395 -23.0035155836512 6.47129352901212 19.4131301043279 -17.6628474934575 4.95626782330567 -6.78465681680697 -11.1131494344199 21.7318854490982 9.8664495557048 5.94149690988356 -5.07004077965706 5.46009382257012 -6.49443676611318 20.1900666263318 20.5900825286032 11.2884150903579
Uropsilus_gracilis -155.091366676889 -3.05540478854697 13.7551514816034 -56.1094273651942 -61.877720888311 -15.7555000917235 28.1312760917132 -18.551472746071 40.5663817684352 -6.34654486247045 22.5856963145656 -16.4691461724377 22.0289145489675 26.8910603895133 14.691178680319 -20.2930252674718 -1.77738203093898 0.0699767067226015 2.00000775487273 0.389456688313892 -3.34066239694801 14.7587415038317 8.84123752785353
Ursus_arctos 10.6255629076957 -3.02183982091202 71.6955303481539 48.0017624895147 67.2371864942063 -3.31929534964338 10.5705638432738 -0.980991632061778 -9.46584081606809 -29.1547196078374 -35.045062630964 23.4750059212872 27.331905477581 -28.9269942031416 4.07023879338823 40.5672397501418 6.04222075714047 -12.9669029391685 6.31086866639952 -4.28301074107434 15.6186396523227 15.8624327805793 2.7911023227135
Ustatochoerus_profectus 22.6301920743161 51.481018272828 -25.5832048295048 103.244137166637 108.024454937748 69.7151594708768 7.53890274646028 7.60749121599043 34.299222357898 19.8875164191619 -14.6987525488806 18.4907815860639 17.2809025674035 -7.97290021804925 34.2931450830575 1.79396454828659 30.982341746339 8.97549612166485 -28.4012235567 8.23667917424143 24.4535655770446 11.2898933417852 -11.5730957217011
Vampyrum_spectrum -24.3144955029744 40.5742003923049 45.7612360768746 22.5429077185576 54.6941169388913 35.1523163080994 18.6196293730405 -62.0047255813 24.9859975987444 27.9165060907118 -6.8560058182704 32.2015048227727 9.64893583021081 -1.3984731757585 30.4810857524268 -5.82674029384219 12.166451556173 7.07088788903598 -1.92463122181285 -13.8508511262831 11.5183135518714 37.3289296832709 14.4823507729579
Vandeleuria_oleracea -23.303374489859 -12.8857592275815 25.084054808503 12.5987790918784 -5.08256470835267 11.8510384132405 20.4544777366888 6.9534069823088 0.15205728231077 22.9587011928189 -3.72989255626677 6.25870156028564 -3.48321270555367 -14.5981418004801 38.9714055154116 -6.03898677260962 -2.56891080558995 0.626377147089275 11.5038587639062 10.1154719465354 16.8459316631457 -2.68651224793348 11.5296984306874
Varecia_variegata -73.3270280093165 -17.7429044576353 44.1039439421939 86.3800534781551 -0.307657906553289 34.7144278945721 -9.02577636334964 0.244326868613504 -16.1389068197437 24.2687014310038 -15.0832657436455 15.3565205966487 3.34839617645226 -4.14578591875461 -6.78230346524813 -5.18143324333135 10.5750063270402 -13.5736262722675 -2.11763221704163 -3.49925944020254 11.0166729150601 -2.41892704347447 10.6160698686392
Vombatus_ursinus -13.6941871262412 -0.36161182621559 -6.31694212031396 24.3153192323575 -19.3508742525809 0.322929074057391 2.75718301834404 1.14058810345441 1.98953363878769 28.4234598088081 -28.0717758639058 23.5502451025261 -10.7567917374743 -1.11996344218947 -6.50955883415191 -0.327590440964905 5.68677132149722 -6.704963985575 4.05327502567358 -9.31075431069504 9.42994476392396 8.75024246159672 11.2903312725341
Vulpes_lagopus -37.2935723138364 -67.774390377151 86.1402645977816 73.4989400951571 34.3824197627372 -4.25600610385422 -9.91369100541507 -11.1905291690886 6.27944417439425 -3.7242305957663 -21.2788147468456 25.5238523938872 -16.7467794308404 -6.1240358766687 -23.1504151812324 4.73221882195992 -9.44971155407992 -30.7162706086125 8.25529796321993 -0.0708456028777227 21.1856337370197 -2.2675311778589 3.86797097392533
Wallabia_bicolor 42.2483458807587 -28.1415905401368 64.5983705536784 83.3690877169946 -48.2685584201161 18.8827727858988 33.9453095611643 6.46530235911112 -2.98769937894674 16.2440832578603 -17.0049605284787 29.7666143752396 -1.63133093173566 17.2517790419031 -12.7708512774672 6.28894853874625 10.926960131329 -2.23055310037924 5.68522954905664 -5.29786174820815 22.9165989204408 4.24864031452892 12.9249748013819
Yalkaparidon_coheni -31.9557006074743 -14.4387612329677 7.4287989574964 -51.1217783368172 -17.2176682773728 -19.4210027476551 29.9198048063496 -18.1743574240685 53.343512957211 34.0533816306322 -6.16894723834093 29.4368768974892 2.33947565338144 13.2756109986028 -7.64929503280947 -15.1093000276926 -1.3790689493707 3.98615525787029 6.04969849223361 0.720935613333653 4.30593554101172 -2.59463043247395 4.49951326037068
Zaglossus_bartoni -131.33206016037 64.1785347326545 24.0072528937872 11.8165675166922 -20.3141056649591 -26.6561107121562 -54.3486346224426 1.89576146951482 2.35386014322106 -48.9750482473498 9.33136924190775 -8.84695891301606 -14.1894571693115 12.7397458270948 -19.1118281391298 2.60212360309872 -5.06367639217452 -9.92120766188993 13.9631674031589 -13.2317201217125 -7.82367734361362 -4.77600695379774 -9.75459949251965
Zalophus_californianus -61.4218871589545 84.8704099369222 106.367453030267 70.0526401491889 80.7645009378436 -22.6376617839538 -6.77605120660617 12.863768279361 -53.8085138307493 -19.5462232251398 31.5504915785909 27.4995798795493 11.3764497721065 -1.2468364303574 -11.665785339551 22.5415283395649 -12.1134416741466 -18.7303888973761 11.3770536904558 14.7789352210671 42.8826444642309 23.7963041223951 5.36833756609006
Zapus_hudsonius -32.2360504484576 -1.00205429433673 2.87878690792729 4.54725547074428 -11.8685397266128 0.104583849955559 29.0729142783988 -1.45061153583779 32.6400069129994 39.2799087710014 -10.83820940584 19.3773483359736 1.51747267923891 -1.18921971304258 22.8916039043481 3.5153886110089 9.07847584985733 -5.65952903490963 2.32724655135919 16.2617803282015 12.4599897064548 -0.3362622500922 7.98936082144825
Zenkerella_insignis 32.5347479220638 -72.2779552367595 18.0562008943463 18.2810043997044 21.4862975477532 16.3744680485267 25.3851551997173 0.203985472177404 -13.3984465716614 30.6115261776521 2.30740680730984 14.4560900729111 0.978694935274527 -5.54110486116355 33.5274671294889 7.20857682649325 1.99067989709149 0.464651715168554 -5.13080854611267 16.0110186869912 24.2072421468262 18.0761149306505 18.9623827386402
Zodiolestes_daimonedlixensis 21.5396785190366 28.2507746015336 73.8557857855762 8.15296275954783 -21.3775522585235 -1.38493540880967 -20.0330997000375 -19.0043884233714 -5.94892414172786 -1.89876929526797 16.6981329065104 14.54442537657 -6.53154462388911 -27.7353633568241 -7.02856674576089 8.51935153500467 9.77643628842831 -9.66016100556953 -1.59980045912043 -0.764479221716902 11.6173062096999 11.705617615761 11.4188932520908
Zygodontomys_brevicauda -21.1232602397436 11.212575892604 11.4798837939972 -29.6833032405876 -22.4960596730125 -6.0540971531642 12.6293750106205 -15.2820818535592 23.9995716192781 20.934783127467 2.71654706018853 8.07881851379688 -0.77876598185009 -20.819260246728 20.6732040327894 2.91835433094657 8.24774331564544 -4.33172722127087 6.76015041137294 12.6737412856638 21.7235388534751 7.02515902712671 5.90947028958656
Zygomaturus_trilobus -42.8771113203747 -42.048110043858 13.0298078967866 -30.9320133999522 15.8042052883242 -25.4831268949879 3.94469175614403 -5.57941645756178 -40.893707733349 -9.90948297012583 -11.2092178758613 17.1573076610107 5.77929925331366 -6.50428629351823 -1.20955392011324 14.4566375912569 7.37399316434297 -10.5230102881638 -12.0629781750156 6.21037454431086 15.4187852050184 3.26640334821696 -4.89614649431541
