Abrocoma_cinerea 83.8907844087132 -14.1894172131403 -69.5398995986057 -38.3645503939352 3.86447855176254 3.49644293583932 -23.2798013037846 -18.4036638645061 -31.4828547804249 -14.2787417697595 -41.2649001878015 17.2204372094943 -32.2792245087462 17.0071800473578 28.4946287241395 -2.05491623101317 15.5185816429725 -3.77304793346703 1.04135438945115 1.29557681111499 -1.28430744325169 -4.22052541662069 8.47777873102328 19.2743503016124
Abrothrix_olivacea -71.2818447534087 4.89160113264194 51.3141577826947 10.4189946199043 66.0758186811851 16.26272285233 -10.7749208526706 -2.99411535303076 0.972635429425835 -9.56444079624834 -24.4506616291935 4.07293895659744 -12.1042461527843 30.2936159222024 10.2821851496692 -0.929705275804168 17.8372354964778 -20.6260986409316 -3.42373631878877 11.5480023468789 0.287341567189978 -18.9571207745255 12.5882875542675 8.77252007837276
Acinonyx_jubatus -61.8502344135368 -23.8838814223905 56.0173035257287 -131.446025799584 -34.0653700525008 10.5663168582718 6.1825861756633 6.28717366255053 14.033189166216 -14.9647846068915 4.21267984031481 -28.9991933410336 8.92603191506661 21.5356241658019 -12.2672151763013 23.3678477850684 -23.9843700929719 -8.10740620061477 -14.3338463704513 -5.73545411955246 -4.59947085360151 -4.11156088934437 -8.84529990478878 -2.78390129100506
Acomys_cahirinus -22.7602784747202 -20.6303485230056 14.8345531199748 12.9682624864084 40.253458307127 11.6623234018139 -14.4761506519139 -24.7903575466955 20.8183526767276 -12.5271962109863 -35.9096472500633 5.57745960144199 -17.5134612532006 17.1208661469852 24.8882932757363 -2.51889079149827 0.669487990358885 -0.831415491263696 6.02868402193208 16.1070832393762 -4.28568067447745 1.24205334748829 10.0396432163836 8.85344627580274
Acrobates_pygmaeus -70.1686735672109 -12.2182638367753 -26.0467533143807 17.0220498143768 30.8214252828973 16.4232965522674 -14.7973415353777 -17.6454493319038 10.1373092272956 -13.600855076698 -41.53180397827 -12.3409686870024 25.9445492864387 -23.3056525272702 3.26961287331147 3.33917662260217 4.83581158909087 -9.83219735548618 -24.3737318253114 -5.35300711188132 7.09000164664617 -15.8746756160966 18.4247175367277 13.5033140805314
Adapis_parisiensis 25.5620902379025 11.455926734122 26.0324757678798 -55.2692972352707 21.6669359651828 16.5341606506863 -10.3324992803442 -31.3553111667004 -29.2137069699212 -14.5714785068537 -10.4253107723582 -13.4578898997154 -10.0766304936895 16.7887648755527 5.27654545911327 -3.88908092600828 4.6248574163327 0.0651793754268689 -2.41881647111677 -5.19753393932023 -13.5143743848772 -8.02602669450222 -8.05429478958848 3.33132229103807
Adinotherium_ovinum 97.8905455518681 -25.2383381859067 -51.071494325927 -68.2112645508961 0.578704177099612 34.0287973573604 26.8534907891694 12.3902068451579 9.39268369010745 16.1682825816659 -18.9203793468272 -19.7668794525381 -32.7013815786111 44.4389088579558 -4.46864545284697 5.30984104436012 0.996227703325397 -12.0694896309723 10.1290052461044 -6.33665178318433 4.11351236227052 -6.63648548684006 22.1829572407435 11.7228378678229
Aenocyon_dirus 9.57749979857856 -0.929804728007597 112.777422017034 -128.825083666245 -6.0992565037788 11.0427075708015 30.2619510576251 2.68876470431576 -2.60532200364457 18.2243480090761 11.5245721137634 -33.5637887448947 3.81440755248674 21.1118234937319 -13.1280570086443 27.2614434218832 -5.38508306596291 1.3149850251462 0.393321503275847 5.06340165405862 4.90204735836549 -16.894247454596 0.868703599449203 6.04130809333867
Aepeomys_lugens -84.5295415772946 -12.4366921174253 39.9319133808476 -8.33578189548501 58.0109470082203 9.46676921650665 -17.4985151545125 9.00649741384145 20.4208972362739 -5.55884716915662 -32.3993206512686 -7.52497134326878 1.09954115258926 11.1122139286261 31.5092513893727 -3.52172224723715 11.866306799145 -10.6433524556886 8.04275768733353 10.9159343323536 -13.3058425461232 -13.4591558684424 17.2033349543255 8.92573992532121
Aethalops_alecto -9.18518073122607 -60.8383852800761 -3.67196597606723 -7.69092907497083 -6.89387682060381 14.4782189983194 -9.03362405460256 -21.7420356211433 32.3246470520942 31.4137363232456 1.20149448254842 -30.0255722094576 -0.26205792090178 10.8594008647753 10.3611755246093 -3.72399584574501 -2.4323961380811 -9.88695324230508 7.18513436488575 7.10951135992323 17.9909475454173 -8.43209824670349 11.2775183425127 12.9541775920287
Agriochoerus_sp 60.0973233660015 84.5422546584665 -10.3317432529745 -51.9261006113056 -60.5251588284641 -23.2740004261976 1.54247239892114 6.90595645982858 5.99385414898757 -8.5235981002822 -18.7169781101704 -19.4594074265625 -6.03579934459766 19.2586587285696 29.3242488596831 3.3488971407137 -5.40216877679654 5.97964145665693 -7.42784790639893 2.58410556676394 0.728456846256331 9.06352596388168 -1.97158905221297 -3.416860661075
Ailuropoda_melanoleuca -47.7064205090444 -36.0823707688748 92.091399118423 -79.1431381695845 -15.7921726634562 9.44032753792033 -4.06260522114105 9.21287461297716 34.206247830374 -34.3840558075911 -6.01399809323517 -10.9636679708473 -38.9641472889678 21.3101391155594 -1.66296147857072 10.8549730405659 -2.36014233567921 -2.52101428331151 -17.6648767307915 -5.32579087073874 -17.5315488689659 -0.657095121765116 -3.33024570352124 0.531874056669391
Ailurus_fulgens -61.8138499495306 -32.989264702143 61.0973765913634 -143.32153425017 -14.8929972396283 -28.59507647599 4.5035451276191 -20.5902720462231 29.7776697676151 -21.3218907739724 18.8839573536988 -12.2235719403527 -2.35980213701844 5.168063813395 16.5753598337156 17.1380370598753 -0.566498869268231 1.85925078574411 4.0650779558144 -2.03449353137418 -9.47622606660631 -3.75655917591998 9.89349002923456 21.5243409768577
Albacetus_salvifactus -151.961581907587 33.7653124148198 37.3885355970023 24.0625863753279 -73.6870547502138 -20.4281494572203 54.4533998752278 -10.5045852939399 14.7321249128246 15.4857821088669 -19.7395480398049 11.7207206305638 5.52701924324254 13.5174753600992 -34.7441152639668 27.2172787096378 -9.03714455321361 -32.034966797429 -7.87964048939108 11.8286890076265 -20.0275159402019 5.47281203673319 -6.60153320444077 7.77177424454829
Alcelaphus_buselaphus -38.2804929516583 -32.8316458494987 -72.0676975337089 -76.6771771980828 -34.0520890916388 5.87922656583257 9.55795706432852 25.4699978234881 -6.34131317460174 -16.5826153472014 32.393361392713 -47.0892983398676 -45.9519364092988 -12.0934859236651 -5.74484352966758 -7.47371154642018 -8.02925597014031 -4.57145463856239 -8.20635587216939 -9.89810468930063 -7.70503759840305 -0.0733362271343562 6.3883610421638 -10.479779497499
Alces_alces 30.5898335486491 -62.9758989483197 21.6269344864864 -120.416705580899 16.832079271853 -1.88484732292484 20.4315368587553 15.5654383950811 -24.900449723172 -19.1099402489189 25.0830572175551 -13.7811357500534 -0.70015347780013 13.7405555591393 11.7661439746989 -19.9533998624684 2.14020742579882 -20.6176918674463 -4.88324355941338 11.167174893355 -4.63171051042034 -1.84664173231066 16.1257618978489 -1.18787464504973
Alouatta_palliata -67.9538530540715 -79.166313371326 111.470788573207 -136.071777459028 18.0979502638951 3.11196395693825 25.4678550112365 -29.8770268489583 -37.535145554794 -37.3535783673043 17.3786662173742 16.065874306714 -13.4878632448697 8.89589894248333 -11.7769702563002 -5.03815406506542 1.61792253791057 -6.53565405420503 -21.7222846500028 2.03102452242279 2.90011131812114 -30.7292528200932 -2.57582455882406 14.8191874832458
Alticola_argentatus 11.5103501798588 -9.2948353245452 11.0868034592004 21.6464811871336 12.0569956236081 7.34442315311567 6.39302589629196 -36.4408548755455 -24.407440660122 -2.2804840455431 -2.96541118908656 7.3517935961379 -1.28140672718133 8.76735189694833 12.0798428127409 -13.625961571779 4.87987149268985 -5.05224717322843 7.71765747564686 -3.03741300244846 -1.0599667569564 -17.8949835279362 -1.68582829179099 -7.00322521461777
Amblysomus_hottentotus -186.550254336963 -96.3974222032582 -53.778809834726 1.88507363043526 15.0234218430089 -18.3922950622411 -2.28530599614769 35.2173451647179 54.3453949107322 59.2088052114604 -46.1308016591626 11.4510905955659 -22.7889582923339 -5.23257020491377 12.4228526784966 16.0052288766481 -0.901164739853764 15.7577677053972 -9.80017969579032 -16.9184010726237 2.02877632762402 -6.99549276381194 -11.6018519103272 10.4856486379967
Amynodon_advenus 50.6281264135758 -31.0026521174581 -103.531377037432 -89.015940387095 -43.4482393810603 -10.0439887051012 7.34053976986276 -20.8357917586399 0.529431187661208 9.59619380217428 8.36186766973142 8.87434777413581 -14.6446869111489 32.2558662435577 -1.53120854728686 17.073081953371 12.4521845902347 -0.223954323419252 9.76038166383943 25.5129869380672 7.93875291137591 -1.91357771313133 13.2735142162761 0.590682543522062
Anomalurus_beecrofti 24.8862712281925 -28.4274108932832 -5.46880298430281 -59.9205634171895 10.9719491421194 4.6103864416325 -4.46535053343525 -33.8112059907851 -19.7660832915604 -8.94815606942628 -13.4339826409019 -11.3534284020851 -3.0966254142997 10.346226419891 13.7314257088355 0.154410604739546 -1.85887447166933 10.35323175558 -2.21135326790786 -2.37164885933261 -3.50117112541114 -12.7820227613363 13.9987500805041 -0.301589339860894
Anoplotherium_sp 122.634553220711 46.1481844255249 -34.5271038648515 -57.3520263901008 -71.2768831227684 11.4437131495713 -27.3729251076127 34.4341185705139 6.65602755917889 -18.9563537339869 -3.05082084962509 -5.69208968376879 -13.0224993896646 27.1170374292833 -7.89950509218732 3.11978525261894 -1.64930941299309 -2.68334575368428 -5.93946127209858 -0.675362071701255 0.382496715377906 -26.6826235261287 2.67105508039373 -2.32359152529891
Anotomys_leander -71.5438256882645 -25.2131358315584 45.4242403761482 8.16491952332568 25.8823461902143 5.5546164121779 9.01450470449434 -13.7927290435952 15.3872589471065 -28.1872391862396 1.79778512529643 12.9157521712729 2.7038396564235 25.4680587184054 22.0401563969391 -14.3779709215249 3.19320434819899 -4.10656900940963 -10.3552952070361 9.88012058985182 -4.42829810869472 -8.39844660979996 23.610722564311 -4.70562558209314
Anoura_geoffroyi -44.8878290303789 -56.5530379048095 7.95164708776369 4.98443783152678 -44.0423281694158 21.3945799076289 -24.752992264466 -8.92651926593986 32.5935611953156 -34.0543200985712 -11.2702213106093 2.01542876644762 11.9398694898496 16.6111325092329 22.5866471908017 -16.6061795767695 5.85524013188287 -9.40953232011014 6.37570602385734 23.4844114831264 0.306513111717904 -1.62217348456272 15.1310625916174 18.9538359659332
Anourosorex_squamipes -90.2432471669568 -65.3349060734236 -14.4336601995035 60.3542861247384 35.7904183629217 15.3257322659469 4.17426305710364 22.1527687524344 46.1555744034666 32.7745728035625 -11.4943484512297 8.93410053268268 0.397644498244126 4.39542480235632 12.1102210235378 -34.2721427955637 1.32805358282605 -8.02974104846049 13.7002858793887 8.1159561851778 -10.0183100791344 0.210702273705124 13.4609025620798 4.14733774613504
Antechinus_flavipes -16.1529656176455 -30.5633525954692 13.2571178786297 60.517369076391 29.9249198390076 12.5677492842818 -10.2501911585476 -7.48170265012838 20.0832171044994 13.2699231718216 -20.8540052770397 -2.14215780346622 4.8901816066545 -0.943136499170937 11.6782394679407 -16.6177303090393 8.21810272902953 5.44330093968083 -10.1710516850374 -7.11826584999863 6.81545370858662 -2.10512518269532 9.76860718315815 6.71008239637018
Antilocapra_americana -31.5910199957327 -118.119704431805 11.3473361433416 -108.905971850552 -34.3474426056414 -7.73961223539884 -3.55513310820728 -13.7997363349317 -17.9842597989954 -17.1886114864855 31.5249234092966 -9.31325311316829 -19.1160903044708 -3.56677029603896 3.51216772326344 -6.43663257961661 -6.20568707219591 -28.4797486336684 5.92418452933447 6.02768868558525 -3.42184211368202 17.7779347258061 3.46422966046048 -0.610660417795142
Antrozous_pallidus 17.4236187592972 -2.03923698819791 -45.8653474248218 23.9885921658003 -42.737006691494 13.5047729780633 -12.6047136402752 -32.9539026658239 39.0390806932678 -15.9751572012963 10.7209418795514 34.2197438246792 -5.99304295511736 27.9258232354923 14.3721570182579 -22.1720314813945 15.7672704002495 0.857943197293751 24.2878426616285 25.7042704361174 12.4611369008055 14.7386229183732 34.5672282527631 5.6980364089137
Aotus_trivirgatus -84.7582029843064 -102.656129272615 116.212580267136 -118.472633754886 3.55162285572561 -0.407683992788422 19.8435287233728 -19.3840053476735 -38.1360691332944 -6.50223921196828 -4.69661374695007 10.2204398410855 -14.8363927481603 23.250459898441 -13.5035973834362 -11.9690191356234 -7.22434688237209 -7.01702521631386 -26.5156256038721 -9.73511352303673 7.68874680401871 -20.3777181511445 0.495999332475374 14.2167341636407
Aplodontia_rufa 11.2094403634993 5.20581929892923 6.86019457852031 8.67707805489343 34.6424270580806 10.5580212228056 0.00739223708069565 -26.8196607202269 23.4072355859199 -24.6584923021841 -14.0758359823396 -1.31933932941984 -9.93404396432827 14.9583995176183 -2.88213333863876 -4.79679020470657 21.0753002311096 -1.93268459068006 -7.5472156774087 -2.81210821731051 -5.05196581891935 -7.45267288093114 10.4005084589672 1.48710503305998
Apterodon_macrognathus -23.8860820061431 84.022051196333 20.7203347851432 -18.782361091319 -61.2483197284259 56.6301287242667 -10.5563274980118 42.0554723767867 -16.2892493343757 -7.19530625330843 -3.44715108283324 -40.7364953202876 -16.5727930702237 10.8592898942236 18.9553355090973 9.60594801753653 -14.0675628230869 -8.92095528276911 3.60750752486708 -1.06609789736133 1.30759352916341 -0.159135930188163 -7.40969755375976 13.1524660703262
Archaeolemur_sp -45.5412435422564 -119.919629102424 51.8016060892961 -88.2348102863717 27.0754423561851 -8.9814313984653 8.17454031832948 -2.82746050711159 5.18863656345823 -52.9916888965726 9.24180918512906 7.15624616696093 -16.5291318001446 -1.18396254101714 13.4859468826859 16.0285834283773 8.6730154032454 11.3396947717571 -6.20243246737353 -5.01035955818344 -9.891509952102 -19.32105862716 10.9162134754088 26.2672248954161
Archaeotherium_mortoni 75.9177475767638 12.1978858889544 -36.1031806714013 -69.7025261247765 -35.7231149837215 4.91953575069448 -13.4605711988601 -15.9357068600234 -13.8493545203385 -4.95071631801745 28.1762883926322 -4.98061977170225 15.884250571495 43.3400717345535 -4.56164866170322 15.2458684888409 -8.2625933963773 -12.8090947534609 11.0181142919773 9.41335645553249 21.273627980667 -13.2616674634829 10.4335200182323 10.2661631709098
Arctocyon_primaevus 54.1779981367262 74.4607679767343 42.1079559051066 27.4307689674884 -30.8387540500601 46.0955487238726 11.963324891171 25.5970708963413 -2.24732632200773 14.4708775887484 17.8921862066009 -19.1201662602309 1.87671642356726 1.64728498492836 22.4623893408384 19.1866130667019 -11.4437732158354 -3.09678094748318 19.8577005789061 8.36079339593731 -4.27631439330142 -10.3511550383653 13.7506744808126 2.27726607829946
Arctodus_simus -55.2277545714918 -36.3576696469815 73.7644047799249 -75.4682382147684 -46.7484418085239 -5.028412906593 -4.96985211350121 16.07881463602 9.18057983832473 10.0192880197523 15.7404576026072 -34.2734449690662 -14.9420281229125 37.9724763234808 -7.87562087143052 40.8418416407937 21.1923728359536 -11.6721247108899 -17.5137440662641 17.6675975958866 -11.1007025290089 -6.44034424680507 -6.27597478163043 7.33711077148855
Argyrocetus_joaquinensis -155.58141351653 120.25423284075 23.8243492750472 -12.3370910336186 -27.732387195954 -61.3857048000052 119.88682062014 -5.7948991854305 -55.2062162850071 16.174494816188 35.2413933202158 71.7755798734165 17.6584040131533 35.933537249134 8.53773581217467 23.9443394956297 6.53545213692567 13.2037971045525 -10.361553552147 -5.99372808958481 -22.4191833745024 -18.0172001384501 -29.8159169350986 -3.49691464644004
Artibeus_planirostris -77.1292917338419 -34.7020782107404 17.8772358607757 -21.0443303272947 -22.3441733122237 23.7153058619739 -20.5294462590049 -21.7911812640272 48.5333079002373 -0.80059826958655 -4.24184596458751 -13.9935375021681 28.5556581482092 14.1002720187293 28.5502510116839 -21.352246916441 7.3919800047917 3.32358009447933 -3.31664494380275 11.2047406058484 -5.17214406584237 -4.07293614643326 1.25497943562727 24.9466004593042
Arvicola_scherman 0.518085199199328 22.6968631146097 -7.32318666657371 12.5251400758157 37.3997876367916 -1.91254084202393 26.364110263918 -15.3229903642662 -11.4869418223754 2.0347190017526 -7.06953598747205 -10.7021132569185 -13.1245489109057 26.0435486844479 14.5634652074848 -7.16125967861913 19.7066195427125 0.269300074239885 -9.69242384850392 -10.6402033795089 2.58366772263492 -17.1562331479775 16.4561885423309 -2.91156290953296
Asellia_tridens 46.6481707736398 -25.9013990709041 -24.3128822218187 -5.20335097989598 -60.6321184201026 21.6656153404879 -16.1221690525717 -55.0623126341485 58.0547811057601 -19.1591914708873 -4.31731684758564 22.3894020722649 3.21858687376466 5.86925396744313 -6.54357883057375 -17.0176111452974 -2.71011846296729 -0.415158675856274 -1.36767818458954 25.5099767459544 16.0872490919111 19.7029063436868 21.7998107214974 16.1034580523326
Ateles_geoffroyi -111.237231761138 -112.723677876383 94.4445667868604 -159.370526894245 12.4237795896446 -26.2889537823423 30.9444906543706 -9.7963991626203 -21.7354781040474 -38.5250378445249 21.4777835185879 29.0613412608589 -9.82596363543703 -10.5456558102702 -31.2532254911217 16.5136774671683 -5.54408318941691 -3.652715381833 -19.9722713505732 2.10810478401105 -3.38818544619425 -28.2513992942375 -4.72518272586534 19.4419059435258
Aulophyseter_morricei -186.163929518698 36.8468852450528 -55.8939402164344 18.8901916303865 -47.6219576636157 -96.4776546811929 151.665698566015 -19.9800163808349 -44.0954044968188 47.4315955202488 15.177044842993 108.124608466137 18.2961930130014 33.9188139762433 -38.3075404644251 18.6027867536532 -31.0391972090878 14.8690518552607 -38.655413364914 -10.7420342273761 -45.8870921011755 6.31851239699973 -14.4801977783609 23.789480199911
Australopithecus_africanus -113.703706923974 -138.696883539897 30.6228225944676 -200.473738102675 -28.588627351644 -14.4499162750753 40.2723249877274 -7.09930719020454 19.4456454452895 -53.1264698002264 25.0307222072325 49.1286072598608 -11.4031027054866 -16.0333217016134 -4.25979500566252 39.2128163792326 8.65503815070152 22.3313804233253 -44.4152435021484 -7.69459541592512 -2.68732915165376 -34.6083066258125 5.85769843737523 24.0452801827421
Babakotia_radofilai 25.4207479826972 -80.1251914283201 88.7339377153502 -98.8073156705709 15.5643933218601 8.76604634619281 3.27831790597226 -8.61176576505931 -23.1717030900366 -52.2940060389837 17.2602358212941 7.61569109686442 -9.44179451373152 5.18497095628577 7.31287472478618 1.38659601856582 11.8882489699433 7.80433584337185 -1.7397307946408 11.4751091031958 -5.20133612346546 -26.6569814267847 15.5176758294584 13.844126822708
Baiomys_taylori -19.7599175304371 -26.0430709687153 26.1772237692189 23.481128516891 36.6864033444352 16.7177441309404 -7.95494994769354 -22.7753739041498 2.92162967595902 3.68020590937872 -20.2164439595712 6.32010105929572 1.6550223994213 23.8011251211791 19.342136431057 -6.9362318192282 -0.0340906527443812 -2.3319291379666 3.22735336398782 18.400757391877 -2.14335688948881 -14.2701691977624 4.58978435139989 -0.826668948276472
Balbaroo_nalima 55.1544507636418 -16.7306668981453 15.1907450168323 -23.7642894512391 1.20822240601559 11.0842163565655 -13.9075200540858 -8.81195275894295 20.4699425529062 -8.78402302614851 1.77547356481277 -20.816735356159 7.7767145928515 10.2321192858333 20.2638399118333 5.07827727280522 -5.30679584000333 2.01708739002665 -0.0403406121197876 4.82681001362316 1.71547648742317 -11.7646668310243 5.44293860837603 10.1079168494231
Barinya_wangala 57.7746632098523 20.9800441535533 44.0392456799972 32.0435867945107 -11.9536988697946 22.2320195253499 -0.603977182761489 -14.7847099188776 32.2386531456655 15.364255838608 -3.26999501992818 -6.2808908770014 1.66137377266239 8.06601777004447 9.92840841228225 -5.19105993267724 2.04139894221272 9.91336654588381 1.37564897668849 5.21260756971338 5.56177256685308 -0.503504370861922 2.19016522076729 -7.26077072263574
Barylambda_schmidti -19.826121273268 122.146744966064 -64.0154515949225 -17.1377865338033 -99.4807558902581 62.1761364236839 -16.8176279787269 39.0619585017961 -7.10473516938796 3.04836791092345 -41.2122619152854 5.25929632317428 64.977687130445 20.3170507273573 10.8360763538378 -16.5447520647281 18.6109970152775 5.0109908562463 -23.1737231955646 -5.45847259179716 7.35652779831466 -19.456136305128 10.8220327816595 0.988059386921483
Bathyergus_suillus 14.016558259984 -6.9218101120395 -35.6431566255248 14.0778833691324 24.7085902508559 36.1040020584711 -13.9502228820469 -9.59884114514062 0.244865017212393 -1.1618120371854 -4.59819006043699 3.68821639696697 -9.43915918767481 32.2051269089178 17.1999438260353 -12.8953775568763 30.3667818408989 0.214523511685213 5.1271727130308 0.865909767971848 0.390051182134736 -17.6879367752175 9.46539129367282 13.9130347175069
Batomys_salomonseni -11.0030029321656 -47.875771806706 29.015358184874 7.85985999044283 22.5914425663315 17.9834536335327 0.981150655347228 -18.574286102249 4.08929628513375 3.82636842197073 -19.7607951771714 -7.13780929624585 7.24952181330504 21.6467967747672 26.4293817805503 2.82875708744189 1.08764042973367 -1.99002680164484 -1.57931907868789 8.30725607619909 -1.21607108147485 -14.9464811416463 7.42966537650357 5.47480082758719
Beamys_hindei 44.1559701214303 -20.7946988540581 24.1351302915524 3.34056553721071 12.4131051038124 18.3437139089199 -4.74726719064316 -15.8849670373142 18.1455146841155 -4.08154088566545 -26.5432630245323 -11.3054474457538 -3.22089242639658 14.4201305829836 19.2265236790305 2.38287015992028 1.57393513791768 -2.02091187111582 2.85278128740459 8.24536371126837 -0.315750013309617 -15.3962718814835 6.54236160375147 8.64483792255792
Berylmys_bowersi -1.23604580529366 7.23082423661134 21.2111168217347 10.281265201856 6.2612027066532 17.1801631688351 -0.88666781919534 -22.1580223511047 13.8112242947151 -2.71511996087995 -17.6398789240522 -11.8818976496749 -9.58222376130787 12.4949660933287 21.3178322638188 -3.88421592491341 -3.05313139924772 -6.25145922041234 4.3131970568871 8.65721302606679 -9.11480021073151 -13.7216694252056 4.99188895900316 3.3486810869352
Bettongia_penicillata -3.02843941529771 -66.5610971071922 31.4062873369811 -53.3648380578214 38.1267961524388 -9.15502641370728 1.06379957260851 -18.5133315335304 28.6828051426204 6.11630350971534 15.7657239465729 -27.5570175090445 13.4317649970502 -16.5980832493554 0.468827630846576 6.51163229422419 -3.68568986729159 -1.69918357481107 4.06325299912281 -2.90698399013544 11.7161372463327 -6.24901624854669 0.107447197998345 -0.840869672829723
Bison_bison -13.854216562014 -41.9767158982563 13.8634746470256 -79.7681338387665 -38.0782812481168 4.47661879640526 24.9677795790785 27.3285039530856 -12.7980969987537 -9.18536951925837 4.37322357523943 -44.6511240155289 -24.7415724878832 16.2189170782211 -23.753806329158 -7.06922636374478 4.27770974839472 -24.0265567347719 -10.5831410549679 8.92780583567976 -5.5822691545172 -8.80526437343991 6.98851960304922 -13.7141683549997
Blarina_brevicauda -92.351083121019 -60.805804990745 2.27037473404949 82.2095832773424 50.9991956560165 13.0273920587476 5.95585238796602 28.6746352273382 61.413989401626 29.9291844363686 -4.49909892496493 18.6030352066218 -3.00199235982631 -2.43520140549446 -1.83823958745578 -17.5099797215766 4.10877588411903 0.227767635799667 13.271920948631 1.36659860048703 -8.70347849864859 -3.87746537685755 -1.08443030092907 -2.82283496652273
Blarinella_quadraticauda -42.6607764933773 -53.7268130661441 25.5420760842542 87.3152671392131 47.7678290313326 25.5973831231002 1.80703745718684 22.4035383620791 29.6362628968672 33.6486072155877 1.47008537649642 14.941741673425 18.7604661105243 2.20778096070981 -6.08214262678884 -26.622356910798 -4.92365871723201 -7.58041978741479 -1.49889982580911 7.84044563374644 -3.36440659145776 -3.97679131184395 10.8702893773822 1.09161743141375
Borhyaena_tuberata 114.656125412188 37.8218654657538 -12.1749673483049 -1.82432872018825 -22.7496160990756 37.622084545754 -7.59509930492886 25.2491887547746 -19.9907923080429 -7.99411278942078 20.92239230246 -10.7801111669744 -4.30389901588351 -5.07496684794318 6.18557791527316 -6.37661974609556 4.75572273083139 -18.2691193391637 10.5215985553698 0.344032829445503 14.2117171309452 -17.6654422382023 -8.57042984191155 -1.35090849360001
Bradypus_tridactylus -18.9363254091108 -29.3552865055891 -13.0207391395648 -59.7573826364266 -50.0789974414764 -26.6461330063694 21.2718367394456 15.6078100040901 -1.54420197000409 -27.1720049165481 2.6637873644498 -30.4332110782852 5.4163912055213 15.7162126517579 22.420555489253 -8.8383880693698 0.336879590883161 -15.2523743923381 4.53812338553344 18.2466329149245 2.58268602657513 -3.6004972737188 -0.904528102480227 2.3711455805592
Caenolestes_fuliginosus -88.8118217765627 -6.95047572528076 -2.46776478547745 17.969050540465 60.5571528715855 12.7285338537201 -11.7334284699421 5.44766430942469 49.0041669932465 30.2666666338383 -22.7629721595132 -4.87635889072568 6.36084072280527 14.4881867271618 33.7803291690525 -7.40256076604616 12.0321779025797 4.3191723474986 4.41651276003768 3.82001519059783 10.8520194294662 -7.38090586397007 4.92036138824036 11.2640960905926
Caenomeryx_filholi 73.6730542114829 -25.8481839264164 18.0828554944865 -97.1405942200679 4.80547197863314 1.95749906826027 -2.25492917292962 -31.2180763073295 -3.62753993789602 1.1126618476642 0.68257064925133 -19.1554546933292 3.14628173939509 -3.43058568737207 5.33848138432793 0.375756904629248 10.8713505111598 -0.367382750179435 -5.16070733215189 5.33070426666657 13.3012757731023 3.17418606906925 4.18609047975625 12.0476865594776
Callosciurus_notatus 8.03293833508386 -52.539419352705 18.6657412746474 -59.1501046833029 24.6381960235854 -0.261554618431197 -13.9935035789983 -28.5149319493607 17.6770430241421 -8.74190046633085 3.27271879074368 -23.9462052233555 5.20853058073054 -4.06221866623158 10.8343338699414 7.3734963935381 2.39011821015553 -14.0540793875056 -4.60852280062633 2.09666865369213 5.58608164976841 -9.89489778690478 11.1776419002553 10.6758904903548
Calomys_laucha -66.8458195928754 10.060980613845 38.1977342322656 1.22662639497507 51.8713992599134 32.912309338202 -11.7534308115401 -17.7693264984703 0.992483339842135 0.072431185935791 -31.4829120106992 -2.53611153027319 -13.3031519223025 20.9436891459773 22.7010019119104 6.2223123528087 3.01147044167788 11.4415430050342 2.12904183363857 3.77572719928954 -5.76913096467614 -19.8384388768297 18.3002651272723 3.51172117457678
Calomyscus_bailwardi -12.2641641447871 -37.6952887285649 34.7528421081096 12.5867586077379 47.7860179687024 22.9995153836078 -13.2031161001162 -12.5937609366582 0.110732924199171 -29.7349834386438 -13.0631103331738 14.1218986983676 -1.29807263905795 23.9530810032233 16.1219419209657 2.80492810589757 -2.4373626516252 11.2546623881578 10.0204763919569 7.53084228033785 5.27445033140507 -25.4391864011113 21.4151593695686 -4.07606194651907
Caluromys_philander 23.0810056869317 -17.8614807625595 59.4550833368651 6.17040524630459 33.1538721238342 0.0815710767509463 -2.81878386801792 -16.7998346262915 20.0589360021503 -1.50189140643116 2.60292414778149 -12.355830430412 16.4667680390867 -1.84038463017489 -2.8441984411503 3.21206801110984 -13.2116820398119 10.3043161533193 -11.8423636026563 -1.49799999930863 2.50774958859456 -13.5871791397106 1.09756811512167 -0.0847961908534032
Caperea_marginata -83.5372604242792 89.7426438606748 59.5448763374963 37.1285905165266 -4.37357436287615 -55.7826693941564 92.4316476332833 -7.97127732820009 -10.6680273384928 2.36469016218367 25.1184913398384 17.4831563024802 13.6104822236329 -18.8744225210888 -28.8668293148038 31.1792564099159 -18.8605425137359 14.0457935554585 -13.9864879853203 5.5935558010626 -32.3586156262223 2.57801529585693 1.01752868452374 9.09397331331524
Capreolus_capreolus 4.23876431223167 -75.904467837649 9.67663170963781 -132.376648557632 9.57294271697283 -35.9515408572943 4.92865244299786 -9.02661232783324 -0.0547687683431226 -28.2347249410814 15.1772768522515 -17.1271610593822 6.25981440695762 -30.7752284381614 -8.98384188052334 -13.5863870666604 -4.71075268885279 -13.346306230243 -0.941143359288077 5.78356135993434 4.92136636174968 4.01937175326682 6.87250329694108 -4.31163887875972
Capromys_pilorides 10.382407176473 30.5299762041751 -17.3642826008979 -43.8767256843067 30.1586851695043 -2.57024502854374 -7.4076407823854 -24.0984816330061 10.5586646364296 -26.5438256265748 -6.11733491420668 4.07264679313901 5.24783239036799 34.8195446278666 1.95559149130394 -2.92713092740879 -6.14695365547341 -15.3738452688493 -11.0978678551653 4.24020468278506 -16.8873895765596 -8.16625258467092 6.08420022520518 5.92656811987354
Carpocyon_webbi 11.5390076159041 -34.6536101974717 116.025660930458 -57.2650455514134 -25.6641701795894 28.9532949904407 -12.6894237008192 -14.2130160918573 22.7951720190781 14.840163069247 -2.34855969250905 -28.7843462467525 -6.37319873821423 23.8096292996565 -6.60982468003585 18.0868062358067 -4.39948160915768 -4.41945079478119 -7.62364427766873 -8.5433406110247 2.94383996596373 -19.1184105935776 -0.287851162974023 16.5072913427102
Castor_canadensis 39.6469509364931 10.8111508993009 40.3767132729832 -29.5521457620674 9.60761318858938 23.0230629509629 12.4688365393174 -11.5898700977803 -38.4037150728764 -26.0921505289559 6.90777300585853 -11.0533754211555 -16.0694627978682 6.71971591472489 23.8427012197085 -10.8180497509061 13.1077800327773 3.5929660433807 4.33997537469735 -2.15470883240204 -8.31639209135975 -13.3261763414785 4.79609336146275 7.2000548209566
Catonyx_tarijensis -60.1826723848088 -8.56112285925814 -24.131596541609 -33.1790973361201 -44.1489140635404 35.876552549739 3.35431207417716 -22.927303890719 14.4676551563474 -28.5086400278311 8.71932267342153 -11.7208058598486 1.74690148138151 10.1670925247502 13.6733531646153 -5.77294701223416 14.6698299972513 -41.4530964496909 4.76257068952049 4.81995845644104 3.88010649914914 -4.68333691287616 6.93978083928494 12.4330212255975
Cavia_porcellus 104.476941262999 -43.4705740023302 34.601781719821 -55.0302208643763 -9.31329773885932 9.51816417491209 -18.1934459957913 -44.1354954980602 -30.2834295068927 -11.986313844523 9.2209510065784 25.2311856191741 6.70762165933159 11.9410448910713 -4.92798436495761 -25.9247268509223 3.21758365331547 -7.48114419079518 11.3790626931117 -5.15992486456269 6.67672961674834 -7.59318843776236 14.574765123643 9.24003831300607
Cebochoerus_lacustris 112.163091261746 61.5391409780862 3.52741359454778 -30.1445559898081 -66.4999976882567 -19.5376649982423 7.23591881710758 3.90654047270177 -3.03132831665371 25.2956053926585 -2.17007471939 -12.2303819700413 -10.8436470540169 26.6513829892761 26.2542117860647 8.29891222433127 -5.91131707147297 -7.23085570958088 -8.02319986337657 -2.65744211388994 12.7810019113557 -3.09542957600408 -1.00248271300184 12.5137577680436
Cedromus_wilsoni 54.7501355499448 -3.95075258625925 -1.0804084031602 -65.5486647252432 6.10522041956832 38.2602064830289 -12.1462502955459 -31.330877033013 -23.9308241598357 -8.13517496250068 -24.0696259962742 -5.30063866103122 -3.28104015340372 11.8597876799502 3.63763074543209 5.43064451121397 6.36191649153796 4.83830702342982 11.7610252225234 -7.91719737072261 -4.23705792382552 -4.94644600330395 13.0381473031931 -11.2446814659415
Cephalophus_leucogaster 28.0919183598529 -12.0588880985927 -9.04025694392531 -90.7921892520789 6.86962503383676 -22.5408138379825 24.8776256417665 -28.5133063293689 7.53342448421782 -24.0405704166034 29.2621383884592 -21.9649066425035 -1.51319737882443 -8.455901542077 -6.30153355721582 -10.6126482054256 -12.4369351707364 -10.3247452115791 1.66011046887876 4.39842724102524 12.9498850416592 -1.11456098815852 12.1276032075526 -3.33061591364933
Ceratotherium_simum 73.0818303508309 35.3652999388576 -17.5827554398788 -104.96421343601 -10.5133659359777 6.52784113967024 7.34766081181313 16.0055560690215 -26.6881650463998 -30.7474467244079 8.20210914959891 -26.1092377745394 -7.9733496994814 23.3704470682726 -32.9942027276202 -9.14593382196007 13.3417025270444 -25.7095554701955 1.99215765010845 25.5373143759887 -8.13699846788739 -17.0579326853879 12.5989653253601 16.6633355116014
Cercartetus_concinnus -15.4249971062277 -3.86001106303069 -26.7625129449844 12.195557174937 16.9296803364777 7.1606806380397 -0.384356638251502 -23.1830357327123 11.4617730677076 -6.38626820805479 -6.31940129618899 -11.3661211102762 6.93162701536363 12.8558105776261 3.85948378421579 -2.59022749990635 3.16883345470625 -7.63459171990198 -3.41580409788067 0.597754793043916 12.8258494081012 -13.1030109856931 11.2870326522889 -3.16989572870243
Cercopithecus_ascanius -102.849651573453 -50.0690375787563 127.621633798788 -173.564979902021 28.7393666001447 -4.16865397280416 39.3494550783661 -6.44793596412927 -14.6838518060904 -29.7839025045074 38.2398507592369 26.5051294566621 -16.5828639864383 -9.79296208153689 -29.3842333107687 17.4434177971225 11.7299992137965 17.5252834473186 -25.2817788503126 6.60664769842335 23.3990458909324 -19.9817121623467 -0.217944879889667 11.4578976793663
Cerdocyon_thous -27.7255377580517 -48.3811960778011 50.7989194150016 -89.985139565871 -17.9757835368423 -12.2882522503009 14.2090412796104 -6.00544033596746 29.9861065436018 -3.12272055492766 20.7362753833939 -40.2098371410905 6.47936774945088 13.6302110813207 -3.80107892566274 14.38374909617 -22.7318981525685 -9.05024360735536 -2.27175545651547 -5.54378742429222 6.57620373001398 -18.7825751555825 -1.160539801801 -0.822927807249168
Chadronia_margaretae 27.8835884974693 28.2706810313584 59.1759696135916 -14.2025004645108 -20.4574278798743 1.52063708313271 3.65541206206165 2.8057537901854 23.0302209798485 -28.0751963311878 6.38705006246662 -17.4424191136507 23.8277260526702 17.6679843459892 -14.3450892885058 -9.11070672790125 -7.30605268464688 -16.5924863811623 5.79686893882359 3.99625417161106 -3.0889781753751 -3.07549820281623 -7.74449836161188 3.94480043879929
Chaeropus_ecaudatus 30.3800266329643 -73.9133845081181 9.3048507047324 -6.12493368188682 39.7928894499897 11.3253894312766 0.480288730958456 -14.6179078740679 46.8862459243142 9.50036405187624 -1.18179794801432 -5.01275243972848 -4.44935813295131 9.96938625108192 16.7118938760712 -9.22828295700119 11.6032974074878 8.34975908785327 20.0920018538699 4.60968178688679 16.1074648405079 -7.01052960318662 21.1834387696727 5.23867608732877
Chaetodipus_penicillatus 75.9437039443616 -74.1874254057863 -41.8254423390358 -4.10929887159546 27.8138226753979 36.4586144060145 -19.4827583087203 -17.2231350913983 -26.113910923941 20.9154836106691 -19.656926620569 20.682241475685 -13.4765305929553 7.4142346384783 27.2045003882272 -8.92056779672406 11.9622008492958 -6.54873907898756 18.0371437033848 -7.36401004486334 12.8604322572526 -16.894627032473 16.4658344819334 16.4631872036716
Cheirogaleus_medius -21.2335661881733 -57.94616744965 62.8090100598133 -46.3087282657162 44.7889227710914 11.505926308784 0.571499312833126 -15.8984457373949 -17.0223056474787 -21.9736112484193 -10.6957868320383 -8.52059493674401 9.04046017125162 9.99922859488696 10.1949341638519 -5.49278484661624 0.73908595645599 5.56047245070312 -6.46920801247653 -3.85684276749157 6.27537480298684 -17.1534489779045 6.61022363283908 -0.603872264694643
Chibchanomys_trichotis -75.1953913900522 25.771991094132 31.9110293346407 -24.5400374525171 36.7871788440407 -4.06662026685907 12.5444657440748 -15.6768060239431 8.48498865287406 -28.5125660314684 -8.77771527067454 4.36025354473821 -2.08653634765387 12.5221634447697 32.8084050245982 -6.21798483340054 1.55990394160161 6.15034943328867 1.96340147524994 12.6341740817258 -12.2282083045651 -10.0335260155792 20.7107744937835 -4.66549257997131
Chinchilla_lanigera 105.688467921653 -90.0028395169331 -37.2130625565666 -78.7062766170894 13.878681573361 30.4746242947721 -14.4119228089209 -38.3335751821819 -41.1075037493212 7.5591540217394 -19.9228437637542 32.7693177172562 -22.2308008203648 0.410467724466262 6.78134152322593 -11.8760315598595 6.87691940619705 -5.47891424872223 13.594823471968 -8.35337542032386 2.12068962332342 9.59621255079477 4.41419420502277 22.8966855350198
Chlamyphorus_truncatus -205.32112138638 -105.099952198642 -24.208071836962 49.289255442089 22.7521296670788 -11.5312631620744 -2.87195694511981 24.0553776857209 60.9703826697275 52.1698843422196 -20.9201942231062 41.9352848556881 -15.0740658284466 -17.0464067104136 22.1673491817399 -21.9573979556225 4.37442551320469 0.0948080894866191 12.5058349961117 2.99397082873599 -9.63551251966847 -7.11983248014598 9.76435700956384 23.4469903115051
Chlorocebus_aethiops -79.3277939086298 -113.76946521893 108.801676586626 -131.910967175685 11.9626649916725 -3.18937878478252 35.8630465059764 -12.7101557707133 -18.1324534247417 -30.3458472442064 34.9037316910022 18.466024129025 -24.8298758080256 15.892520043462 -24.7559019843335 18.5940950406156 3.77584847557948 12.2846586973301 -34.3542870529147 -1.16535271103536 9.27617033080202 -27.4306349069005 2.8424387598552 13.5410225614685
Choloepus_hoffmanni 14.9057850953584 -71.1330148698122 -27.9006448576709 3.00622638634271 -23.3335881592726 16.5455345741518 19.5441140938776 4.89400297547034 -0.60704360551452 -4.66098595034205 19.4828139403376 -25.0785032892279 -4.11438852993669 7.74033415243457 -1.78535291064393 1.82478005151675 17.3622960913664 -20.3714875036731 11.4074234520095 11.9499574298117 6.15361919767736 -3.99330807739137 24.7488234240592 24.1425413031172
Chrysochloris_asiatica -169.320863120169 -94.6326146039917 -63.7572613782995 50.3316544154574 25.3271390549888 -31.9116653324354 1.30086107472222 10.684341429803 27.8576507143208 77.747021318663 -14.1429183221683 17.4087172714472 -16.8927931798454 -2.40077768072515 -23.7832719396321 -7.80348769279415 -13.6517403683368 -6.53041752774114 -17.0618958005552 -12.1404717804972 8.92839736648381 -15.0597425082315 -13.2921345226154 10.4675452853918
Civettictis_civetta 34.738111419685 -5.8071351904636 80.2090090828847 -66.0525609522393 -32.9723073587076 9.24858625704342 -18.4146402492133 8.10176456708096 -2.92957176124088 12.2386570407674 13.8872814616341 -36.7375404681505 11.7273751075471 32.5120767878213 1.34877534535166 16.4239897066564 -10.5834671121612 -23.8707103931243 -1.59063351295997 4.48002805933033 6.26339936853711 -19.947309048239 -9.32500030433623 13.7007214695247
Clethrionomys_glareolus 8.05302992949788 -14.5035541753135 6.61036922088225 24.0872734560572 18.1995599065518 1.69899031087494 10.3110244368016 -21.5227689887915 -19.3419968817674 -3.40424696309545 -11.0524051344713 4.68660338516153 -1.99903124958069 11.6821958818939 24.2371245249299 -4.57106618829333 6.91936321879445 -0.701363457032357 7.46214704555087 -0.225692689493092 -5.2985308775149 -18.8163551060001 5.60471105574814 -4.85000497743
Colobus_angolensis -92.7089784126229 -91.5888575306799 119.780867184167 -152.654861891254 42.3659476118948 8.21951616698562 27.0502678455305 -11.0789207658873 -30.1062613722376 -55.1572274420179 13.4891260359456 41.1224003715306 -8.3171012366418 -9.22942006704212 -18.1827591267244 10.810146591407 -1.90799401879661 27.0973848844177 -22.8886049192259 -3.3945069895934 14.4962275418916 -26.2813693560391 -1.48358713715046 6.29101508871193
Condylura_cristata -67.4696789213256 -97.6097967122749 33.9588538347313 14.9635194989042 22.816395127928 -2.08557632386397 -33.1577316049138 -18.0486154118682 27.4772516919507 14.2347117701625 4.45222906496549 12.3298870182365 23.4673581409334 8.73244028231192 -15.7790726902502 -20.974030197602 0.250141634802663 -14.2302793853767 -12.4846788183122 7.29122583421518 -5.84872669590454 -5.81218172631593 27.0392046659908 7.82272903724452
Cormohipparion_occidentale 2.45697036543832 -102.560333346743 37.0829698443868 -84.3524244604417 1.44989412761592 14.6945959722359 -20.7838387613743 -13.2526075942882 -15.8309250449208 3.20316589939437 20.5370797874276 -7.3792926528211 -10.6535982172445 32.915180513309 -1.60864118604067 -15.3132328847239 7.04805368195033 -31.6533894352877 20.8176957891012 4.48592735543137 -2.15306436648099 -4.93249290088126 14.149631717757 13.9645946947872
Craseonycteris_thonglongyai -68.9230007161155 -25.094194123423 -49.4722129442692 4.81795311485593 -36.7564414047308 31.853363029707 -13.485064538116 -43.6491967677855 42.363059175375 -30.8819812928777 -44.7796788634082 40.1821122629784 -5.0530257453769 29.6047046455088 27.8247587942021 -20.8469252480339 -8.6900808881503 10.5925639400184 6.37316516811119 31.7060570476325 -7.62969920661254 17.3250558981099 22.5056461825526 27.2682344786885
Cricetomys_gambianus 12.4787095130387 17.4789989916602 23.0981010599866 0.749139226661719 17.0443166530574 18.0819688514298 -5.00709146343569 -21.1346074759808 31.1289561186587 -4.38467002937963 -16.24435773716 -10.8844660984032 -8.09438133535247 17.8695215196487 20.2801991453317 4.8928907699102 6.9280860009912 -5.54585625365279 11.0677880036383 8.15436976841377 -7.39547469817064 -9.17431309374765 7.9020636840486 7.11178209315381
Cricetus_cricetus 16.6587560286554 58.232587863722 47.0394943583139 2.20109147255715 29.513417940585 6.77091190810729 19.7409241003759 -6.65448251879004 3.54593372916033 -0.707395845863346 7.37444594803638 -14.1582521774196 -12.3153584960509 18.3047784549646 10.6617506436983 4.16603383796878 13.0226804275242 -8.16354277991067 -6.30367853161105 -2.27907732762932 -3.97486316810032 -12.6444169948773 -5.60128710320548 3.65800974527184
Crocuta_crocuta -26.3601598771378 -8.56743528345901 69.6759716397525 -109.682510169834 -41.7213380727567 -4.65603350611747 26.8300591053539 12.1323513962828 -15.0086956120203 9.69115384596778 14.7454977687238 -52.3883113555644 -10.9830754791955 26.0390960174088 10.3257588100886 13.61618819855 -0.832795159503157 -14.5346304023586 -18.1544510035248 -1.42930113381246 12.2756669943607 -14.5568302483747 -4.4846263174248 10.0978474957697
Cryptoprocta_ferox -2.41726634692026 6.03427473237278 87.4350059924675 -64.8616542320578 -1.13155980626741 -9.26598548351273 1.95938382229128 -9.84348505979181 1.49699894896517 -13.8490999893829 5.98175330585507 -25.5270169453511 20.0067571220369 20.2399068427057 1.41499691496188 2.24826317481165 -15.3018057461668 -23.207078060507 -6.75054671503972 9.91379533035411 0.22753978826579 -20.4504745667945 4.38931074356722 10.1138820625714
Ctenodactylus_sp 96.9826690087695 -49.7388752270517 -24.8323258478104 0.198578290095181 -24.0566794980708 23.8025194916843 -16.6854559498738 -33.4590424748249 -8.00969764989706 -16.5453918812835 1.25593736834181 32.4736123768686 -10.4135584462855 1.6824507131636 12.3325662845819 -8.15380881111806 6.56241236164366 3.65545526178548 9.2652229868104 6.74412684444478 12.7221344585861 6.99352857970645 18.7765166124341 -5.16090592243782
Ctenomys_conoveri 48.2531014457599 28.2489751614857 -5.06798476756482 -16.695341771778 48.8995383602368 33.0885897603068 3.44727083561068 -18.5748689882816 -8.74751316608272 -12.3854010319813 -18.3683341842578 7.57983389238363 -14.1190913464345 21.5024223727319 10.7303713186417 -0.077204349827427 4.59631754500582 7.44540124781803 -13.2631681907211 -0.74603018912251 -4.78243195432401 12.055356062885 14.49622445284 2.06434277109964
Cuniculus_taczanowskii 22.4503962750686 43.5363275197233 -19.8871477943164 -40.5189348007756 35.1987921719835 -12.3205277381673 -13.3788714280291 -31.2987611430727 -10.7575474330507 2.83100717530948 2.03064219488066 -11.1244575906034 -8.69483319050317 14.4391021864217 10.0712372002243 -16.2402622398422 11.7700557786998 -15.3516755335178 -7.00963686918459 -11.065056523654 2.12140246387478 -7.50232932020413 8.7977873645017 -6.10869079409909
Cyclopes_didactylus -16.8646500838481 5.87884406333947 22.0111217373114 16.1642095952026 10.9487092487547 -29.9965967730535 -4.32031690529064 -19.517440831442 32.034415806212 -17.6928343506453 10.6712106371185 -14.4326058154173 -1.59738904502795 0.690565691898358 20.2712902575483 1.0336574161082 8.26536592752369 -3.32998563108134 -7.68931841713673 10.6712663660521 -1.28909502368626 -13.2325807927646 7.51452678730279 20.2708014600739
Cynocephalus_volans 44.5612839704144 -51.2135688730925 -41.0863898115271 -32.0914802440268 -26.8570828668067 -12.598095309826 0.903109559339868 -2.70372954642441 20.0304647076219 0.559692035917424 12.5882078208032 -28.3788013725765 -8.13046529278049 9.79534866563043 0.3633739248324 -1.59115031031354 -1.2436753662139 -0.181906287802898 -2.07152344547103 -2.36280415777685 18.1101337588507 -1.7284216297528 10.4563242518437 9.82314976671672
Cynodictis_cayluxi 41.6677843813608 41.6285887339768 42.5192762827875 -59.3028350507968 -24.8711475993572 0.889688990449735 -8.835162140414 -2.56663411674289 -8.54577209501935 11.4426581128062 -7.45181932265159 -30.0865941322408 22.0779797724164 34.2695882614825 2.6926881437071 19.496826720116 -9.99036373685023 -20.9331308065794 -15.7209626569135 1.48054611610352 11.6836812229482 0.29750595173775 -3.1630038363005 4.76447575231106
Cynohyaenodon_cayluxi 70.3122574638786 74.751544743724 28.3337093169443 -9.43691881550754 -54.5605176585058 -1.59067000206942 -21.1000174571004 11.692758945971 33.9862943158004 15.3976331463692 2.16367492380372 -20.9328786852026 -2.69144390408277 27.5276710931714 12.635112187449 19.0944626122503 1.91385307060445 4.25725640202159 -1.28609279053809 7.50920425862435 12.334067075698 -5.83096506519054 -5.94307732214756 8.88658874771598
Dactylomys_boliviensis 27.0774867149661 44.0395864648749 2.8936462222764 -67.7360243330983 20.0302933141861 -6.80266835604836 -24.0638663738569 -34.7618758658165 -11.902523384404 -20.2334123161828 -9.08965394342163 -4.19742977640764 -14.0161677000221 8.78233463395089 15.2187807482169 10.8819309269351 2.78020655374972 -4.17530141519595 -3.59481171938709 4.81810740246013 -16.9992661324267 -3.38823716852123 10.0047318451143 7.488920183297
Dactylopsila_trivirgata 23.1649122928305 -46.5785302206234 56.4310133940016 -30.7599094436453 13.6746901824828 9.09708607115418 0.748371895315646 -19.4519756274499 10.1728701877531 -18.3091368856612 15.0478382040723 -21.4618928242452 -2.60178535410478 -0.986430682065366 -0.920108111876734 6.08625974603244 2.00449271543032 7.42120241174697 -2.06105304593744 5.11421255953337 -3.54058188120185 -19.0702355419554 -0.0527724160396073 16.9325514336273
Dasyprocta_leporina 42.0703228119062 -5.45410686168186 42.2836127104159 -79.166622897844 30.6839963398639 9.98450796629552 -29.4958506531519 -32.7470374593183 -4.31285950166691 16.1132791947306 4.01346154487238 -22.0407250472613 7.85854955797275 9.42402426673797 -6.9204327503254 -13.7147487604148 1.90967187023046 -18.4633700645765 -6.60767694212553 -10.0247035034583 3.65479670822514 -6.49134080229957 -3.00114665471419 3.32158708723827
Dasypus_novemcinctus -61.2068292802341 -102.811391386604 -3.04311767700778 0.0625100386071128 47.2867576591194 21.3773302628533 -50.1778038845174 -7.1914787030199 48.5051663217117 15.5027584089879 -20.9989572558759 0.478362510277468 -11.6752408025381 -13.2680939021083 27.3795046028332 -26.6591119711307 16.6981780015221 -4.91712582802141 7.72497385827993 1.38453069358303 0.321296528089375 -2.81523088940102 12.1039100963734 23.2654680242301
Dasyurus_hallucatus 40.7723032938315 -10.9526840726687 42.7239141295618 2.44276681817806 37.6650639421979 30.3537615877452 -8.80523114117077 -14.0618147762927 5.02146694061563 12.4365272354079 -4.69240314431009 -17.2124149815167 -4.21884708843703 -1.66378896646374 13.939318322837 -12.0002628120733 -2.61875567302362 5.60812542562071 -8.06016254401326 0.631395870766093 3.95184526560013 -14.8104792156062 -3.64591126333928 0.0466910604876306
Daubentonia_madagascariensis -117.074789262883 -73.9508884319271 44.3866936621809 -155.546795649416 4.28202603487332 -9.93337836872812 8.49589638608061 -16.7009684384098 4.46590690156928 -17.8272835822978 17.9863400167824 -0.892843365307635 1.00426624050796 -11.8234103152769 6.15286827310397 5.01831233858654 27.3589685370106 12.4406194494823 -4.57077200676176 -8.40994092784494 1.48159714101676 -10.3692728529357 14.6690898471886 4.81624898806841
Delphinus_delphis -210.681949746039 -14.4506851948203 40.8751850724747 -76.3750014645747 -111.608252304544 -39.5304421944119 60.3118875461752 28.2420479073831 -31.9483207483977 -29.3662023437492 2.26484058057457 62.151222482397 0.480705025366477 20.2920231011987 -22.0747276797934 60.7706646655404 -32.6809173928499 -18.3554937985015 -26.7447149274349 -10.6224185893289 -20.4225825342327 -11.1644917660459 7.04823597737037 16.5459275538772
Dendrolagus_lumholtzi 23.7390993130576 5.4314770366721 35.1998341671855 -80.8959733331155 20.3511074397407 4.62351080402305 5.97594624077163 -41.6428954168424 9.44324780961201 -19.2267692041305 32.8084397912389 -11.7580384516987 17.21445829273 -8.50304249398442 9.80806837036345 0.207843495651128 -1.81799860882731 2.20080664668261 -7.807898648321 11.3564381279778 12.0463810810026 -2.24574039196966 22.6108237215277 4.62297906598681
Dendromus_mesomelas -41.6152242747856 -27.0557498070317 26.4473432204069 -23.1045978793285 35.9603372057794 20.5062263620472 -6.01150390098616 -19.7422077692685 8.31785438492845 -1.984082354356 -21.4951593784396 -7.60791822210366 1.91180677649466 23.8485898976681 36.7288713418208 0.561186011891557 -0.836235639548842 10.8263011062092 -5.86242295002181 12.4699051240619 1.08175122395118 -15.3437010266241 12.0341737529557 3.61358389752502
Desmathyus_sp 77.2929049326896 -123.016801136559 -56.4297419270522 -91.0524369281416 -54.9316790036901 22.41714213047 15.9353826175981 3.11528870336547 8.80287859531526 21.781916284361 -16.8187052280931 7.30004494742032 26.2952417808718 6.60566902990979 13.7174142176196 -0.750535100165324 10.8196243771017 -11.6818622241283 17.3715133608722 14.7214556759122 7.39491497916064 4.96337106739002 -10.2984399845546 22.0512166207285
Desmodus_rotundus -75.3927946846978 -74.7629007417237 34.6512798737144 -47.2977606049172 -19.2985504582484 16.9357309249485 -3.29966057437374 -12.0227563584186 42.060849117684 -23.4329652637308 -5.8254938397253 -3.67288194887366 14.8019172929452 14.2377398143541 32.4026769413214 -11.3596580675136 11.4008463313604 0.670229204652209 -5.70477270543086 7.21258314444996 -6.46686286879078 2.59814666379362 1.00716517908467 15.0510264983161
Dichobune_leporina 33.1911263812831 -20.6657752437146 22.6211049809537 -55.1808739594726 -20.161050100695 2.02798675394049 -37.5707403063476 -43.9913884246931 3.98781552877147 28.544948877318 15.021651114077 -18.5567775152075 -13.7873391604971 14.2687292744492 14.0182052422342 0.959498116531666 -2.13959956838671 10.468713609825 -0.341160798450891 -7.30826086402375 1.04767933775404 4.75089961510865 -3.25073788439426 6.37442640794221
Dicrostonyx_richardsoni -10.7032125385969 -6.79883287550168 -16.9785257445595 1.81801877647967 15.8528780518885 8.64887500854081 11.6691715164358 -29.6255481716914 -14.7722582459667 16.5533207782743 -13.0056727613077 -15.7130590038095 -11.5425945406806 17.1256451750062 21.41935446466 -7.66314095725972 2.24865577326813 6.54763600611774 -0.488945312589346 -17.7715188380662 -4.36784556070047 -21.4093341438381 6.1977051239776 -0.0189834747376576
Didelphis_virginiana 114.15109573455 5.3550298896214 59.0955308080131 5.9421420648262 1.93637035610188 26.311820878242 -4.975457069074 15.649216323603 52.9235998021488 9.2910818770124 1.23361722785265 -4.309560984566 12.8719696047577 2.78746468886564 7.67905204580613 -12.5814548858295 -8.5209272226549 -2.35426801457789 -0.2114240367344 12.4165255940239 7.24510650010447 -8.82031630989017 6.18906144513107 15.0468646406277
Dinomys_branickii 5.99520872396033 -7.35559959188726 24.6510832256037 -90.0014192529346 9.69166755389819 17.5349733988046 -1.07190573238553 -32.6229703379336 -12.381665075702 -22.0700571345449 12.6280008324035 -21.4232041755652 -9.63355580793427 20.2356365098234 6.68860219079537 -14.9438402344753 9.81135533306859 -18.5041676416239 -0.0425296266958881 -6.07558349395831 -13.5125219008589 -8.52072665490248 2.00471628751176 9.50045270898277
Diprotodon_optatum -103.405952445625 31.8025933930496 -50.3512662940349 -26.7224360505347 -23.4094453116146 51.7232068218744 0.928140884559116 11.2813132578595 30.8374356434263 -18.0493247343156 -8.86456747007005 -21.1856917095454 -24.1520057010756 17.7388759778515 -13.9093658733074 -10.6637150445345 -0.778983515441855 0.750713764118777 0.316477736674988 33.0220692469968 8.01301343751942 -10.8490878000816 -4.81754869578088 0.641006255135743
Distoechurus_pennatus -6.94298804040524 -59.5277550220253 -15.9970853320023 -12.146373403685 37.9597296409288 34.6191514099631 0.230732987814184 -19.1111011394854 14.4561900881939 2.94991145829942 -9.89955863614565 -15.1346699650705 12.6732723315412 7.33983377824718 0.982747859786752 3.49597185955632 -15.3026910997483 2.67654806352315 -9.6875805714259 -1.58263647935085 11.6477340761127 -0.0739039310743304 9.57786486971702 14.8553300292618
Dromiciops_gliroides -40.3040373958996 -19.7513201712737 5.03393118365694 -4.79372121238375 30.880054971666 4.75335502343181 4.49991378689097 -27.6256290057227 28.3314390659263 3.18909858378183 -17.0480970075825 -16.1315064312117 20.2945238162235 11.5478705692902 8.14520476465565 -9.14942848312428 -8.85020902289089 4.21936080520523 -11.3915805756561 0.541475325464867 13.142456612004 -9.17224478053176 -3.31223315694639 5.27157778877921
Dugong_dugon -73.4040761629376 -14.1299497790724 -44.7160431785819 -92.6188796605078 -11.1253130955144 87.5015924636009 -1.05970304292217 20.3313768115371 -63.6244686706814 -21.2726187720737 -3.72347288139499 22.0265526191175 16.6177519609157 55.0376615881408 14.4757671464099 -13.6763476851361 45.986089146721 -8.61900030558824 13.5747424764757 -6.03057589415395 -18.8421880296561 -42.2392385682806 12.0213770423222 17.345485057028
Dymecodon_pilirostris -98.694299289068 -149.379558182391 21.0088075423411 32.1526541934753 6.29048771058133 -4.06106922006637 9.72493434660993 13.2938181215255 -4.98675022627293 14.0106043538925 -30.3809451706571 31.55292462465 25.9691262704166 -24.8808159408694 19.7745703097478 -19.0873050351217 -0.267261229226197 10.5793662365516 -2.64423671943424 -14.9467378653502 -17.3225967078705 -15.9903484967348 12.424658890031 -1.37477403060404
Echimys_chrysurus -1.43190850918421 -28.396263708404 5.40074293818504 -58.3426626444895 31.268268407062 18.9958576536095 -34.7426471881636 -47.9526190723079 -18.395760869415 0.076535926656374 5.23702048608059 -10.0292898958329 -13.6830314472468 1.5822646099487 13.6103379663585 2.60611322363733 2.52962987398069 -4.05497761800042 11.997754374817 16.5427442268453 5.48554315410416 -11.1210901959248 11.7601087844105 1.74320208131442
Echinops_telfairi -24.699994054795 35.7373592377954 -46.5253508935345 48.2747670272166 48.9257437265474 17.5234130199851 -2.55935882663131 27.6125186777232 35.6863295943474 50.1771910887048 -27.370759849702 -15.9177087661963 -15.5381657508886 13.6280272946104 33.3903472483296 -4.46116159745216 2.18703735702725 19.2341837062902 3.9003543355575 -5.17206143067926 -1.02176532596407 -10.5070904889664 2.08123832233568 -0.383247433680842
Echymipera_kalubu -7.15352741710267 -78.1837785354409 -6.2181770548002 15.4001699634339 30.8228202782039 42.323456424487 -6.66143330177448 17.7941986750018 46.9288933064162 27.8630086981687 -24.7601128222186 -11.7478232923705 6.94044342128949 0.669988628479639 35.0440409169545 -6.38608503525831 -0.295627675351927 8.97293795794764 21.117161081847 -6.41402531843063 9.30619807797538 -3.22001232792708 1.50278039756191 11.18831191485
Ekaltadeta_ima 12.7670907258836 41.1204201109346 28.7584922057223 -69.6493525277197 25.5903743318066 11.0875077234482 -6.25725574022683 -6.60501355973678 18.3336259496208 30.986451833233 7.14381350266864 -36.3749622996495 20.0608505685606 6.44215479481849 32.0979897160138 15.8803729063925 -9.27478984921035 12.2057964893926 -4.2985533008247 0.876057673180987 1.71856435087984 -7.04649698323281 2.05935710421807 6.37166486771172
Elephas_maximus -135.216432698265 -102.960693702243 -25.1018576335958 -55.510889790383 -21.6804234310984 -4.7637216920745 5.13529330793697 13.929820135016 28.435202528451 -42.4887611902338 -44.6371827295368 7.06781660228292 -11.0346626361765 -39.2185813358489 -13.5891302185203 14.6984013200328 21.3051319505461 27.1339055699682 13.2873741255912 -3.57253539781162 -19.8052509414174 -18.0637696614687 15.0066228224779 -2.82707954204245
Eliurus_webbi -45.2810098666356 44.5618329439001 24.8552290183511 -26.6040965226618 46.5538423222111 -0.406527310756322 -4.1147338775078 -26.7758516930843 18.0507068559513 13.828627900657 -21.0961052083692 -10.7091651335016 5.96050525982075 9.03764741159577 9.79577048529294 10.3765930985653 5.47154987254091 1.65289593352915 6.25753374544263 8.68579654016071 -7.25255635957088 -14.1659629176984 5.837748148868 2.95555317130314
Ellobius_sp -40.4316663032753 23.4774063160034 -9.48381880294596 17.6675409475931 55.9531772267377 -1.69018761105333 29.68945121521 -6.8466151738411 -21.2598640359386 7.36435636728113 -13.7886651124091 -4.09298840860029 -12.8026578928847 16.9460642172606 27.6653609792953 -13.2960475294419 18.062908035863 -4.49339321580639 -7.6841607248504 -14.4841964017758 -4.91603561488105 -18.3433535337028 1.46052224110221 -9.12458326767507
Enaliarctos_sp -55.2506027356272 -39.5733586413861 51.0666369718714 -97.137314048616 46.5798594846682 -15.3611281796178 39.482030068695 -7.42932783747752 -30.0396971075847 -13.461254357684 29.0578250531509 -1.8560262476256 -10.2609906460021 50.320189821505 -4.5288341067026 18.8123473580304 -14.3970396779385 -9.28197897440835 14.8823534516386 24.3358024230683 -4.50600029037289 -36.3445873698649 16.6937576594025 1.87808935993158
Enhydra_lutris -126.131280131828 -15.485992775951 121.907658587468 -46.2995604142862 14.5846305066132 -12.0747204682718 13.7654413814772 24.1197978690284 -10.5830875441666 -45.369863555881 3.57937801187689 12.2128986329595 -1.26342271405115 3.90138626142701 -9.89609441918257 2.18873868170269 4.23511280887053 -12.7069626981624 -4.14246354511098 -0.541090152941868 -15.7619155516919 -21.3982551468249 13.1699613028083 -15.2407643480158
Eonycteris_robusta 4.18669088514636 -50.0160405152997 11.2890668425743 -14.8799585169839 -11.3228866693265 14.5532550776995 -15.0579503210304 -23.3276058613883 42.0989103180489 4.13377244659146 10.1973835587923 -24.8827705453991 -0.948281751087701 15.2065235886892 4.20561574014002 -11.5025220641991 -3.39850598203082 -7.02522814756563 0.934190408406059 5.80736881400403 12.8353165384166 -14.3604532784845 4.744650095429 13.4394756164885
Eptesicus_andinus -83.7098915013617 48.765603039721 -52.1179148122884 46.1485519142263 2.29008656918959 -7.33917481492572 -24.0906192488229 -28.8565347013736 53.7134588659881 -6.026287206233 8.54501155593432 35.4155093330685 7.91470294296489 24.2364674888703 6.0400305614162 -12.1043964000742 7.35075638686265 -1.00609436996242 0.067207240455091 22.0978011021443 23.0817347056869 -0.648576013078467 12.3792894907669 8.46465938516247
Equus_quagga 12.6719834371397 -69.1555326275123 -25.5476432115341 -135.787077980662 -3.55817122202787 -26.6998251277652 13.2002107190492 14.4381717538429 -3.5292344803029 -5.70694175022059 9.244592059238 -34.116495954182 -8.18887745899064 13.0503651286621 -8.27993575982596 -2.20260574857954 -1.37208167606405 -27.8285604806272 7.09427874480727 8.23839313349669 -6.24586565278497 -2.26175876808199 8.80127463238486 10.8341322035487
Erethizon_dorsatum -75.8617979088475 20.7364168303137 -27.3846039498574 -57.678597258276 12.6958090380007 5.82608386889812 -25.2253403998128 -19.5285576448447 -35.7478752203794 -8.34307782635346 -13.8608814932693 -9.57947853355363 -19.9083228615744 33.7885189355542 26.4935709483846 1.16202119935253 25.8668567002756 -8.91521999602375 4.00312065855362 7.22766791618858 -21.2148785627603 -6.0318677580746 13.5245244794451 24.3799059654295
Erinaceus_europaeus -41.6271921786582 -25.725662264514 -11.2398986825531 26.996522892173 31.8698028649555 25.4529886676759 -1.2778289657478 20.7055096494158 19.9998034718262 26.349643722453 -19.8955221393805 -27.810732756154 10.0819079991298 4.46889889482185 29.3229393173584 -14.8412434596512 31.406125451553 16.7754489159018 -1.40060335114618 -17.6807781769788 -0.0516897897643806 -13.2125271635103 5.30136807659647 19.6539503055424
Erophylla_bombifrons -65.1929570739582 -77.9813520853729 1.34339845867166 -43.4880122883845 -5.49115265425213 30.6561176530447 -24.5206064750727 -22.2076786806193 33.3135217033488 -16.3329810566711 -26.1632003340851 -4.05705562138149 21.992593641271 13.075589224628 27.1678386080834 -3.64157442390667 9.10709271028507 2.52643052412598 2.88994285643279 22.5159773414864 -1.92563551239032 -6.38665101048223 13.6238697568363 23.1539133677143
Erythrocebus_patas -76.1930202061433 -106.962980634457 115.614101090493 -156.214004994111 -17.8255482025583 0.391050629419073 38.6441209309516 -14.8288642072453 -18.4350444761099 -11.7158116328713 38.4739706472938 18.2522535022703 -33.0677054433579 14.8428626168245 -28.7023039241891 17.3800599711303 6.95338454653562 -0.676178788838037 -35.6940064546425 0.990406840657682 4.73908990822219 -10.8090373878549 5.98249432180455 6.14328825496031
Eulemur_macaco -63.7137852277973 -81.720650011479 70.0467082643958 -117.524699366666 10.8502978434726 5.04006008993432 -3.95917366342912 -15.5507873753024 -20.8035929566188 -16.981450215811 41.2589648538518 -11.032105521923 0.0568102567011791 -1.10585187751837 -10.8481927997948 6.50494154077087 -0.252459798159743 -2.57940894625973 -5.29515159215185 -5.47407744060141 -0.898503623831786 -25.4619036318993 -0.110800686799767 -1.95184718437234
Euphractus_sexcinctus -49.2018340453669 -19.3818074845573 24.3054551734566 -31.4352710906782 15.0264960020622 24.068788500212 -17.0884067711056 0.0882948077236972 30.8180137013617 10.6620762074781 -25.2831872364181 -34.5296219809418 13.6013499810748 -9.63648998327778 23.2864491829496 -3.16857907571814 22.0133041422159 4.79010943373832 5.59411822454948 1.67064420663255 -20.9915698348843 -1.00152535469869 -9.45469546569932 8.33443455121394
Euryoryzomys_macconnelli 43.2866143146385 -0.158361430369496 31.1338672351248 -3.23036231030051 28.4369094544672 22.757308271794 -7.00100130711138 -25.0262357742235 10.4904326917377 -3.56076470969392 -32.0708673178341 -3.16799329537329 -10.7346059854649 15.4887237958911 19.8822132921988 2.86837019134211 4.47097992637948 5.01961351111834 1.40474957673822 8.61656808141895 5.74365900430397 -8.00073526435485 2.2887867559081 -0.103414492610229
Eusmilus_bidentatus -24.7878401376884 -2.65292259465159 0.019548683933822 -51.1515788816764 -30.943967497486 -8.3579910334026 13.0692335366817 10.1704250493109 24.4742362968246 11.3794659395725 9.3985757061003 -49.6443047824628 16.5710433217866 27.5551192911411 -9.00840491254999 10.9091147003107 1.39695319596189 -19.106145785084 3.14708636150619 1.79579696767031 3.27917543096731 -19.824362766826 -7.30869509286308 3.63589255893528
Eutypomys_thompsoni 55.3278171572236 66.6178191269325 34.2172750051253 -8.20024498015354 23.8133558118189 -3.15974736016424 0.435420049847062 -16.5491009746699 16.8898685783329 -0.221889519209546 6.29870036354348 5.68114001237302 -16.5608627468329 20.6918153235979 33.0341437175207 13.0269991319506 4.25209310632211 11.7283685133855 11.4891449403789 8.13827028373155 -16.9040654011899 -5.51336879741819 6.99990560476546 6.843304029542
Felis_lybica -57.847636164112 -39.4458578628618 47.8135718373718 -100.633644783559 -14.068869421113 -0.484077355000996 -16.3322898023819 -13.0918832379321 21.9163662000145 -8.92914414527791 -2.83145727529615 -31.0858877637793 7.99541189064691 26.880654830578 -15.0681474436258 19.8040604482319 -26.3443699352114 4.15061868740151 -8.52616893733486 -3.66132816190297 1.45921756431943 -17.2827553773669 6.25147048003823 9.63276596531465
Funambulus_pennantii 15.988192276072 -25.8046866002599 42.9989946198316 -60.4747079781295 23.7027351334643 17.9993074645227 -3.72463791593533 -29.9069148490406 -2.0818795652338 -2.17315134138495 -3.23244146661338 -18.8239969909091 12.1438596962022 18.176894531464 -1.88011051779398 2.91022647725893 5.67374611604451 -6.77737289339198 1.70304204567798 -2.02844971623436 2.11012789722944 -9.53728375787225 1.55278369979704 2.25556382430117
Furipterus_horrens -129.607865226258 19.3421843163759 -40.6236450737445 -36.141216946527 -42.4684543491098 14.7370009075978 -28.8579546368054 -27.2712561968923 76.0000652403924 -9.2296911021956 -28.7056841967873 26.628428547591 -3.00015262788472 37.7150319808494 40.9084625446904 -18.9298793771828 24.2842675514698 -4.74107577761606 15.2913768578069 10.5300237215546 7.62911282685544 16.2626730373723 17.6417858574756 32.2201309820319
Galadi_speciosus -34.556639829822 59.4161288390262 -15.3417449589561 12.7654915499812 52.7979357279702 35.2679468409025 -16.6274129424403 19.7975074161312 46.1581558021148 26.394581549595 -18.3749845210816 -22.4300908501576 -14.364236596303 -0.583164611998864 15.5021831932696 5.06168737241218 2.48995024991711 21.6745807638754 10.439975692576 -11.6686184505466 -3.42883286855653 7.88827247305987 13.8494122386694 -10.1106310392215
Galago_senegalensis -58.6253971479859 -101.251476404259 73.1589861105785 -115.195551637981 55.8776091409234 6.4136078034527 -0.135396945564242 -32.3401142852129 -27.3526425538138 -33.338503373815 -13.9026725904355 13.3134627353329 -7.38138434641753 -24.6571230775344 -6.18762702216108 -6.64197371852084 -12.5807466582413 20.1719497971792 -8.88869942604709 -13.1759512886829 14.3834702778987 -22.1847365978315 7.8523216490955 3.84355893942562
Galemys_pyrenaicus -109.923597207508 -118.068846029734 45.8150402181308 -15.7829001949089 16.6507662537595 3.05120459502179 14.6569172332858 -1.1106141853925 27.7128502287122 -14.5777285644658 7.711417368331 27.562625819162 13.8258470723225 8.03400735613027 7.96775529339257 -14.0353071734181 -21.2016133245026 6.14649912997031 -2.91767867437029 3.3544559450661 -6.96024217838301 -0.322116796512952 16.0465898588409 -3.29158105902382
Galidictis_fasciata -28.3385703166087 -38.8476923449392 82.3441890909233 -51.7717793313276 -7.55497825385611 -8.5979065162699 -9.05766907617462 -10.3001027838981 16.7076932046393 2.72280976115356 17.1715585996074 -33.4135498599882 25.6206178170915 3.14967302229977 21.2241139745449 -7.58922025281902 -11.7028188949061 -14.6979545371475 -9.66313613382233 7.21586212165234 16.3038657986917 -24.6287498005133 2.66409218533163 8.75759009907138
Genetta_genetta 19.3559114967104 0.440130401504238 77.9129653550754 -80.6247641204483 -16.9304859979749 -11.8213047846296 -5.47743265136626 -10.0707858158239 14.5692061990307 -5.54188894312984 7.72599704669881 -27.897749569403 23.3852020749409 27.298382656749 4.57134261717689 6.33397882258663 -18.464148910265 -14.4554004588625 -9.18875205264284 3.23752533617832 6.74620372125608 -15.8512550808107 2.57670622377972 10.0942063663229
Geocapromys_ingrahami 17.8527470752614 27.3860507707874 -22.661155263305 -54.9533140245814 46.4241466735472 -4.80306828763577 -21.1574609216311 -31.7798452897905 -4.20685938524455 5.65143986293544 -5.93466728400409 -2.50865347444457 -7.06130091306653 22.4296162554363 17.0674806323069 0.481083362730859 1.28532369703671 -16.2077826650072 4.30153583627703 11.0406159168348 -12.6499650200816 2.72038084584397 11.4328040563241 6.06667744124863
Geomys_pinetis 58.7781694916649 18.8540136430545 7.64984471750153 3.92349069594481 24.4550462117964 32.4212334567609 8.9962277765751 -19.5629572549722 0.880291717063962 3.4123175904253 -8.97140565454463 1.54035321589018 -28.6035707332622 26.6601757190953 20.4132046120568 -21.6531754964548 38.1638160637505 -8.54736140065066 13.7614139765847 -3.19648371017502 10.9729376572392 -14.3452676191808 14.2166630978786 -0.491293612941197
Gerbilliscus_afra 3.03007877268698 -16.5540805392811 25.2942181445139 -30.2445837089334 41.5057163745837 19.6574794175972 6.61162932881944 -41.4123590335093 3.2139361293718 3.03644437053266 -29.0611788073235 -10.0925200538869 -21.0751729077422 24.0713752965646 11.9272952461068 -5.76188785617144 5.13273911203258 8.16989038908479 5.02044738041317 -3.5994544298445 3.68245847268148 -5.57048788452057 9.31982016010943 3.61361216341766
Gerbillus_gerbillus 0.911602028368477 -39.1644677723842 -1.66635061712213 -4.37360406346648 31.5985736487655 18.0801798190742 8.81187513504459 -44.6855675511515 -5.26680143466128 8.47286464080131 -9.01458875881663 4.15552226436971 -9.5989062500009 9.63253071989266 7.79352186145976 -8.50269648704801 1.38756521531672 14.3409235784603 3.80413471885791 0.866413190339306 5.26608100571646 -10.2601148445896 7.70369125938585 -13.5730982568935
Giraffa_camelopardalis -11.8096398561115 -27.6016993462459 -34.6343812107884 -129.633872716486 -19.8428394908518 -19.0679774869525 1.26554641047404 -2.81253350755584 -39.9320326027196 -28.7924613762331 11.0358073589661 -18.7956623480541 -21.7324052992071 15.9863592894918 -11.1908307964605 -10.4289919316005 2.1803779595269 -21.8086898321197 11.5974968271956 15.4501039997594 -17.3878557677401 -3.53135596672618 11.0896906382027 5.27607845889156
Glis_glis -12.252785437506 10.7509578597125 -1.57658460855062 -17.9091224130722 23.7239800892088 23.3439640341085 -1.82942529845193 -28.6325483677343 -1.56646442529247 -16.8758475174468 -16.6341169998332 -10.4201905067911 -13.7925919703285 16.8979084552599 16.8502801027904 5.39500625745707 13.197922385014 10.9837424200236 7.08817454423615 -4.54850901809265 -5.2749946975774 -16.540439459921 9.11956515169338 6.99298308165658
Glossophaga_soricina -36.9559855412382 -56.5914030956196 -8.08627720663594 0.8042948055132 -42.1245494625867 23.8126116258021 -17.8614813799164 -23.6941680257823 43.3947089822686 -20.3134309814805 -15.079866190924 2.22871032884441 13.380899066052 11.7754594786561 15.906677716132 -17.0670328290264 14.7866358009574 -8.4507344048825 6.13081985355874 19.0212233558882 3.76209787134601 14.3428761267548 18.4558457282232 16.0166597633671
Glossotherium_robustum -85.4611942100724 -37.4805247667643 -40.05025919708 -30.1406751874395 -94.8771214933508 1.91881508994331 11.1954240725415 4.68601685059576 -9.83462886885505 -16.4677741363937 -15.0461730878649 -28.534218292647 13.8469812573469 7.12466022544923 8.54232544380054 3.22160543004209 5.86738365685942 -21.2811229301771 10.6120840718905 24.9211632298252 12.1284628537152 -0.738327145676577 21.0980020352502 18.6271903220623
Glyphonycteris_sylvestris -57.5597883796181 -34.9670302588224 -19.0542708987503 -21.4180509565353 -45.0080306757396 -11.8276935269729 -19.6253069250401 -17.5761817198663 54.7938915009273 -15.9413160847983 -6.89102203080465 -2.39928339035481 16.6816858295532 4.71156281489874 35.8187357631001 -32.8472683984194 -2.06484805809016 -2.09420887579496 12.0356940793954 14.675739232509 -4.27027843643093 16.151119525614 27.3648891714998 15.3575070857388
Glyptodon_sp -60.1136752684961 -6.3729140339994 -63.1495419305536 -33.6068254551323 -23.1313554887182 85.2206681857626 1.32027941925996 36.036687461944 16.0113076646757 -23.3884172102494 15.3375544782697 -20.5738647198301 5.78531234779863 13.9352030331755 -5.20571426234742 4.81532197434554 -11.2030075151963 6.07655572604979 4.32554856059588 25.2716251580135 1.41031623482781 -7.76026340271557 26.8264445838133 16.9942386728413
Gorilla_gorilla -129.108757886864 -133.516389362831 78.7929185432873 -157.032303991652 -28.8536675516164 40.3896494087361 30.8467491357016 -5.4355772659883 -19.2021756690195 -32.0450435416032 10.3272838756255 22.889135085037 -26.8033889593284 -9.15090731728518 -16.1085781361219 27.3994815753551 15.1000681737016 19.8708863875286 -21.4930147031595 10.6918543161948 2.01584036894643 -35.3534134807942 -2.7181318920197 16.3126338914939
Graphiurus_nagtglasii -34.2114607123591 -32.3742862698357 15.0449825631211 -14.7311586394705 17.1502241221915 30.7643600871388 -7.2172885317492 -26.4165482386425 3.71551253600213 -4.51921494058714 -20.9604982606119 -15.6457862384118 1.32283149871907 14.7693337624715 24.5969533423425 -1.83304355060607 1.50727854015926 -0.841298436199349 -0.873115767109067 1.98250985779332 -5.49876258046217 -16.5746823379789 14.0770580720957 6.13589791038486
Gustafsonia_sp -1.79330426770405 72.9235352192328 36.73984965754 -64.1056713174259 -37.3279964684065 -14.5330486579103 -22.4097054058126 -8.66645634956062 18.3713476380155 -1.55218838874975 24.1287538559515 -26.2449312996587 6.8275534706766 31.180236229968 10.1631092128208 -0.614456346967168 -17.1403571355103 -3.29322951715902 2.61104784648261 1.56137667614713 14.3253077469641 -8.8029884485545 -3.2313816635735 7.8459601959277
Halitherium_schinzi 7.84860660849531 -11.2878539981608 -72.3306693326679 -72.4623210067268 -68.6754875870854 27.9525735059091 45.1681720872087 -35.3117851901193 -9.56855518887528 -25.8701539038795 10.3718530623591 -2.25760899235468 -7.36183583298139 4.89943557966054 11.1443615519441 -2.88141484380232 17.0523252409969 12.8259063319254 5.62190747295399 28.2608206057779 -4.55050809664616 -9.05535625832484 32.4174672226607 35.3422934214083
Hapalemur_griseus -26.503714699142 -77.4077495708713 74.509126834294 -111.888904244234 15.2448221533407 9.06099831552705 0.638092492885879 -31.3104060585448 -12.7519029365063 -28.8101107862664 10.2155421157759 -1.98893935337994 9.83880872858941 8.56700982724539 4.15355011725845 -6.56001995981868 7.05008722135551 -1.28795353421897 -0.840454501955244 3.03680802495624 4.71300762344764 -24.6236073680661 8.83269905870799 12.9581689091585
Hapalops_sp -17.1644259902005 -86.8742759822925 -33.3542361305134 -36.7192011536505 -44.0847515398575 10.4397194021293 -33.3144187881155 -9.36247804613631 -6.44288279927372 -33.0482788359725 12.9742278917325 -7.98281959636118 -11.5742019404717 -12.3489091868663 4.0689443355449 -12.7559113559328 30.5289941433004 -28.443637546589 12.4673853061465 13.6885250726263 0.543210823023317 4.60208657603336 -1.34052826832373 13.1632061416162
Heptodon_sp 112.226627199181 82.599741393885 -49.5182940738726 -98.0813835618141 -7.9192936225532 -3.90628735474653 23.6502986704776 -11.4772094594568 -20.3999334083022 26.3125190904871 -3.25296920067298 2.73212746634897 1.92262176186057 15.0494055401922 25.1364796399856 -14.8209897121457 20.2700558254673 -1.81988361802816 -5.25334177858631 -7.31868716452429 8.88304977504362 -6.33598183989975 20.7089529774012 0.825872520499456
Herpestes_javanicus 29.8356465438642 21.5966114791435 111.246199745227 -91.5607148329923 3.36670440392981 -17.0303522640257 12.3040692006348 -0.440290703591284 -5.42471981320778 6.68457597499058 13.9104952862314 -19.9968747719284 32.8703923981888 19.1548265460365 -7.15447460176029 1.2187775952623 -15.4214597720934 -26.4906522884985 -4.35374076113226 7.73508735977782 4.45740886957527 -23.0582255321939 -2.24608076417528 4.241945430812
Hesperocyon_gregarius -83.1815306515885 20.4435739364831 49.4947196024138 -25.0694730299331 -56.6141644872816 31.4652093953355 26.2718781495983 -31.2676009181416 -46.4310710000345 67.4979840141669 3.40426343745101 -33.7120690264044 29.1451379535966 15.2835590343687 -14.4519859442781 25.0990520414181 0.637848003822973 -0.194286859708823 6.62014169346106 4.01840515715467 2.68764874175405 -23.8025138680963 2.2059588032998 15.8972741720941
Heterocephalus_glaber -0.641021375973084 89.9856559241601 -8.88482495689994 -22.5251057296027 53.8870478336777 27.1835210728313 6.74720885852548 -10.9015842059702 -9.61644403763735 10.6549642700083 -18.8477462770245 -1.28495952423322 -32.7503291070972 29.9444018676409 14.4738516841122 -0.57158967898643 11.9503106398766 6.99271598783646 3.38578576459392 2.92953675288427 -17.0088169091899 -4.80600836479808 14.5071310040877 -3.29033191172755
Heteromys_desmarestianus 13.7484684677615 -17.0271924719231 -57.3936927174353 24.439157346556 38.0321258241344 13.8500439283843 -38.6443903701506 -23.9894807231502 6.67703895665496 -5.8053457795416 -39.5022964413526 9.46158991659632 0.958023623495015 -3.48600541623807 12.9966871591963 9.2562015284583 10.5568037177301 0.00742638032783998 1.94139556197363 6.96541922658503 6.029580506401 -14.3771748084138 8.80796030463849 14.641682403451
Hippopotamus_amphibius -21.8168863481166 -49.4233085608084 -24.5207475030529 -91.4426821807264 -24.8123095702527 39.1118695800875 20.6838959377694 13.778188196785 -29.9014274835219 -24.4314642676211 -17.6329880222003 -35.0371542754284 -5.59916983822192 8.40610156762531 1.81652705787051 -3.07929381794144 21.6185666739394 -19.7389233527888 -0.592088497377265 21.3775980855931 -1.84989296554714 -14.4374231351781 3.11324111898628 1.37581345497409
Hipposideros_turpis -5.97142611337483 -55.8785279565795 1.4636920946544 -36.4831000034393 -35.4664071990373 30.6549008671838 -26.9469390306539 -33.9682297150585 36.0696343632051 -56.9907078118154 -11.1410603777075 17.118315277989 -7.66739430813465 6.10262505816168 31.1857184398497 -4.2239140051886 10.7050188817097 4.14868378734737 -1.8886988209489 19.5310460876764 -4.41770324752222 16.575918327643 9.87065504492539 30.7204309701102
Homalodotherium_cunninghami 12.1756327604265 -7.27598386676414 -30.1530497478041 -90.2078816963278 -20.4638795281458 53.4573535060071 -48.8164845085736 -17.8201247320135 -44.4898053499094 -17.0133013818424 -15.117884583789 -10.3520610419313 14.7992900867646 2.20582737799822 -8.76761249715411 -26.9948337137824 28.232008269306 -1.00087098779113 14.0496215343847 8.2356598146589 -0.337509593405624 -14.26081370684 17.9510000411846 12.2312118956348
Homo_sapiens -209.577224066345 -83.6581762902766 129.197681902407 -245.728734315916 -66.3260922716666 -26.5006786294526 10.5919130884578 58.6941371464458 18.3601442905552 -8.35586091885348 37.7890545143682 98.8976795770054 -41.3639638197239 -33.3946935643228 -15.0810115071439 45.8638572195262 16.9322683506427 9.1824807319632 -32.6489712466496 -10.3484972788603 18.2509146254885 -18.2631520857789 11.4771092318011 24.9026540054136
Homotherium_serum 12.4172169888452 29.3882451973544 74.4890563974876 -115.060172697846 -64.2246804418996 8.24317569565863 8.3729816374867 34.1538487151179 1.06117779087361 17.7465725788546 20.9281789346216 -29.5270368099579 -5.30750229579563 69.0649805367267 -17.626222499973 43.4974790591627 13.1423569599257 -5.71468274762423 -7.63382628804663 14.6821865506178 4.9271362027505 -21.8109370628192 -1.99504580878616 2.5862987804986
Hoplomys_gymnurus -34.0594876557408 -23.8886789836001 4.13403774998698 -49.2056342674767 54.9368813820466 15.7083844222994 -46.6087852549633 -43.7846316949039 4.4708543106574 -1.72199918437568 -21.6401794512059 -6.67217896040202 -22.9058950543751 -0.0851550215675196 12.777107132561 -1.01726938248377 -0.563592466875246 -7.49406283259955 12.4716717394284 12.2295617408649 -3.46802708208086 -5.83407295841353 4.78131484249681 20.0198676082046
Hsunycteris_thomasi -80.4817366701084 -59.5269124750696 -0.605901831737952 -24.8186909292294 -33.4057717095815 12.6157974937527 -15.2350273945406 -23.9238836331662 28.458844283799 -25.3049217151239 -6.27538396121068 2.38030395992738 10.5886915216234 11.7497678771392 27.1805337879828 -27.4268467318667 7.19466050198719 -1.50974197207845 1.00115125048018 20.1419972089381 -7.49111528279083 4.90753467481046 32.3079762146001 30.6014130592382
Hydrochoerus_hydrochaeris 42.9376405621587 -27.8673607443691 -23.0729502579797 -104.026589366881 44.9023493286231 10.7002348467823 22.1125545518148 -5.68927575457745 -12.4693373764189 -8.81539719043962 -33.8827438387225 -0.841228577448932 11.091838906736 35.6320871551907 -19.6564060607407 -29.4638666361308 13.1307758692884 -15.9822764656066 -1.39964095393689 -31.2749699689788 -4.90079187864314 20.7183927782395 20.1775747346097 -11.9500852316177
Hydromys_chrysogaster -70.606520100038 44.5230931179403 54.1460875943985 -30.0124768171166 23.479279518048 19.7569280559505 7.85214761128319 -2.92895119557964 21.9875619209647 -22.7376329260085 -12.6967162046328 -8.40602183851027 -1.64879428898308 21.0794869401901 25.8183585849116 -10.0624507400762 2.06546922771474 -5.5468164608074 4.3892963578706 11.2889810173509 -9.01247564435521 -9.24463074040889 12.8705916520034 -0.998336221229493
Hylobates_lar -126.0632013898 -71.1868248453539 102.9736996229 -172.426621221589 -13.7772005833743 14.045335565032 26.9166584650914 -28.7911036557885 -14.8010249371896 -39.4029380659974 19.3005722973744 29.3034179054149 -10.5768096809625 -1.02873327497899 -11.534088535827 19.9740547437861 15.4486893836673 11.6549263827326 -20.2480303656273 6.66575711138818 2.424955935256 -25.2530306247605 14.1366518323856 10.4831721007411
Hylopetes_spadiceus 33.9852854716352 -66.8212217436747 49.2907923515225 -46.8836278781701 23.5504979635971 28.4978963295878 4.63629334196655 -29.4149800252554 -12.3712062106567 -4.5119177614519 -10.0858821588003 -8.75112647393273 0.0995960456047834 12.3901230638191 3.70667795763147 7.35469139691215 -1.66036980208553 0.213893243526619 -4.05719108469801 -3.35509187404612 -2.29715884901019 -17.7004062017163 16.7755979042862 7.32171397356338
Hypsiprymnodon_moschatus -31.9983027401324 -38.0853448640623 15.6462408807238 -48.2813744271776 22.7199050573504 4.97708039964615 -0.869567002926421 -19.7530714272317 42.3737643089523 6.17677717834284 -2.19841298121838 -31.4113069765723 13.9218085065386 11.065684061722 6.69940806073047 10.2443187235791 -4.93107669639082 -0.112660085746229 2.26038157041696 -1.30916401344423 11.4954985355487 -6.35727862421371 5.33057560501412 5.96396439767738
Hyrachyus_modestus 70.4004736523246 35.0104269579486 -63.4921659349596 -87.9968031468431 -55.7252813167088 -12.0966849998324 -25.6550503530223 -0.0141545676268281 -9.80800066277015 11.2511241432313 12.6340115893336 -11.3624842338654 12.1354158731726 44.083866019179 -5.63895169027336 4.47588529066673 1.61878950013342 2.75236190092305 21.9148339154301 -7.97169434112867 10.9581231341849 -9.65137727918026 9.07035700636667 19.4228888771667
Hyracotherium_sp 38.4168631064057 27.6321341735098 8.91314507429567 -7.76559706414872 -44.2528731785124 35.8766889374603 -52.6041026018888 -2.03783809155973 -8.79984379234809 42.0237821084793 15.2269494804121 -22.3069629673058 -3.26717073738621 21.9519851064122 18.7779092736191 8.08153762047318 -21.0789578240444 5.91310088371585 -3.39658056989776 -17.1823709569809 4.31102282893752 13.2945485358534 -1.42904773021114 4.07233184709056
Hystrix_indica -56.7745677606665 -0.0659366803165253 -29.7432249004421 -64.5916356862379 21.7516976670094 -5.74444505136649 -12.4592805964869 -24.486346840961 -12.565343655086 0.336023896274654 -0.149032056096134 -24.7923778838274 -0.617486198766154 2.30937628829003 36.8722563420202 -15.3498767032081 18.3009153496022 -1.13506864103825 14.1257185529172 1.16808604600952 -12.0246995281051 -10.7087089326571 3.37131275015445 14.2888468406125
Ignacius_graybullianus 48.9675465865987 57.0337455717513 -40.9127552406998 12.0774189907389 -0.624701413318626 9.2299937512583 -3.23106440296906 -23.7471378331393 0.589645280314792 -13.7479137795392 5.99491464505038 -0.46859817038749 -38.4655878032012 -12.0610618462597 -5.40344245794937 0.325305365712934 13.8970891052588 9.94241714020986 -4.12455207179425 2.69555742532468 -15.4593658571742 13.5173965258223 4.31348942334838 -1.84893803050153
Inia_geoffrensis -179.824116861243 6.72379463106989 48.6344345575181 -92.1406926268703 -83.3132164359347 -20.951119761201 61.4519072365391 42.0928667380819 -7.26351335821333 -18.6224994519253 18.1170971071056 23.0736698159405 35.1440401862928 28.4935132612884 12.1425861763427 63.7514705515214 -5.56874157831805 6.11010173888718 -16.5112645510992 -6.79799718350774 -5.43315866846849 -20.5614590546073 2.66612711010612 22.8301651632655
Ischyromys_typus 76.3721360902555 33.2406051630736 -13.8783730175536 18.7578598947055 -17.7711734189083 20.1047628293368 -11.5853313949405 -17.434078724844 3.38070750449352 -20.917833888526 -0.721363291227124 3.39045534289036 -31.9860158600009 3.87282092178691 3.5295117243772 5.37733393041545 12.6250423934228 19.3742987720376 -3.78357742109996 -4.84757079390351 -1.9088936535174 -8.45814243310705 2.08859762728569 14.3011491792166
Isoodon_macrourus -2.56734197220021 5.70133720123331 8.96441356948791 -42.8736633139489 48.4756905684337 32.3760479979965 -13.1619934623073 -15.725934110465 46.4726947360914 48.0619605998394 -23.2481031184843 -29.3735017115605 2.46628524625533 16.0611109648791 16.69888467835 -10.8016491627515 6.06584068492608 12.7221805835608 22.424039940873 -5.05147086713816 6.57287486889932 0.151287819396869 0.460404050829288 3.38160288830375
Isothrix_bistriata 38.5588869941158 31.3838927837772 -8.52201163481777 -63.0898903210776 12.8087176409422 7.42328228321294 -30.4085724989997 -46.1998016561707 -27.433501020558 0.181495419129614 -9.17723452506049 -8.22808906776332 -21.4936527871205 7.97449220986696 10.5844976168304 4.78733649105661 -1.64801693203942 -1.09714486818163 10.3716684981721 6.80767555213267 -4.38050898284117 -14.4403200615894 5.05009499141102 3.50444948980811
Jaculus_jaculus 78.7368331119634 -100.958104226831 -69.0325279787535 -51.5818658121515 34.1137653658361 27.015393095775 -17.8708942780142 -4.67635948024956 -43.2903596717108 1.5657111582044 -27.934214547779 36.8253849185018 -27.3312181250384 27.4992766618061 8.55804606282325 -8.72011527471995 21.7407982351402 -21.8855520730627 11.5978595021354 -4.93451204124019 7.7901027239615 3.69526131224474 16.3096347797865 21.1510397311841
Kerivoula_pellucida -120.73661567401 -63.9690128369635 -26.0181541426731 -51.4090035177528 -28.5044174154331 0.85573738351351 -7.81658600976952 -24.6094511500308 58.6243663152791 -35.7296668726031 -33.0421902993482 26.6801666530355 5.98526657262932 16.0385158952545 33.7712745472038 -7.79981937809272 4.26124314669867 -8.33839288683494 10.6437463099277 27.0622501805619 -5.4427039638769 20.017798795516 12.313190457961 22.7425875703194
Khirtharia_inflata 190.155043413005 81.2906991149488 33.5531116977011 -47.0898943679254 -8.69706508465483 -10.0633605590762 -17.6017830314213 28.2514112502301 39.3145467225667 24.0304316736009 -17.6479688937899 31.9781001427972 -20.2260563416874 22.1789042468011 -12.1458451482911 5.29125683503873 -6.57978521462497 2.98766031760421 -9.33914746162663 -1.21120654165347 9.22600478291347 -29.2555882604257 2.1562416915578 6.78208479786045
Kogia_breviceps -164.096731987783 -39.2694309458445 30.9949567391145 -40.5240368906887 -44.7393261508433 -41.8791156857729 76.4507884179805 9.97978499933605 -45.9077547461926 -23.5122345698471 -20.4735672215657 29.5519709369788 -18.8048868442843 30.2336703791553 -32.2013548067495 50.686867753349 -12.3165596997532 2.2033037709704 -50.7854946675483 -32.2235707035187 -21.0294101530242 -8.98910391533385 4.91182387723394 -13.5125458818119
Kryptobaatar_dashzevegi 68.7878556907641 -1.46767767567755 -62.305063102494 48.7993346313427 -10.6864354502642 10.671006311706 -10.7995742631474 -4.0610690045704 0.764609846164947 4.11278527860045 -8.12432415973502 17.6520273773202 -12.4848524688202 -4.10101594442569 -12.9639526759697 -4.98129528154046 2.84183014947207 -6.03334985838786 14.69490469041 -3.42933866621074 -1.17947854272222 12.7076411007431 -7.43341002451638 1.29170938495587
Lagostomus_maximus -7.72165758811195 -74.3536854509429 -22.9497228096954 -104.7777706372 36.512959092377 22.0251038842601 -0.543171237422742 -51.6605707117307 -5.73940664816193 -23.9950873265747 -5.4337872276758 16.3693207425631 -21.3424420019738 11.9984307882764 -12.5651832005412 -4.51395289816503 -10.1098289517766 -3.4364654254063 -6.3520752324733 0.254656329354381 -9.76639806271854 20.7994966884576 12.2317542964901 -1.20963876967036
Lama_glama 14.9428032917998 -63.6813919207354 -16.6794402794215 -145.698078605506 -18.4089934009614 -4.51842940886731 -0.321322537055253 9.33918120907526 4.43822047024867 -36.4569564505171 25.3999232757719 -20.2817431693407 0.88788591681486 16.3999042111859 11.4914140099251 -7.56323460112313 3.65572113981368 -19.1617395239018 10.2807463616025 4.91229722880748 1.68353608182702 -7.05317614001302 12.8845701162534 17.6040307090209
Laonastes_aenigmamus 12.823498969951 20.8226837760828 -19.9750059905755 -8.7266590767273 13.6055657463035 20.2272826298132 -45.4434828115658 -51.489287472116 -0.115659308701099 0.377328426117314 -18.5125015899523 -3.81671878392008 -31.9893684885258 1.11692686890146 7.6416660794989 -2.2308660199524 8.64206628937726 -3.44042228820793 4.9406770417236 15.4097690780728 1.71418013124734 0.672446466308137 9.60175193923633 2.54245162351827
Lasiorhinus_latifrons 25.3870426941178 -49.9247852596946 12.1807158932249 -20.1364357670039 -24.6450838827877 13.5132085388262 -4.83187023831579 -12.8647263999504 20.053433780384 -1.99575846507884 14.5083819534383 -13.3624688650337 -4.03418234467294 31.0264940789541 15.0286364719287 -0.506742560709714 -3.80416423801841 -2.16758025455282 -5.43631617495662 -1.08407845544876 -1.99927391486252 -0.673049731051894 3.0775352023531 6.65382780661335
Lasiurus_intermedius -94.9176947189442 57.3139046596801 -72.0550028119902 24.7267644079207 4.94481233247998 -19.0188904897984 -27.502526619324 -18.3076402559208 51.2032223579951 -17.9942945661908 -2.14035415196868 29.5961757790321 14.6721571153525 30.0750312106792 9.08155955647084 -3.79761239249476 9.9908242711207 -1.32050498309536 7.65599164458303 18.7142389651336 10.1128398919745 -1.99022133324751 -1.45832610834662 13.2665774424307
Lemmus_lemmus 27.4166863501922 14.2196582678622 -14.0813548939515 19.2613439840011 25.8098432172771 11.7223646723602 -11.0678133948504 -14.061599132537 -39.3788561742714 -17.7190457065607 -1.97800348308408 5.36778020516513 -25.2863351535073 23.6001181137389 11.1422494021307 5.61874662899527 13.1939983940561 -7.33233408475081 0.729629939626674 -7.63986587531666 8.32018985708755 -16.6167048448262 1.85459893674173 2.39216440527267
Lemur_catta -68.9659960875835 -69.4083150603313 61.4948782452188 -130.088786880384 15.4583304113776 -14.2089631343709 -10.4078500958175 -25.0352582937031 -13.8974572611199 -28.0506308175586 22.4636006230825 -3.62247152575932 7.44612897462541 -0.537695237117758 -13.4432812737167 4.10376467891548 2.98337487155975 -0.303588742858626 -4.22594742950979 -8.95188404754616 3.8251531888667 -20.5383484729693 7.03742106721876 1.79152229091479
Leontinia_gaudryi 10.4336738762669 -39.3108993954265 -60.2647387244356 -46.7392411727409 -33.1382417828658 27.3435613667822 26.5572026007485 7.45472381471517 -3.5011062545423 -17.8543083543983 -1.07586434272604 -23.5761472493012 2.92598447808765 30.3405929313553 -0.123519387271711 2.19929355360336 42.6621200546611 -16.3417165440991 1.83717472758074 -5.76516731946344 18.1903573819609 8.99877938619133 9.85125260428953 12.8659779778763
Lepilemur_mustelinus -19.1487069857314 -50.1256835033382 23.1192123884266 -99.4777004170022 28.1428934139879 -4.53134782471355 -2.94364334206133 -41.2378411352567 -3.05681153988817 -32.2221185714854 3.80524932976736 -4.71877120856558 0.928239168816752 0.229946891625848 1.80156664489683 0.0499014084950243 2.95533668577521 15.2612092085495 -1.00006211145413 -0.511272442010585 5.76492300093573 -7.70768468108402 16.9228743026318 -1.77587668152642
Leporillus_conditor 34.1331733742046 -20.651210811672 27.973670810915 -14.6804690775793 20.7267120492893 15.2719701981384 0.471045245033297 -33.5942510685409 -2.82134891089831 -10.6907918942315 -21.0232018153201 7.36301564828303 -12.7484863298669 27.761058142187 26.5712639495749 -5.32895359502188 -1.73243207818244 5.51244540108205 11.9219056466005 2.93925283691964 -7.99407894213036 -7.36335060264649 6.54131986817715 -0.654648083242645
Leptailurus_serval -46.3036308070146 -40.5269110401911 44.2058849076531 -115.235320054793 -5.98523202225696 -8.58999725703861 -10.9131963841694 -14.4913187436462 13.2577439102816 -1.26990726871045 8.21704701991536 -33.4273979569633 12.4578339764281 20.0405177738653 -7.22362431644939 17.0195867564606 -12.4755557205877 -4.17340259498583 -2.40669643598462 -6.01659568763293 -1.8537329031349 -13.4362091856929 2.11102854604644 6.98544580612754
Leptauchenia_sp 135.611855694046 28.4587872404401 -35.8454236966831 -41.5238399392972 -6.69415398435748 4.99283350775304 -19.0810543526552 -6.0248810564449 -2.1127125964979 11.8003313178512 -5.99208413433933 -9.09174311498399 -29.7469798089319 5.76223549631526 -6.38124900156229 3.53141538151589 14.2421077732822 -11.4635745992813 -3.67490625228599 -5.58634764680536 5.04243093802549 -4.18854450249878 10.40469491501 9.03781074435982
Leptictis_sp 34.3582178796078 47.8888795933846 25.1644213148861 -7.28461074545369 -18.9809986848411 -8.5163347753102 -41.8782925220164 -22.7500881347382 45.6973604038244 -11.4421019664096 1.579018373283 -2.30636091040038 -17.2347731504576 19.7986840056964 17.8832231173435 -3.64734210612832 7.82935170916119 2.17360406066887 23.0838455654686 14.7500675860305 -1.59816047373697 -1.16366887274073 25.156806762322 13.6755216013551
Leptocyon_sp 6.41351653278643 29.3818170078097 86.4266854629573 -57.5326831396295 -3.81441080254115 -11.1286638766502 -20.8460739354874 -13.6257052592982 0.0588629264825402 -9.40326479306333 23.9456790434975 -19.4314247180195 15.7782164804847 15.45390832482 1.30174375602331 -8.80864007514495 -11.3737944328952 -9.80306850867752 -9.60803413299686 9.74131636063197 -1.5067726695499 -13.822914983302 -3.09533349966497 4.67321170841853
Lepus_europaeus 28.5489242882433 -21.4618517094841 43.1372824534204 -124.231888039421 2.67264514856002 0.243907964644361 -12.2316743171871 -57.334684560425 16.5550072481873 11.4785796879384 19.8786914638273 -9.04258320067783 4.19103656737236 12.9991319140139 -14.1933852123983 -6.29774013910305 9.01241004425103 -9.18149921420854 11.6186512549116 12.045502752342 13.0023654740103 6.29327950215278 10.4708411772335 -0.22780615634864
Lonchophylla_robusta -82.6601585501324 -8.60560869486913 4.4951536199602 -45.6835351799986 5.21305839884033 10.0386756213797 -26.1772906615592 -28.0385012401227 13.3640108655187 -17.1503977857304 -2.60950164819625 -6.51956245746778 13.2065242106946 6.31391438072308 23.1798165649739 -14.9990410500028 4.46150623866654 -0.631960202880878 2.18530286410384 25.7576274938914 -9.80634704843596 -1.21778022491712 12.4646133230037 18.3849101335835
Lonchorhina_aurita -84.5544003608289 -22.0151634225748 -25.3911862945505 0.119710113830086 -35.600154097804 35.7254714077977 -34.5149691317365 -16.3014890184459 52.8580058574076 -27.3439406851754 -8.75205778950982 14.5784695022005 9.32587249394479 33.4875208317914 22.4658864897161 -14.4217969339695 12.9769442675503 1.59997266021601 3.62984409974186 21.9168237545003 1.47357647682221 14.9876441717501 18.7919258062469 38.9506460997444
Lophocebus_albigena -94.3527512374463 -86.166360286057 127.630774267457 -176.174059880037 36.8480919740397 -10.9154900006533 37.5042728292495 5.27945664137706 -21.1578799960051 -49.5299783515923 39.9396027739928 56.0411144663449 1.53349124259201 -21.8666715213668 -33.4582852083741 20.5261149346581 0.221793270058972 29.3332977395805 -23.3610153313628 -4.73193258094673 21.7676920476304 -19.8649065574699 4.36075067278522 7.8241233251364
Lophostoma_brasiliense -99.451743293736 -2.56597637445246 7.81354459013466 -90.6923226949271 -25.0944119046656 14.5357888062626 -24.0082476825535 -34.1258967148718 56.6252793730239 -26.0633483856143 -52.2933361818333 15.0526415689865 29.9866451473191 30.9936842516841 32.1107697494871 -10.8292177687442 10.7921553831149 6.74694450340459 13.6967155679423 22.542884418026 -10.8883295832251 2.98936577096133 4.99241090017986 26.4422832762675
Lophuromys_sikapusi -13.9767135179451 -37.061191381411 11.1935456407513 5.49863526375539 44.0447137055687 12.6047971769366 -21.2980909806482 -10.5970351156199 8.95213608051709 -1.78150496027514 -19.5590243248781 -11.2305595710675 -8.2200749842834 4.45108312836018 26.9195787756107 -0.462494559654875 5.44298836405891 -6.31650809342522 9.971536682631 14.1667715073233 -1.33549781159976 -16.5754482432864 3.75651841136645 5.57901030773017
Loris_tardigradus -84.2384926967732 -161.537023958237 60.8033686516471 -97.3223849780284 3.31228692167002 1.59972026215618 16.9656253202295 -13.3583893930596 -8.53440410288762 -3.3977992660098 -0.280627676618999 0.124863371365852 -22.0713371664472 -8.52837133180532 -3.2542582070974 15.6824653968305 -9.63858265263606 27.2437531090626 -22.9270336126965 -3.27358047636243 15.4670101783906 -35.1236146573653 -9.27856679722247 12.3972924955168
Loxodonta_africana -116.094988178589 -15.3766053203338 -69.6378786769738 -67.7773436439062 50.5410087492234 -9.61309302102512 -11.1341705733507 8.68723383509067 23.9948738258548 -29.1355578366654 -14.8346175525219 -16.1262240487133 -8.69868740757071 -39.7249802619149 -23.2328368053119 31.9718333342935 38.651498056875 41.3621651386274 9.6342789999595 2.76571460222959 10.9276357478323 -7.37080795689883 11.1117610590721 7.62164820830667
Lycaon_pictus -33.516845375662 -69.1550270593318 94.4301525661766 -133.530892358036 -16.4265918086466 -9.2088468916409 29.1655750808049 4.88402160649336 10.8635516180996 8.3180691403931 24.0345159917982 -31.3295966478899 2.99124627142629 19.6138380990628 -20.0250096653446 22.7053880426108 -7.5054969232541 -1.48227991536411 -9.57357281963736 -5.55681866623715 7.20909953671383 -9.5528184623068 -6.75673421549637 -0.27484206578641
Lynx_rufus -46.2660115465187 -42.2404072349987 77.5186306122182 -107.909173306732 -7.96223872744686 2.31424433991202 -10.4106460285298 -6.64896047121488 15.5469548077427 -14.3148206259341 14.4053441386123 -28.2679079671899 12.4733396982876 21.684901344717 -6.2667682182018 16.711268173235 -16.6706869313039 -4.84070758852862 -6.55809980072539 -6.56630895170546 -1.88158185082728 -17.085846630928 10.2853726116672 14.9574235590036
Macaca_fascicularis -76.2947574873364 -120.135879782502 107.819014057889 -138.875296589508 23.1608079585388 -1.99930607919069 39.7255950611245 -9.52005877715448 -44.9576103666655 -37.9231859645691 26.891077147162 34.8696157095647 -28.7280822118684 8.71453170201998 -9.99735451869019 17.8442347542568 -5.4811363846394 12.5385086480301 -33.5447208771586 -5.33564681380903 -1.08745215469959 -25.0368130074969 1.62699101441297 11.8838842033952
Macrophyllum_macrophyllum -102.862927552887 -8.44920606057962 -2.26617498817831 -79.0740816002736 6.90672929598533 32.2996108282572 -12.3027061775488 -29.3666040812975 37.5387149638302 -31.6016158777653 -33.1161622159305 12.7996220032862 12.6117587899431 23.8406646040417 37.2678312581027 -11.9236260058245 11.0151375581942 3.80019359510336 0.627382205894244 24.566556300008 -7.80614306793976 8.90178410462764 19.9817642401505 24.9870616397896
Macropus_giganteus 36.5275288640501 3.42560472467996 25.0209061210415 -105.376193213817 57.0199665172309 -10.6488932576714 13.9781690716324 -21.7492407115491 22.9022829688635 3.79683251968354 19.7259102736123 -18.7442580332898 10.884805876671 -5.01052523488373 -1.47349459564263 15.3867727866335 -3.39889190375302 -3.79114499453424 -3.70540240153871 6.10936026817358 10.3128436226295 4.23493086631291 21.5858114186681 5.43732663471195
Macrotarsomys_bastardi -13.887101662481 16.0269071969621 36.3842213867765 -15.4645566511817 60.7522560636131 13.5234834585305 2.44288187124473 -27.7666568072039 10.7379372836911 2.25733437874712 -24.5519869905442 0.962507747743037 -4.73517004772008 22.6430449964546 16.1017863954396 1.82422687774249 4.7351305122028 11.4154880440172 1.67855140598179 6.94950463091672 -6.44700073975404 -7.04839187615942 13.8088157753149 -5.10237927926185
Macrotis_lagotis 61.3805832131605 -16.0527234874585 3.75952067083131 -9.55739955349963 24.509277977817 7.38781229840627 4.04195293505672 -16.5259505404666 46.3559725175236 13.2272231754733 -13.8134384030444 -12.8670360801932 -5.98981901580206 5.43297147117072 6.50591995329701 -12.4471816804406 11.1017962856217 10.5420750900477 21.6135853099142 -6.34827324311016 -3.99063564359756 4.90796974294091 3.16529896559701 5.06286413829544
Macrotus_waterhousii -89.8541039274906 2.40884545119467 -17.4844566239089 -93.3452976843035 24.7197853495446 31.5479363004022 -31.9097804477516 -30.0904594238712 33.5912938943098 -25.3239262493212 -37.2860408568625 12.5439525942338 -3.81850475053412 10.8992644339177 46.916640719314 -8.95716247136063 19.6234860734919 11.5927402526412 14.3867459236299 26.0565239030387 -12.0333670766664 9.68456002091346 11.595222799652 25.7458654480351
Mandrillus_sphinx -100.394113486492 -63.7575029120435 128.017540440361 -193.87285601916 16.3759256479859 0.958671165984693 48.7597584213035 -5.51036704344576 -17.5442792315558 -33.0912486608634 16.6199368237911 34.0252895046655 -10.2672901483554 -15.7229214462992 -28.3258170159578 7.62123993797511 15.108970162061 14.2321620927658 -20.2677475201477 1.13416556467393 15.6060719568259 -14.5815174097416 10.8686694465945 3.19771122243011
Manis_javanica -102.429982970383 70.7059091764303 -15.7283367514571 12.1778779186402 -6.69996465642838 -22.0654186385284 5.20130282033721 44.8565893452596 -8.73327523783659 9.76906784651461 -14.6424850087352 -27.4414455003094 14.2319749658391 0.413458009019591 22.6228434385997 5.28359761836041 -4.86697339634713 -14.1483398485992 4.38117115206027 5.80471890869193 3.44322495173091 -7.54247419097475 -6.30209528748591 -3.33270934623063
Marmota_caudata -1.70425592207569 -16.1161466225297 49.0799529205868 -67.8337560603903 34.2644430153473 23.6718468512182 6.08290643944676 -30.7242457433515 10.312557039078 -6.77772469048996 19.1697028584073 -18.2493888919552 -3.97834883139038 18.4340560967986 -1.46842641697363 -5.90122782829846 -4.65085066529201 -1.912191365737 -3.30480268755533 -3.26646170071536 0.149557963334114 -7.07535100034316 0.512898421203281 0.397121543366419
Megacerops_coloradensis 18.8342855356965 -83.4148124430805 -98.1380367683482 -45.655003541814 -14.623814424845 23.8679355753475 36.4107043604559 18.2669249852216 -1.67926467747681 10.1477356339409 -13.5327722501908 -20.599687499461 -13.8676986818609 22.7885984891276 -3.16384508675212 14.1031457553934 7.60135903768129 -14.7471566536974 12.1115628376753 4.99687327301676 7.97896716745983 -4.47261341771658 7.44326811385772 3.38671545491954
Megaderma_spasma -45.6742917837816 24.8432596962391 -25.1760094525831 -92.0073642313707 3.99428562044959 3.02132180666429 -22.0949585168922 -59.1381356550054 42.9782691979601 -21.8177408091738 -36.1273632997596 1.43302677254433 -0.390036236113144 -0.480887566710381 33.6155923398463 -12.3460654932511 11.0141250846475 -3.84416207316004 8.19620086553166 23.041253069546 0.833594658506129 9.75382634449952 7.69330106159374 25.053017504645
Megaladapis_madagascariensis 50.1028122508943 -36.6590978376234 116.250749010067 -86.8783743083258 29.8584129460479 46.8377799504454 1.52690230492874 -6.946407161678 -18.4542480162795 -6.61018080321377 -22.51851102058 9.31717720244313 1.44667250203877 29.312452093404 3.47692070220893 7.63324172793443 2.23761015756219 1.8022250604061 -11.5835902243644 19.8134310085395 -13.1379888083731 -26.1415636011965 7.30584065521446 14.4238941614967
Megalagus_turgidus 47.5214616075408 -10.4685659687544 30.4773892209958 -42.5972664266829 -18.3895552240494 28.2746240454308 -42.5328357851752 -45.2696845872372 17.758104305427 1.76064553942091 -2.906056564548 -2.52378460009859 -16.3630634626107 18.3312172026743 15.5345274156727 -0.0855901473932942 14.7216199756215 0.704603828678804 3.23761104384692 5.79717290935644 -6.39710105630449 5.94909685729198 1.86975847833143 15.4450646869674
Megalonyx_jeffersonii -102.546268209057 -84.7247571229679 -10.0517969133906 -28.9576772182415 -36.8583111956736 28.6978092772532 4.99797950290454 11.9185768314834 18.457720455982 -20.4489379189092 1.57294013569512 -9.03528076813642 15.3002616811733 11.898475734701 8.67197578026306 9.61884323979075 -0.995594627638794 -13.7129001802793 5.85112599444526 27.7203774056029 2.34715151328089 0.393088754102727 18.619850674348 12.6971205206728
Megatherium_americanum -89.579209841744 -57.9133022022325 -15.0412781975817 -25.528856261418 -47.6807258642022 20.0972645577236 2.29829314664946 16.1148147116131 31.5743952973156 -44.1828133704503 1.23847632408806 -20.5834786274682 6.93868133289914 -3.21444653716179 -14.6279244994262 3.15774371574431 6.37560829315065 -3.77330824132046 2.50134892529414 15.8794344545509 -5.51322292923618 -13.4192233534609 18.7543803311135 0.341209024665054
Mellivora_capensis -18.1947052669923 -19.9707734770793 95.5411243901065 -100.526949943202 -27.2496693392966 -19.732938901259 31.7470106988028 -1.79927242317902 -23.3949922728058 -0.908048200344335 45.9054740311574 -16.0145232621548 -13.8469314055882 22.8234016866889 5.1402506448648 25.4620349273811 9.59456766126362 -2.84655829319951 3.38495646902332 6.62953502763296 -9.70328254539316 -18.2151439601436 3.12525355080398 -11.8928007217387
Mephitis_mephitis 26.1802846820009 -80.5919173689753 102.075898293544 -29.9790042203359 25.6402800721285 42.5691743455439 1.06551112023207 2.8558439521766 -2.53784788737127 11.7010821354617 -4.73681159911892 -9.71340965106293 12.2659317871328 0.580904840744275 30.4591271606877 -9.32518772599004 -6.30656925075936 -10.4945406008161 3.25165627572953 9.49967941736001 4.65604915421574 -29.3145532487335 4.77705100130792 12.3084252765963
Meriones_libycus 70.2301786411096 -53.101092035698 2.86564384345002 -26.5589371223992 60.346131399806 14.2957653484769 -31.1209008463024 -12.5057335466114 -41.1246971109294 3.00038836850928 -10.7094250151378 24.0377071129162 -17.3434302515559 35.6820089782392 0.155609051516193 12.201596267769 10.1520809002656 4.32420377447693 7.49604936516796 -11.8059683385017 12.999819879695 -29.9067556319749 12.5675982754576 -3.62871787072261
Merychippus_severus 52.6692279218863 -83.8718719203145 -22.3269251654051 -91.5238587908332 -18.7063115732591 -0.337418978453734 9.49670427230224 4.32297882563765 3.96144008872982 -4.4451915588542 -7.35945736787171 -18.2001126704986 -11.0141833616397 36.5864646864918 9.52887263220829 -11.8123486111224 10.0284947859097 -21.1960441597333 12.5219807806784 10.4795084237712 15.912704677218 1.61037113903557 4.22461069687902 13.1313213857104
Merycochoerus_proprius 26.9440723662214 4.82972328559147 -30.2841139827469 -41.5662900375557 -35.4914473434633 55.3614810121697 -20.3317661059261 -15.5172465325955 -2.85646762129037 -7.65397499798705 10.6611750929638 -17.7347597714014 -32.5135344848067 27.1998911021273 -1.70755169660706 -6.70629498693212 2.28219883343258 5.44824983540375 4.71709767960232 11.1786033245136 4.9011732452723 -0.199506965866834 11.8306826579106 9.85100406914581
Mesatirhinus_junius -18.5971975743953 82.4051954770217 -68.6249095420778 -57.3925356936574 -24.5640242678682 6.91929318124607 -27.6475147595403 34.024048722891 8.69411743172231 13.7147030518749 27.3184410944399 -23.3493227855793 -24.3297237856087 46.4112227617914 18.0043242711775 -3.90910420827165 1.80052007983811 -10.4609918099043 -2.68848983038576 12.0787114330184 8.75815362397105 1.14990736565041 -0.220761997195038 2.9844981441805
Mesogaulus_paniensis 5.02998182855422 27.4359428200075 -20.0968069676812 -10.6428511236414 9.33638303247576 23.3269138562207 10.3104814246295 -46.9132386076545 -18.1743510573976 7.6312868004301 -3.87623600934051 -6.96548486698267 -2.11650239822062 5.04893451883442 9.07641246093938 0.993955391793615 13.0541279553274 16.3581126928929 -4.29307256973269 2.06284784558892 -1.65143389736329 3.75441885731197 5.22304728367911 -10.1765556887565
Mesohippus_bairdi 43.4437053950216 -28.3080384879796 -13.6544010941874 -80.4569691040333 -49.4171455559297 2.62391405512201 -4.00253723040528 -26.8563375340833 8.83716022644435 -16.8862227797091 2.60616336881927 -15.9422870747043 -10.0714485118859 27.1634954656558 12.8378544309953 -0.719683595294172 1.71816794959117 1.61690998013089 17.3012893556541 3.53059382760796 7.89111333673724 -1.4068713329667 15.4763919924283 11.4580093198669
Microcebus_murinus -32.3440564749511 -75.4391092055221 61.4891117484563 -65.4484533705307 44.1172857390815 20.2166168188416 2.4537439182745 -25.0845913636393 -1.92614115700231 -8.42683605342884 -12.4066809181122 -12.4759774437287 4.54653160864392 4.68132915173013 3.67646159437622 -0.698844571086369 -7.28725046538048 0.810618373375827 -8.80325252800415 -0.221454798519093 2.87234629408585 -19.3078186730428 -1.05715857657046 10.2592284943303
Microchoerus_erinaceus -1.614152888455 -57.888142964771 42.8277749884078 -84.9609506474646 53.63733630689 22.6051200774169 1.05665181488658 -27.6266809272071 -15.6358536893495 -17.6980465898172 -18.3455974579891 -7.47654911836938 -14.0672300993277 6.71739032212873 -2.42192857331259 -1.99566291329407 -3.78833605892794 7.24055878078848 -1.81143722626257 -26.2380853061633 -0.96552096260349 -3.25652048471239 4.82268074875802 3.15491799098965
Microgale_drouhardi -80.6282343492901 -32.791408397523 3.29647790444814 40.4580846919693 25.9001775816442 29.0831733649048 -1.33877561773453 16.5600057536067 30.4317053308395 38.0372469232958 -17.102884950459 -8.73793668284914 6.13497820020886 19.374964699334 33.06585012315 -25.4444116309244 14.0589039659485 -5.66903766577081 -2.71111106045679 0.705492941222689 1.03295716685878 10.6448922207428 10.9996338781125 1.64360278357379
Micromys_minutus -30.7611746155631 -56.200254278041 28.8853731292474 -13.6132768358326 35.0699237873358 12.2767193143731 -25.5620982142567 -28.5504564424305 0.852924446959178 -10.3397653415321 -18.7147033394794 6.00334375729034 -8.22621292533747 19.9322382455979 22.4207109287055 -2.53624442715978 3.9737697601999 -3.38526724972145 13.5429325828958 21.6693852178186 -8.89239938515809 -15.046792445919 11.6218319310914 5.93150034998967
Micronycteris_hirsuta -50.3701256780127 -43.6833053423888 1.65028666024008 -48.3960870501375 -12.3862601252835 -2.45368326242559 -31.4034546414038 -19.9034542871398 63.5975710731736 -18.8664736917567 -25.1151206765052 -7.27862280791043 17.1191107343194 17.4563826507531 38.8830901632451 -8.22629561327211 7.66261919892194 5.34496091065499 2.23548525159561 15.8647913372385 1.9789729121978 6.57034081719644 10.9041714620412 33.2412773768199
Micropteropus_pusillus -47.1129002598143 32.9707259737037 16.9454919595714 -58.8847514450165 26.5722048197572 24.6149252034933 -10.2519757727022 -22.5886909536978 19.4528576765436 14.2806907869679 -9.0675476437301 -29.7598634493578 5.5310901581697 21.0763012437076 10.1444373844757 -2.24371285760493 -4.79852034132831 -3.04221937208463 5.74978553057969 4.69688743632178 1.13176626809016 -15.0470344385305 6.87515901641412 5.45154926623837
Microsyops_annectens 30.9189287645332 35.0009902303307 -4.75817013798759 19.5132998059695 -21.7201051452561 14.2588141826773 1.3872269166177 -4.94530186016637 -11.8033189362394 -10.28600693886 19.9073623816544 -16.2140185967431 -2.94652693196096 5.60384406867234 18.1556840782376 8.5699237395914 7.48752457956383 -1.7776849698863 -13.6165131562078 4.85678852713092 -0.406777109282777 5.56357752747711 -3.25228408584322 12.7630877530439
Microtus_yuldaschi 24.0887604935299 5.6386283670731 -1.9386235052851 35.1476088975854 40.5076483329024 16.0068857145665 14.3573004197272 -12.3396591413779 -19.5218465547708 -15.0544413544576 -7.28259660617842 13.651966341987 -6.03385992662895 19.009119638775 13.9035275979009 -21.3505870036221 21.2781450979155 -9.07261467182845 -10.9491508813572 -11.2733850553022 3.56771388766641 -14.7387022330739 7.70286467105069 -6.14002441273588
Miniopterus_schreibersii -69.9073445303878 -11.8518111212193 -46.3034744212543 24.2037551824203 -42.5939965482343 -0.253354137092544 -14.1281523759061 -15.7018295272577 72.4711122164292 -19.1126547465231 -7.85669692706598 24.3249067793613 -1.81844963198042 35.9792697111743 17.8157002304583 -14.1582383683062 20.6997932400706 -6.14804658576118 9.04429826656618 5.46766527338001 6.86297824177062 24.3718263978362 28.0608702802599 14.513243000373
Mirza_coquereli -43.3398388296211 -82.6663848896458 71.5260665943571 -78.1403382775905 21.9345683612709 30.4311321021626 -4.02986376837483 -23.2349416216939 -10.3248854792796 -8.4115845759106 -8.78264811964287 -12.3524493465974 14.9816505079686 1.81810887480947 3.02510974556623 -2.04025893090959 -3.06147636177342 2.74750554738571 -14.7856459606909 3.31994114345924 -3.22180553876743 -14.1452265280935 2.21317254998035 3.12425142361141
Mixtotherium_sp -4.07556112011537 54.346340671609 -38.1776083274992 -14.1077074795914 -45.6059356571296 46.1340510264742 -50.1711997787739 -13.231286193085 -55.2473251966355 31.9376048333211 45.5546447816772 -9.89537430495225 -8.26595039060904 18.110680844135 6.97889889124626 4.77339814861851 -0.981895383658622 -2.85354829945545 -16.4772726105914 33.6421604515072 20.8782584070976 6.08231864003369 15.3237634640072 -7.32657677353048
Molossus_molossus -102.606081783314 21.8051631306237 -48.7895677941743 4.06137085616004 19.5124374123839 -1.32254512093792 -23.624550110112 -26.6802772615039 39.6550750024222 -19.6173341338191 -22.6164404815767 18.5946393136688 2.1849268314554 19.9884533583063 29.3378895458132 -5.81599917748086 5.55171949103123 3.89019279991179 -2.65811992415212 18.7684691838579 13.9002826906954 -0.177287916724239 21.0731597525822 17.986738261757
Monodelphis_domestica 42.0292565874928 67.2009315120016 20.5104453168981 -5.12919458056383 34.83246751912 31.3520423908364 8.3358213718092 -3.78334052637968 16.5625658062405 6.23525084926629 -17.3657100787567 -11.999161300734 2.32505028970448 7.33354605216725 14.9610321783286 -6.48876762114104 -7.75719739714368 21.5153008013123 2.66483221201366 7.78550451145945 4.44122615572677 11.3979383569555 12.6062676950703 -7.02715346587592
Monodon_monoceros -203.168433233596 -47.2186543295078 -7.6300401229674 -21.3183200131413 -50.8856345646012 -1.09672010566577 86.3324712657127 23.9958774679947 -51.696525844095 -20.4177190733623 -3.69203495775252 48.952684034851 -14.1392238876873 39.200893152885 -30.8677942420132 47.6462757601646 -18.4192954906868 13.3373553652876 -27.5714773627277 -14.3590597909731 -25.7187594850825 -7.43179649129417 -5.59821366912159 18.1133011654
Mops_thersites -89.145738056917 -2.27794821782205 -15.6499772065355 7.6733902762428 23.6330577595259 28.9708002792318 -29.1069462175939 -33.5098510896556 0.0906645535972746 4.77403258704728 -14.0772864686382 10.7414008180021 2.49400688039931 25.0385192578452 20.3622695976843 -15.6081904972328 23.6652619134829 9.93288869429391 -13.8601054955475 4.89901547829569 4.98377088508044 0.459715661540387 19.1267536435869 11.4946427769577
Mormoops_megalophylla -161.049117157237 5.82522797321567 -74.0360329953672 40.6236055868973 -40.2237060268271 -6.12867571868049 0.660947070649736 8.72574726182093 66.9957538068711 21.5634605995529 -39.4173834041529 42.8048970958512 31.5940747273758 51.2452573308516 34.224058196602 -11.0117204800738 8.29289798580387 -3.58584508165961 30.7708104024135 5.99032137794993 11.0174591143307 -11.1830913168623 14.2670374059202 27.3459430040069
Mouillacitherium_elegans 1.43594039587351 30.5270084069455 29.6799914014107 -47.400558673551 8.98842440763504 -10.448765683491 -28.9338649402121 -18.2796744398421 40.8331655186158 19.4948290821587 -7.33786798972802 -33.0055677876744 -0.831562153465877 22.8791387984669 13.8363131864824 1.05136505064392 -1.18533786787244 8.07611249109672 -3.59033021753649 1.88175002044237 16.8611290489378 0.255118083223319 6.19913543920139 12.382896196807
Murina_cyclotis -86.6954372138415 -77.8024534811623 -45.9758949054452 3.13764805830955 -21.9479959848903 -7.59128643673412 -21.9786086195555 -14.9302683600247 53.2727022197904 12.1173723550539 -24.2554398810972 2.27078962832786 31.2425713734147 12.6787867679779 15.4748883544387 -18.3009704899905 10.3196629552274 -4.86374380704219 5.52314103250099 13.8391003246816 8.61784759916031 5.77907120911825 19.5114526562033 14.9915536823279
Mus_musculus -6.85083077903868 -3.8786480725319 36.6411393071178 25.8432409200352 26.2602042425197 18.4487448248511 -12.8873245661999 -14.5120396244244 8.58933217989217 -11.0331610598244 -9.02973598571215 2.53518347395129 2.83178855944174 26.8824532670587 9.33209446196088 -2.45523453977613 6.18816841632895 -1.67040460304502 5.58522821717732 12.6703741313066 1.23226294586933 -17.9520959623863 3.72150514441143 0.194720279718499
Muscardinus_avellanarius -26.8179509858519 -59.3549721532148 28.5862736354804 -8.4024636611452 25.5042959555669 24.7227561772774 5.57666467405041 -20.0593367789917 0.736775579682667 4.68230023048885 -13.6785257001046 -13.1440172096608 -4.95938307634332 22.0850794401916 22.0958485560423 -3.55945648127256 -3.46396628059647 7.17925332625673 -1.36734785040686 0.0159211797616314 7.57548631515403 -20.6758638729914 6.71069399460894 13.553731159938
Mustela_nivalis -7.96794628947744 1.38098219801641 91.1731948714258 -33.0528884593089 29.8779033871081 -26.3658922868389 7.15483804376218 -3.57718731126326 -13.4669659871116 -28.095581287729 12.6465741190389 -1.57536596291809 31.8060999740206 17.3152969300412 22.6255641050706 -21.9867263032382 -2.28283369402393 -6.3378958528607 3.84736902222481 1.3669478848419 6.22351114773852 -30.3021380157084 13.1252709052209 -1.32526100213331
Mylodon_sp -45.6447574042986 -75.226921978312 -87.3146125057203 -55.2658159804285 -77.6143250627747 40.6773248991303 -10.7332406688172 27.3116766981546 13.1182910130298 -4.46339447626733 24.7229826538004 -17.9404754383405 31.9722026556008 -1.39716985706961 9.90269098311522 2.42576542979456 12.023079587584 -20.307705221244 6.92808526642749 23.6107025629779 -3.51856954849613 -2.27694183483685 19.3884492768265 13.9589690209717
Myocastor_coypus 45.6914408851686 21.9062631294485 37.6946294794365 -52.0418217555874 53.936230402067 13.7163928209796 -10.8541411696095 -19.086096235706 -23.8446158693739 1.54695524359327 7.75405054540346 -2.99848628157099 -14.0523743862948 27.9138823179014 8.80520564331643 -13.1846464297656 -1.34167024575086 -12.7745098494064 -3.55503765531284 5.22761139175012 -7.22867828240569 -3.44705436980475 7.02547665243751 4.96819279471058
Myosciurus_pumilio -36.5801656933074 -83.6445136816604 2.53451178440295 -26.7243145736561 5.62142722071536 9.02337957892786 -17.5113485086878 -19.7204128273957 9.7151395176087 8.27564577217784 7.68803061465263 -16.6245299665606 14.6503234874698 4.00948234034654 7.14744626736996 4.61929685257593 11.0262587453059 6.5585070934331 5.25146725489902 -13.7065225464682 4.47240233738431 -7.48035391264078 15.9461134686882 -3.38268706137886
Myospalax_myospalax -16.2387629285182 -24.0460596597349 -54.7710530222282 2.88708407889942 19.2143969194419 27.4735195871765 48.1560119113851 -18.1834743882233 23.7057162019486 -3.03027892611444 -27.8547598716061 -4.33451260785353 -34.4923532732686 7.76093228696234 21.4903554311693 -14.5992077897157 21.959710980212 -2.22219893639024 11.3544699333307 -0.385768190252634 4.54207663550894 -4.9371530022805 4.02287027664067 -4.01179026062484
Myotis_adversus -71.3463932012617 -43.0844282461341 -51.513722451985 14.0304568847948 -51.9325550125705 5.59624379813422 -12.9372173318606 -32.9806291106104 56.9179994714757 -7.10237314342088 -1.90739244625783 23.8536666397093 -1.91635924388708 28.1571531151877 28.2669542750582 -21.2759126094766 9.4016133458148 2.12878575128735 23.20623493634 13.4484610239185 16.3328563483655 12.0688118395643 33.0733786027905 16.4670263560673
Myrmecobius_fasciatus -0.527898007339421 -24.5352118041696 -6.80297869665501 0.285922218845835 12.6604723219513 -12.8761808388485 -7.2496449709328 -38.0879280152788 38.545932906652 22.2570209039795 -4.47231004140616 -26.263166009891 12.5809209889154 -14.335285320984 0.168467585860666 -2.42314686900813 0.989507690594782 0.623537116392102 -8.1009091820397 2.23092369677834 15.7103512079231 1.77132306031378 14.3680146115603 3.95500983806653
Myrmecophaga_tridactyla 67.6820855180338 43.3714506651724 40.4384625378484 -5.37509521990827 -11.7390545668345 -18.8275119575166 -3.78490895216243 11.2982600674678 4.57758444015733 -16.5548525025545 28.4301109650636 -16.2212692513772 -0.434429955613058 8.57390282766215 16.1511024869835 -30.0319516825295 18.5142895947768 -10.7497288216907 17.9392020532218 -1.66231315831943 2.55226242838344 -11.6134749189515 14.7308786422202 6.50107168043509
Mysateles_prehensilis 56.1727385309124 7.4405029082651 21.743152684669 -66.4409395193052 34.5768308123135 3.28334980892598 -14.0886863441525 -22.0122216853645 -11.3731028346375 -12.0617032877887 5.23283354849166 2.06872642294373 9.81180583758354 26.7728452664798 19.4869432531166 2.78903455134397 3.43727092246812 -7.8661936032747 -12.664080236464 6.16192771360144 -6.86201737176718 -10.8010699477453 16.0886350640578 4.18150793672446
Mystacina_tuberculata -114.834946266039 -36.302590124142 -51.9749470069042 9.85314812790987 3.58757784708233 0.347720440850216 -28.5577301063731 -13.78257311892 35.9599334682109 -1.53370511734805 -5.96231739417554 12.9246039206573 8.58186576954756 20.5540864270179 25.6399146871761 -18.810409043482 18.0661514181768 -7.77041427417942 2.97569444669119 19.0367050069357 -0.26337054964421 5.44642376724074 19.8964293065213 20.1214528654941
Myzopoda_aurita -98.6858865175831 16.9869619137414 -41.3216051239072 23.3467277043973 -42.2637876119508 28.1845252283034 -23.5680289983871 -20.3233720380625 40.4275029218026 -13.0633494736206 -16.1585833245052 25.5996622940744 -11.5673306143975 49.3126579233268 16.0803257479443 -20.8914648712387 18.6831285578247 -0.329861517887558 8.54202156366996 11.4746309689347 7.48454407765995 17.0528562747822 21.9651012014886 17.7171444607655
Nandinia_binotata 18.8326374021234 -27.3567339406409 89.0184126894448 -53.1155830948131 -33.7624806977074 12.4699592687375 -12.2311462651508 -9.41887720486434 4.32269668167068 -18.9598365274054 -1.31635060741208 -31.0067336082928 11.4926189383479 6.29358338565828 7.97083925176712 3.78646109070906 -17.927047969815 -7.2099553493482 -10.4688704349293 4.65258284555192 10.3452409617744 -16.6953044488779 1.97215450064902 10.8289439111778
Nannospalax_leucodon -8.24889056053192 -5.77224632124373 -8.10649767220725 17.7109349447668 -15.543709298421 5.30984690667178 61.6830048714042 -18.963407972229 5.15044436547886 2.66163945122151 6.70141341436326 -11.2517369191689 -22.6588598696076 23.7364226770033 32.0756781687483 -10.2455290145167 22.5557250932965 12.6717231262146 8.11441055585373 -9.542074706226 4.39084539552286 -13.9558093256707 14.4491346114447 -4.2248035104004
Nasalis_larvatus -77.1724369461279 -90.4110025699 113.435117689162 -131.978621654612 19.5436213397457 7.01908819907377 40.4880059509245 -8.5475731077721 -36.3159378749391 -52.0763776420611 9.25241408812771 22.1610251075952 -16.5754933895721 -4.8489625190931 -15.1149143370373 13.7685801391967 4.319663862535 18.9672386280757 -28.8798178370278 3.08022748725507 8.9135659067204 -26.8154045657708 10.3779124335499 7.27692505871433
Nasua_nasua -36.0882462526807 -72.5333483131843 111.662565461246 -98.1277923059694 -30.3719389484789 5.44758883967745 8.14933376387703 -0.232983858635269 -5.42548136046338 -4.7740474082015 16.8574819504647 -23.7233188811957 1.95401200286148 18.6411916040269 3.36362580835854 18.352122961128 -1.25926295738406 -2.56298795803833 -7.37416707249452 -1.02331166971884 4.10039366423756 -19.2971484508109 0.289234639747994 10.3298796831249
Neacomys_spinosus -32.515811243084 -35.4372664281155 6.23338863941405 15.2350830307963 23.0647897596853 14.6384615980715 -18.1834626364168 -17.8009559543466 4.22591602913278 -16.0429401657762 -18.2394103287104 -1.00245573844265 -15.7978405686075 14.9105881124551 24.6390646176665 1.52968566342209 6.4168547837193 -2.91874647370373 9.66923387728147 9.76548673444163 -6.24658799326975 -18.1100510940076 18.7778919149231 6.06817232348102
Necrolemur_antiquus -26.5548190763777 -85.2673305110545 36.4342792481621 -89.5312839247891 56.8525303685833 29.0759172026752 -12.3617202244369 -47.8960703595954 -21.9090374907742 -0.877554257056221 -20.867013805898 6.42295353643974 -4.07378742726194 6.88589991678314 -12.4221442998584 -11.6488859489524 -11.6178639982427 8.94115659645603 -10.8305708863649 -11.9847177242495 7.40698099593672 -4.85499442058189 -12.1771440380835 6.44154208037038
Neofiber_alleni -11.7348929595919 17.5923860231117 27.787107917546 1.56942389032787 18.8644522410228 9.64109934463907 -1.76552705378618 -26.6677127870275 7.33445087547428 -11.2342976669973 -18.7225872421721 -7.61367171951283 -8.69972096417192 20.4950244732301 14.3343144601109 3.31523584032494 5.65681535109767 2.56374351864914 11.9354851493163 1.03696725509775 -5.37312025771207 -18.12106541963 5.90802134046292 1.67329022947217
Neohelos_stirtoni 19.3032589850421 66.4273230058733 14.1716111357411 -44.613077015058 26.2822433788421 35.799345261363 3.24331384051654 13.7488396164229 14.017536107957 -17.390578781538 15.6999325748158 -23.2598567884653 22.9576179884876 20.8902836801967 0.578490940872173 7.09476108603024 -9.88984647327413 -14.3949975123182 4.97436349130288 1.61360427579505 1.50329584871037 1.70043370480841 -4.24882983073234 15.1715744012785
Neomonachus_tropicalis -177.047717364495 30.4160958712016 95.763332430997 -58.801982569724 -8.02898075312926 10.8148399593246 58.921525031764 53.796968687796 -47.4015016506883 -48.8694945315491 8.27975898341908 20.593429384306 16.9817914926069 4.92580746299112 -7.53728519433229 22.0053576210989 -27.0669057256308 9.99883326316107 -7.26700651459897 -0.105679865867317 13.8985274995662 -23.8605547950494 16.9673970774913 11.4378955294868
Neomys_fodiens -132.749744216534 -24.9112223433567 -15.1873248317421 31.5492635238806 56.1324193674723 24.6367613361198 -3.61454740164574 3.54788809857297 0.295439348574488 18.1867366466447 2.95683278018138 20.6353349439173 -20.6402251602744 5.99471293949528 20.4433280921127 -24.1831106611058 -0.981786323330363 13.6178500769473 4.71073574302037 13.1168668542397 -21.2763621206445 -3.22324921235171 3.26412337409809 -1.08042316351695
Neotoma_lepida -17.0448350447288 -40.838618741009 24.8290119996808 -18.280756754191 23.5447797593946 8.41883684741097 4.3476271094373 -37.5525279831103 -2.76514281138933 2.86699202069212 -20.2388572796096 -6.51828251865286 -4.95393693707066 18.7869217267381 16.5044882228831 -3.39647813568752 -4.01818888968369 1.86265019120113 7.14805452701442 1.1568769343141 -4.4138574002022 -9.72294883476245 6.32593668921433 -0.535677839546886
Nesodon_imbricatus 127.025584384443 3.50310571539545 -97.2786063863033 -94.470515728117 -20.6547359863764 22.5226739523724 47.6625675380868 27.3064162999941 3.70643363158719 34.1783536805253 -38.3279018879823 -14.1430356679516 -29.023936341507 7.38322469911227 -1.27121475308709 5.57919099832018 5.12386811803007 -37.4958652984894 3.69455968566218 11.4945965885273 9.27316134262665 -11.7123847966459 19.8725919796984 -1.69103914512343
Nimbacinus_dicksoni 74.644362857192 69.7199407892945 42.798296854652 -21.8840880326099 33.3866326715461 25.4510631741124 -2.422701659019 -2.6553305278024 9.61914252395133 19.1229930866594 -11.1975378037308 -14.6655101068557 0.938396545493746 -1.37139516081807 14.408213975245 -4.6797190596662 3.48291889412799 -8.78063396952469 1.46785950717652 7.10258143271675 -1.2431922501194 5.01155656566105 9.65763221082786 -4.88407672585471
Nimbadon_lavarackorum 21.7240045883282 -2.65667300038003 82.8963555885255 -61.84009436807 -10.5001591840501 17.9935483283966 -41.1997817795182 -3.94789174610016 3.69430906064385 -4.84320148387102 1.11417471640119 -16.0972546554998 21.8851035732257 26.7251838770538 20.5430024190669 12.2636957114319 -8.00640322463744 -9.37334174711399 -18.0461959148374 7.95409095559113 -11.7264755159519 -2.38934967897793 1.08543818645231 8.02730902821136
Niviventer_rapit -10.280659909171 -27.7365558710974 25.9302008395273 -3.07482163239066 27.6551179440427 11.4305808694225 -14.7819376083438 -14.5134045684968 -1.18141916582432 -6.95242918179061 -12.4821747629352 -12.8829662131429 -13.7855941336153 15.1227801759737 29.3237598451855 -0.61552678361907 3.24825438826465 -6.00414335075785 -3.79606805801311 6.96472033216914 -4.7443815666745 -22.6810018667964 12.5314210650893 3.3093490246714
Noctilio_albiventris -155.294181347395 30.3789446065766 -38.2254397497534 -16.8643523729367 3.38610160134721 2.02250829842357 -20.8241513457712 -27.2059057955167 39.9166289922631 6.07882423121593 -18.8758455562263 19.2884658864087 18.8059761844584 30.0706160739048 10.0741637547709 -21.1857971447599 9.23110780215996 -14.0927762610962 0.529210328337805 19.4137063815923 -0.645265677158323 5.84124170198998 12.8635367443516 24.4524425932248
Notharctus_tenebrosus -29.3745717506395 43.7598568730083 -2.72940815532725 -45.3645229859248 15.7266095041551 -1.45082630035826 -31.6340876307435 -44.6860877041123 -17.578299446993 -18.3255905976734 8.47048104333682 -13.7617221974108 -18.8288730610202 5.18964443626657 -11.8742718779743 -8.21813642984871 7.9329797383809 8.25122756875978 -8.07372299707812 -13.6436805062367 -11.4145793342227 -10.462149386333 -1.24693382740837 10.9764927602597
Nothrotheriops_shastensis -52.3855219014224 -78.6357341347707 -29.8238920037544 -79.6865744474077 31.9645320279713 40.2346465694059 -16.1071823580756 -7.86265668036393 -3.10389186474072 -15.919683900326 5.32479362189718 -14.5716473377234 10.2911874748861 -2.76817589302153 0.0719132637184466 8.1034199607389 11.1723455634548 -11.2415438185905 4.71569360618072 11.4494967099517 -7.05834177788356 18.2369686423471 21.7241494295957 37.5510438865301
Notoryctes_typhlops -146.901260164547 -23.7524151717344 14.5831296802413 -17.2961784155844 85.4615239886139 -5.3046299422067 9.79721957485365 22.5842275242714 55.1831557705776 26.5471436266252 -33.71321562536 10.1014025605922 -24.4836538480852 5.90435506570187 22.6362997662544 2.9067727449047 11.1199432192196 20.5192562386708 29.4141291429393 0.646420515312042 -21.250242414132 3.32678409286705 6.88483150158923 6.39547552485877
Nycteris_thebaica -21.0019132982715 -76.6543022995582 -44.9569331584258 -57.8726105342816 -79.8477266977443 17.3786269040589 -25.9941829274648 -48.2154524017885 27.6612899335949 -17.600195178466 -36.5669325736128 20.9051494141308 -18.7419191177677 15.9446159036347 23.1761415334404 -11.673029281585 26.0496978732746 -7.09914244355225 14.1231532909454 24.8354298707105 0.027809751569096 6.96916375140677 3.69761111994902 39.0327981111722
Nycticeius_humeralis -101.086624657209 43.7591693061952 -72.761005864677 35.8367715490387 -0.613049726947625 8.52852740627406 -20.7914614706485 -38.5775113972496 45.185976970313 25.9530176659633 -0.667011722346067 25.3988059011177 -12.5867041586714 31.0479330132066 2.75949732370739 -18.9645354580818 13.8138884199909 -6.00078924037956 -0.305142018590231 13.0419372520153 6.97573722763754 6.12189118703157 23.1020279003335 13.4349434290918
Nyctiellus_lepidus -21.8035497145074 -41.6870298362386 -59.056424663494 26.0591741072299 -1.6301287170356 40.9502275201232 -28.543004168591 -31.6978901710263 42.4587347706853 -14.8278518018975 -36.7977627685986 38.8961609836145 -6.12567490397131 19.2496424035159 16.00082915632 -15.36358236395 22.7913285557978 2.49325845700129 10.7416940288146 16.3866994590754 4.07107026142643 22.8906422758127 18.6963610167192 16.0475965725977
Nyctimene_rabori 16.657024418205 -25.5261227262137 27.3469051161418 -18.8593626568776 -17.1812815869731 12.3487126897687 -6.99955481758815 -10.4648389691198 21.7875183210099 26.0617537781979 10.1859492981713 -41.6425905672703 12.8829173877446 22.2360669841279 6.70870875229765 2.01622084957397 -18.676860141292 -0.896482796873363 1.3170730263402 0.212718332223106 25.7437334939622 -28.7028540072825 4.64362503995789 17.5318743707165
Obdurodon_dicksoni -56.7160241113357 -6.44193708689754 96.3249403346536 -54.8670784770863 8.97501494645827 -13.0615163046341 31.0998988161089 -5.28280866408863 -22.4005308655598 -8.96156982455548 -2.12378774668619 -14.8491384864901 25.7735802101193 -0.365340840796284 -8.16209352971873 16.244084833009 -12.5811065706443 9.74633633387436 -22.8592916276225 -0.888352097193689 3.86538868532113 -7.8781694519644 6.920799926394 -13.504055705011
Ochotona_alpina 78.891216133742 6.16702147679346 16.248176422746 -21.9067693880699 2.40721693700558 26.2091481980406 -18.8835737106394 -42.2927779177923 -18.8299323861398 -13.6626173195313 9.8648709922188 18.7597962427018 -6.27107426314674 20.851407023624 0.966535214230319 -4.18619135846673 12.8443717326626 7.45276289289922 7.72353473088137 7.48097858186608 13.3856819513789 -12.8951264615503 13.2061217303106 -1.08346922509619
Ochrotomys_nuttalli -39.635862096618 -24.4150462993745 33.7304260444139 -2.38135527172822 46.9266373867842 4.01140547027039 1.44743670614861 -12.0993577095592 14.3462990429164 -6.32144148820904 -18.2746368913101 -5.71332629320433 -3.54728472793275 23.6834748260401 28.7627647155092 2.36716070756245 6.06378690146847 2.58675096575278 5.49288667496747 4.2741877387179 -9.60854961822504 -16.7774697916767 17.7749260322874 1.6861593212055
Octodon_degus 71.1892468823798 -6.30424271434044 -10.7947827429209 -64.6365037963949 36.7879909378346 20.2591992503525 -11.390290617738 -39.0881743138698 -15.3353834008995 1.07195109686922 -22.9698711739268 1.8066911738964 -5.39219197592786 7.56969733111401 14.8691643107519 4.97119857145865 12.519050504483 -2.10318911613907 11.0154517421405 5.29396566797901 0.501399743800318 -2.03617374825821 4.59337159766285 4.51457352290097
Odobenus_rosmarus -217.344793514131 27.3878192161357 35.6845610334574 -92.4346262788345 -48.5815994859058 -12.3444379529766 28.2069946559543 24.2836695041337 -2.296528092181 -31.8525105382195 -25.1075582437984 33.5083987854178 18.56322317166 17.2961617587853 10.6674322024437 22.131851328102 -8.38354367353464 12.2044036559792 6.83120687951913 -11.8773067904122 -9.78451679980307 -24.1882084484733 35.5131121945478 12.1465698085851
Odocoileus_hemionus 37.5005476229514 -91.6238784129202 29.5986350594917 -122.656232310641 3.80263187381982 -10.3960256027597 6.67990662435912 -6.15345069075774 -34.3303991322779 -13.3999653180525 19.4777434344307 -18.8701374856561 7.72970226191344 -9.81975167779233 -6.34314188137396 -18.0794246616224 -9.73447694693109 -24.4704993274239 5.74009750393231 8.74386613384127 -0.127948146749424 -4.58412063914602 11.4123578198923 4.69664941313291
Okapia_johnstoni -17.3303365476968 -4.6785411249591 11.5120985779391 -100.136771547305 0.509814158627534 -44.1263476955513 16.212471767784 24.5935350550606 -25.6948883769638 -30.5246535621995 -14.2128751610164 -27.8976169026737 -9.40532630844091 40.1471032900938 -3.87477575813916 -3.67169318136017 -2.82834180992877 -23.1893347311252 6.09206958476321 7.36340040852772 -18.5460849006142 -8.33470858633707 10.8310296568863 22.0589741522277
Oligoryzomys_flavescens -69.6866063292166 -34.0916734526097 23.5194679445281 -7.91685927017178 12.3656824517592 14.3204773887373 -10.7894175912845 -30.9280224565751 11.9983975157661 3.02086881917373 -11.5441466760728 -7.05141733654319 2.88643325385256 13.8832717917518 14.8660431816369 -7.2276779041487 -4.80203857399962 1.49926068869637 2.81191817024804 6.70877306058771 -4.83929178820418 -12.8075341901753 9.57349718949606 -4.63721374593262
Orcaella_heinsohni -182.508068166667 14.3996958217789 8.25001086363253 -77.9333581038099 -38.1592271645255 -26.8752308918265 59.9395332718927 12.1709268798943 -29.8702122463153 -52.2267066775994 -9.3443443942312 30.7054984492965 -6.59795925462614 19.0233455246413 -21.2979896209628 43.5703043161725 -6.12618047506643 -1.25605560294556 -17.3593714917256 -4.60477338895034 -11.3174698107358 -10.8826487984892 -0.952042060862354 -3.15370932523618
Ornithorhynchus_anatinus -61.3094418699422 -20.9289249590465 72.9135397128838 -35.751976242267 25.8488628753987 -30.660726613383 44.0703847954709 -3.59019951206616 -27.0897250061881 -18.9789371335149 14.6980001210208 2.69575865863025 14.0324891443691 23.8378395402479 -9.35727225260072 9.51656423062775 -3.57359604652966 10.6806079164203 -15.1166424905166 4.32515180174493 -0.524606539472617 -3.49670361312488 -0.676258648706911 -14.7751440340458
Orycteropus_afer 71.2937161142872 4.22586985728056 20.2495537107139 -38.7563557848781 -5.69462410521135 7.9632804804138 -28.5466591010636 -13.0786361615239 20.1325633863203 -3.50565163436398 31.8275388836906 -14.6772949398057 -6.71035270472004 11.8547030472288 18.4677085485125 1.97854659541113 2.46221188311983 10.2214183676178 -6.5071631354858 17.9506151758382 -0.151543267417856 -6.79289204659343 3.16250056979927 7.4233007614819
Oryctolagus_cuniculus 16.6824035412317 -13.1466899758428 38.5342516230899 -95.4528889355389 6.34456130560086 9.57823970511622 -16.6457062969478 -52.968799867064 22.9827411301332 -3.43889928832826 21.3669623690958 1.08759693165819 -3.27978024968945 31.4047508599489 -30.9595373274429 -4.32535274823251 13.4344386940318 0.289362049258625 -2.53887655272409 3.12482481543834 14.2807523537638 -0.93168412655165 5.56586562931326 -1.83018047194239
Otolemur_garnettii -22.0737041272675 -109.646754071945 69.9615280157517 -108.900328039793 34.5714904801779 2.95752350047292 7.47012177171231 -15.9990204325595 -2.50530437987679 -23.7886070040006 -7.18863085854246 -5.40785115341061 0.54743361454247 -6.13935479532092 -2.53021823609335 3.33482442763014 -7.57144710740627 9.85033647130081 -13.2867195998392 -2.6788156492268 -1.28984421286178 -20.4063271727628 -2.14624960271852 10.5790388531902
Otospermophilus_variegatus 29.9600107472616 3.72956674027793 41.5222759674884 -38.2574010177941 32.1897475446445 9.46933293331471 -0.985770067500673 -29.2485870489095 3.14098155867801 -7.31334884607249 5.42616004266368 -17.8673986229376 -0.224343966372194 12.6742765587563 -3.4595244937361 -0.731223378735449 2.33403343331464 -9.15838639341237 -0.729092229853467 -7.14584213131564 0.376000742222315 -13.0510456514786 8.54186834088674 -2.03393557120504
Oxydactylus_sp 64.6098596862605 -28.3712972773579 17.2384654163813 -98.29346781115 -57.5144381573276 -10.6938114269458 -6.36736603932684 -20.3558865681675 -26.4799925810783 -9.60179333263792 5.3447542267733 -17.6466902496916 -14.5080126374704 11.1876703320087 -0.0251413551260884 -0.237470482979469 14.2014154910381 -10.1304073843195 7.05308058241924 15.7933158719754 -3.5360775600018 -4.22528524702413 -0.781918788095742 6.67176885567349
Palaeolama_sp -62.3895421407673 30.2426637603324 34.2789226434759 -99.9190164319487 50.9435522308385 -10.5060661714107 -10.9313696096572 23.5139783456176 8.32973196094744 -9.04613934703539 3.81720628915427 -34.3143557891896 2.40279808607325 -4.78553494189232 29.6111783589837 3.56464398566819 21.0329931329735 -22.8359787395399 -6.72117925500264 26.211315796302 0.896010350588065 -4.03795104504746 1.35783065287781 24.1915924981615
Palaeosyops_sp 69.8306599433453 52.8246166325693 -89.1487509414473 -107.265089177435 0.310357321404648 62.8722522910572 -6.30596331654999 34.7187289859967 -23.032963249872 10.0571967310466 -22.8251030863689 -1.19087646088463 -8.32833173128872 44.3988306249351 16.9748910159396 3.28848874938166 3.685256812468 1.51978288376186 -5.83691750293531 -4.58992286051676 11.47817744663 7.51155224261817 -1.63351535482191 17.8916835014472
Pan_troglodytes -147.928193065759 -73.9465392823916 85.197838941893 -198.614689791955 -38.9155651482394 25.1147425716667 19.7923191400954 -11.2954143648574 -12.5865569527485 -33.8570129069875 16.9547952970911 30.5584846275486 -5.27595181695971 -20.1170943402176 -17.0259276071928 33.2060701606042 16.5019251550032 34.7292332422695 -23.3310906780198 -6.36274314796275 17.1162780252987 -26.4829525980408 17.0738151246051 4.52024427443525
Panthera_pardus -30.6958004903626 -6.71600359709408 77.6421140972471 -98.1470693766279 -16.5675414399642 5.19078041231104 -1.62615189988597 -3.0480103994219 2.64180780122298 -12.6482971401546 6.14146932305151 -31.9030539772872 5.2583584710963 28.7269056400481 -8.55690444149426 26.0563329815079 -17.3057165297521 -8.97126003557769 -0.585276613694708 9.54974937332112 -0.570877361891268 -8.16235889482597 -2.00054387676886 10.5973364954769
Papio_hamadryas -108.237152741174 -47.7741648943723 138.348445725227 -189.137399812636 39.6456416281106 -15.334856596757 38.7733457724723 19.1097398848019 -19.9924695593187 -36.3180661168157 24.0173089476775 47.7727318544351 -4.21147487647554 -23.4522611463684 -35.9963228539728 11.7937000175988 10.3407480133608 33.8900678119358 -24.7404719783533 -18.7159361717108 29.6957221570021 -29.2546732808084 4.71114024868189 19.776211786468
Paracynarctus_sinclairi 14.7314098235356 -2.93087557721342 78.0153125106865 -59.9667187672728 -31.3393434535638 1.53219537680536 -7.339587200383 -26.3365030757151 3.63829409797847 -7.29023675516637 9.62838232299033 -22.9985554986515 4.87772815453462 17.817571132079 -2.7660032840977 7.15910008174286 -9.10045054097959 -11.441109079911 8.05238492126555 -10.5104817129849 -3.4545366246235 -16.6450119548362 8.64033553010118 4.00925959193298
Paramylodon_harlani -80.4646307028334 -1.28091460569159 -16.1234854590303 -40.7994097612896 -40.8803841157135 56.3317454622123 -9.57963796777143 14.0192372119732 1.48423469276045 -32.7153872184493 16.7921294640842 -17.7190367274904 12.7746056384217 19.856809658859 -12.5456697151431 -3.73342102855101 -7.60620307418545 -18.5059072851708 4.18034174206924 28.2922583739082 0.233026896955597 0.903997966944561 14.8060964610157 25.3704656247264
Paramys_delicatus 68.3587210697276 48.9689051792402 12.1412916892752 36.8434080043776 -44.9974144414122 9.94297388781037 10.0167600797456 -8.95686860464501 -9.48502304704207 -10.6290938006235 19.1901471412329 0.609514193198965 -7.40727999993333 -5.15261314811349 21.5716641586677 -0.843760877001479 16.4738462994267 4.35979216290346 -6.10304733193866 -5.85397244488181 -4.23829623284066 -8.11140520738803 19.2949775989698 12.3923394545962
Parapithecus_grangeri -47.8401088122245 -76.0991297558928 141.243086214103 -127.614993976304 74.7985054871441 14.5732131279883 9.60763170953168 -15.3351340688135 -29.935222608986 -8.98394820993114 6.75075737108013 18.9385389406782 -19.7638904741585 -8.27190351019177 -6.34306730389213 -7.97083585083854 3.87346680949576 9.88587425096906 -9.8003041751039 7.24029846919489 4.6425879102352 -11.8765429949029 -6.65104558372095 15.2784077933249
Patriomanis_americana -81.9061525941537 94.3306067633418 -22.593045304228 -7.18600035040306 -7.38379967525648 -39.4428537849458 -44.6351912244078 9.48203248839054 18.851671266153 31.2803595942869 -12.5241412239978 -24.928004146351 2.96460063210735 -15.2879656126398 34.9331819015969 -11.9964427281004 18.1074664686388 -1.72924917647161 3.72251525563351 8.79990267995056 -8.73987333400301 -15.7776863210649 17.7134696860838 19.9954689778558
Pedetes_capensis 16.9144805146758 -64.0593741900739 -21.8865628763334 -54.5269802244168 5.52303349550019 -15.501193388641 6.86682163671678 -31.3727363325068 13.712232416574 20.4264677421365 5.98081525784947 -12.7186318248868 -20.3556406356047 42.133586178576 -13.1414246926652 5.32980623156142 -5.05641442680403 -14.5072269533879 0.152956690647746 -12.2020869342382 -7.41715555810097 10.3560472653331 35.5192576725155 5.58171894828517
Pekania_pennanti 2.66775053318198 -33.7526278156492 113.965921114299 -77.8549127898013 10.0146824900699 -14.6263186810906 12.668824589162 -4.55780844890991 -11.6475708744891 -3.18558092115692 7.26925045308235 -29.9488082239326 10.1128832006771 12.3630274511506 -9.51600946711675 4.33676902638003 4.31856710379615 -7.6999306099288 -1.7348902005917 -0.558753545879469 1.68670910406206 -22.8560529566692 15.4819827408888 6.35647092739343
Perameles_bougainville -33.0059913851634 -44.7491065659927 28.6918421547559 -26.5012791703885 83.1791061377495 4.18128820843429 -12.9616009399143 -11.157937451309 60.318426181355 29.4688466210075 -18.4843318955473 -14.8059578837324 -4.87002652295949 -8.44476332295722 16.8674730653874 -1.32597595212442 5.28276674714203 16.8672213677863 12.182021329835 -1.03709365533397 10.1722335259035 -1.7436519314255 3.76462702891324 3.71796704199186
Peromyscus_polionotus -51.7189278799454 -10.1408045114506 45.4689713961363 3.85007597087479 58.4313230716999 19.3298971304306 -2.52193265781896 -16.5502245445906 8.43654089782128 3.81080817782885 -22.7242350159912 -2.14205612798259 -6.64614017681442 18.3537308762154 22.8438343953683 2.55235238035442 3.20811845383653 3.34642601807417 1.31165713351615 3.09596363704398 -5.62166099513157 -16.8341230277655 16.3343529973499 -5.62119615099353
Petaurista_leucogenys 14.3020349879118 -41.487646919291 34.0447354292373 -74.00746923583 21.3849295624094 27.2008978711986 -4.99147145794408 -34.6416133329983 -10.704392482466 -21.0158631319082 -9.50792738675561 -10.4544573650405 -3.05427795070126 11.5013256576039 -0.31807122344963 8.8203587390874 11.2216990216417 9.03827879474602 -1.51451808453407 -5.46008980629889 -6.57713908424803 -12.7907764180969 15.4851779471828 3.21162563745492
Petauroides_volans 22.5454589360695 16.5855078266581 -23.096738201705 -33.7397677205118 6.14607571331739 1.728910793584 -2.67972777047208 -23.4913630269155 15.3093274428055 -12.3737567639101 -2.81619946720927 -12.9370265253792 15.1257667103226 17.5357794801996 14.4383340149114 12.0553198889321 -5.76831194244164 6.04792310861852 -3.18890525688727 7.78495473497172 3.90651424197205 -5.62003984008909 15.1423603422495 -2.03489603532301
Petaurus_australis -52.3029733236644 0.810691733690118 32.1786221773577 -35.928183631943 32.9598544176462 -4.36646348680214 0.885568284481114 -16.4791972106965 17.8155382505656 -7.82651770750194 10.8901794306752 -24.1102489922004 17.0534350446738 2.6274922120438 7.55657692497076 7.75729585476252 -0.265118034207646 -5.88392306685002 -7.46090435856746 0.178395668075128 -2.01017292954006 -12.0581958243772 8.45317093230139 9.37428965539455
Petinomys_setosus 14.0470976088539 -62.0064302448114 43.6458515145509 -18.4816607081709 30.1183796539554 20.9057423222808 2.23404365779586 -27.3965209148894 -11.4585919496311 -6.58297265482435 -9.12097213596503 -7.40325676041603 -5.54293562348112 16.9824378845695 9.49503028993622 5.1481014237619 -0.792512688633985 1.3006367989094 -14.691625852144 -3.19279601977905 5.09909041798635 -28.0819614986771 19.3790259147084 7.05501791356121
Petromus_typicus 30.3751521096518 -1.08003200652134 -26.637014609711 -11.9732612042501 41.2882545065352 18.8261792205082 -30.482644429358 -48.462178563822 -11.6117900420215 -9.30512907642889 -25.6079703685094 12.0868024460943 -16.3977967901214 -1.1097272530562 -2.41740997968617 -2.43313055303327 7.16379714176884 -5.12542928656406 -8.96448670909076 2.02177949975631 4.17425017018858 11.4256545834931 16.6697034536736 1.68235837163989
Phacochoerus_africanus -69.3232214876322 -74.2331950289624 -49.9437525632358 -104.971113780897 -96.3837755002111 12.6820898261259 13.3258899589572 22.7458098052682 15.6028656375598 -4.4357252531123 18.64817575844 -14.8076901667992 -26.6866912716238 32.1417786567117 6.34468011929801 -11.9605054438472 12.8094377748365 -11.808203971105 4.18949591109631 -27.759527051104 -10.4418445361343 19.3093344645308 6.58100050456516 2.54086484603793
Phalanger_orientalis 25.3896345826067 18.9287707360089 60.0301062339175 -42.8502004351786 17.4185787421694 12.8426809068294 -11.8246718982707 -30.0171255703119 10.4166287138362 0.215316459808822 0.133001153299325 -22.8451353454087 14.2090215413858 0.431836055249936 6.67077487601225 2.67564269101894 -15.0173795761011 -8.99579218657069 -14.3558536949547 10.7464191382301 0.37403643538561 -3.98512912705283 11.5495376509898 5.61070523568998
Phascogale_tapoatafa 15.2782108164542 -45.1661258241157 19.1290257970496 33.3838563582768 28.6803758931486 -10.7509045796405 6.51004816294007 -17.6108489515551 21.401049075213 18.9802405801464 -6.88171167555546 -8.95496071862214 18.6876403939689 -2.63976146772823 0.986329922080277 -8.68334263967176 -3.17227204693837 5.68545051195262 -14.7307971360556 -8.49010008977524 5.95332455111514 -5.56345021477897 -1.25641103143887 0.737620111510271
Phascolarctos_cinereus 17.3013031712025 -2.94044361942751 29.2152507852934 -80.7611272690376 4.78953288076464 39.3183435570414 -14.7546616834022 -28.4534953938604 -1.64765963983395 -4.85009411149065 22.7252205690131 -18.7432278597479 16.8558888761484 23.0452135258366 4.50101000678128 -10.3399228137205 -0.100070619706486 -0.200123464437627 15.3458092323944 7.34247173344637 0.633119537702964 -13.1707638656489 23.4236432653905 10.0010447950706
Phenacodus_primaevus 13.0285569253523 73.1931908632571 -48.5341209339154 1.12207387226541 -53.4631638146294 18.9196473530726 -63.261693022252 -6.58217284583675 -35.3037946116819 -9.13395395250909 27.8154131421639 -1.28325118370418 -3.81447427645872 22.4172781628621 -27.9197947493699 10.3031007755898 18.0848069128536 -0.81904425355568 -20.6120669833035 -13.4327769819631 3.7515523110427 -7.43819443405485 13.5384963729402 14.4267182367672
Philander_opossum 48.656502958993 -9.24557359902438 30.4787211887895 32.9373074349155 7.35794512145009 36.7623509894644 -21.7578058168505 -6.20106798606881 53.9552476673757 13.9346054999939 -23.6581736146293 -15.3259859360191 6.27551504840167 -3.64782045905153 5.00778918420163 13.007447969933 -15.3685870470621 -0.766959488352863 -5.89178159585086 6.71469845748558 9.7319176946391 -1.15617665009686 -0.0781762524276855 8.96359811976647
Phocoena_phocoena -234.735262924283 34.0377126973084 24.469727462733 -55.7672531688711 -143.443166313941 -5.73348207968914 49.838044507607 55.2958466461106 -48.577468757739 -30.5747348633362 1.10709074468427 72.7927391444657 1.7104650302647 1.09089049521649 -27.1641392812751 38.1500935171833 -41.5756871776266 -12.361174267182 -17.7538405038438 -20.6625451823371 -1.06131016271175 -12.7142372026343 -2.16582956924398 10.1906798870952
Phyllostomus_hastatus -108.841364937728 25.9848372455033 38.9654459423718 -56.4654419600915 -15.8348083903822 13.1159748365828 -35.2261173352177 -8.55420686128308 33.5331338541491 -26.783248414845 9.24184173279666 -7.35584056784856 16.3740004082137 10.6271479741293 42.642928404188 -16.1002180073536 5.61645928764946 7.67320443826006 -11.1443428791088 14.0408696192482 -5.30048531026428 -3.70803233434082 1.50333706235787 35.0703584485164
Pipistrellus_hesperus -72.8860631063511 52.1678269532504 -78.1971770845703 23.985077045414 31.4758688072741 18.9265549170363 -21.0197463446064 -28.6100626175773 19.9391871972528 1.26649910609061 -12.7712036114823 32.7877541724285 -8.85028871292951 17.8134132686577 17.4468714036633 -12.853123396763 3.57232027734483 1.87585876484842 -4.03993977484264 31.6216286402742 17.0182853875113 1.17351340647354 5.59744107739065 1.32816405698363
Pithecia_pithecia -99.152886076124 -106.713099876443 105.648881630845 -158.534319296325 -7.2429255975368 13.7845858354111 42.2709194658237 -21.7778279983913 -37.2616722501839 -6.54362673317205 23.0436462582501 16.6961860716691 -27.5043700030277 15.9420145067375 -14.0381490778524 12.0433279858792 10.6974558293265 1.37859994182016 -31.0039678780038 8.60598575604016 0.485497767603895 -18.5474599602165 -0.0448107046391069 14.1295550132387
Planigale_ingrami -47.6990964890473 13.5417073038519 -1.13961559263861 66.0857702127274 71.5398971174397 19.9991306173034 -15.034180671069 8.6485954470182 -20.1090198221916 15.5685733937608 -7.60757864825168 5.80639138611658 -7.49312213151192 -3.53034433618752 21.3078335453748 -9.21229555708121 14.4891132632413 2.63896174688618 -26.8629028248789 -0.858362596684429 1.54056906393647 -10.3973897820167 3.51626425868096 1.84111756198523
Platacanthomys_lasiurus -29.1553908651593 -22.516527412364 2.91380139177576 -1.06258435549654 9.13629823521874 11.3410889147894 -20.5826351384214 -29.5700342821449 -6.2614745022501 -6.61454498062495 -7.02429099637425 -10.5212229424879 -16.0478909792627 2.1291606633111 28.9889278575756 -1.0826669829636 4.90725337420261 1.31869597521222 3.72193240311991 8.92101883316046 -9.87104628432655 -14.052546206923 16.3515363145241 12.934842506047
Platygonus_compressus -25.9181023031212 -85.4861033632829 -35.0723555923518 -108.054990669324 -81.4794797191412 -26.5617615523744 22.1590966720519 25.6497203605701 -16.4884433474236 -8.94240902829122 32.3557851958642 -29.0885175282655 -10.8669861735776 3.39478608186744 11.2808791633264 -4.02410303085558 9.08548854463397 -11.5412748978063 -13.3290559240904 -2.071401347607 7.25145234446877 3.30214352834669 6.78516112645253 5.82824929808297
Plionictis_sp 27.6242811291803 12.3314548183063 72.285205054363 -56.2839918697208 -13.2624812013676 -16.540862688856 -9.61744842528832 -18.8102234423698 -9.08132939752929 -2.83004726195437 0.121649053429588 -27.6283399124808 27.4819649206016 12.3846201209393 7.6569748113798 -0.129956312993048 -13.0031182722256 -12.1537212807167 -12.0382186013262 -3.12904455502136 8.22620102166498 -21.7020600118075 13.7220289422753 -0.206519298542909
Pongo_abelii -199.017370268041 -117.100975423841 52.97685743604 -195.852790936042 -74.31396571924 6.36707417207182 35.5788095394622 -8.06733586316246 -15.6965163550276 -13.0899121381351 9.86949560268273 55.1602951921797 -19.5392354970977 -7.59728522173804 -13.6898395361435 33.403025796404 8.94234304654896 20.9913288592798 -40.3283216442021 -0.958307532171118 8.74425054286634 -33.5315443070883 13.9471218202635 26.3845824777034
Pontoporia_blainvillei -201.226450649938 5.07233550278679 59.7238985835861 -86.8909710846487 -63.6603645248314 -5.30392443005143 63.880226250708 55.9620769357343 -30.5061420877299 -63.6368223469776 -9.52847690172412 50.6974233774973 11.7726674242776 23.0086397411852 -3.94420227646806 31.4559721424308 -1.8065377427863 5.07974011268855 -33.6849377116046 -18.0869983193289 -4.35946075302695 -11.4961598390209 1.90442233872994 -2.2144314519821
Potamogale_velox -44.2217838580664 43.8610597490026 -10.1266220488363 -17.0121132936325 16.2538787947856 39.9604262878241 9.05786234438252 -13.1928716935099 6.43085203789067 -13.4958946554656 -20.258351225816 -16.3918008838044 3.73711758670374 9.96816921660154 22.4538229525035 -17.845322882794 -12.9026342269201 -11.9012264582581 -3.41941144125385 16.8977740348839 3.64011506590317 7.5733851751762 15.9251273403247 6.16348774824107
Potorous_tridactylus -17.9571113704634 -54.2055626936439 42.1870127657583 -38.5230448895995 23.5724901928012 0.394593127938279 -2.37900256973272 -27.6572189827545 46.7645918235655 26.3713567731786 11.2651427985245 -25.908744659335 29.1577891869268 9.36202908880944 -3.4410187999493 -9.97962152457925 -5.30345771345379 2.10443807168766 5.39230276550131 1.69817540362424 12.0035846578416 -5.3207215469474 10.9566771276719 7.94944916639909
Prionodon_linsang 39.5955200206345 40.5666027648326 60.5893478586201 -75.8044308723243 -33.4458771625005 -11.3491842774383 -11.8134425137002 -5.3039697301623 -0.0227300095934978 -8.08005222937369 2.1755749326578 -23.7252589817228 25.1055922909414 30.2101997161838 5.28582755824777 4.99658353186682 -17.8683023855854 -18.5486708779968 -5.48219195324107 7.26130325323348 7.24837549602394 -12.8935545296452 0.86088647673191 7.79785449790217
Procavia_capensis 23.201483338328 -20.094043496296 4.66990739071046 -90.8616635414782 3.83784259938138 -13.6348898521764 2.5694949855261 -21.5602904390355 9.03596439997119 -30.0139212009758 11.5753705709399 -18.0465727197052 4.45929948429272 17.5664558547031 -0.689756071047786 -14.3109827937025 -5.43071233514185 -20.7206979356577 9.90713103441807 4.57897780326349 6.6522462245092 -9.93226198811405 7.77457148528061 1.84801731820671
Procyon_lotor -32.6272146843238 -68.3868049272467 92.1773118716776 -84.0401633922508 5.57661404815952 11.5118629246243 10.9279324734503 -0.692788521595068 -3.38473548467066 -6.89001639860826 21.5857311603355 -25.1310143651012 -23.4613229634823 14.1743534197196 25.0424363513894 26.3103532286673 -0.370719664089745 2.63791716853464 -17.7283290138186 3.38061233655157 -6.92321674166296 -16.2359966648772 -0.0378947892754716 20.4739992742447
Promartes_olcotti -60.4237216421632 -78.0322773584331 89.4684735192822 -28.5840153699287 -1.82390212646822 3.89260828940487 16.5885180482661 1.62226466037419 11.2718059533965 12.4428897216533 2.48071159769548 -35.7596674857284 -11.6808661434626 7.08533415289747 -6.41115419225472 -12.8531520250843 -7.90431429562539 -5.47212426855232 -3.29788450401522 -12.3620118490608 -0.200898882596728 -29.6196131125976 12.4637991343065 14.3493507362102
Prometheomys_schaposchnikowi 26.4612417929028 -27.7120552654169 -0.196708104577904 -7.31387621285491 -5.69979037877559 19.4523355521212 9.53757803151146 -33.2835425935932 -12.1071470820893 2.89546993476376 -10.2811753205208 -3.06023499803406 0.308500536569141 19.5511353747958 22.7748668221939 -15.7416126439293 -0.0597778787480048 -3.63878378196696 4.30317485818748 -6.14456208816543 -5.66232691875773 -13.2462703897478 1.45579140815187 1.49062286693995
Pronolagus_randensis 32.6163796136925 13.0770377846797 61.7253474715449 -73.211771432761 14.5989516185929 12.2491236957149 -8.47767165083967 -44.4792317103766 46.515996288671 20.5009714033196 27.8484332842859 8.93267356405116 -10.2200791864331 58.5463185662802 -12.2917150269675 -19.6846311319268 1.9227155094662 -13.0867784159543 -0.729746231740408 -9.16944574541117 22.9483067976739 -2.71700343923481 16.223946248087 -11.5560987919208
Propithecus_verreauxi -88.0645503482507 -115.828797365768 33.8046332127722 -115.871128441263 14.2742013347632 -1.61935305482519 11.560092047977 -35.5667230037872 -20.1449001545365 -10.3976147985446 36.2702768905234 11.3089337351702 -8.97700317995032 2.62428728371533 -10.4918672110974 -4.29890408942547 -13.9068324515786 -4.8814180212636 -11.8841492315062 8.5545498269443 0.0598218962757636 -18.267348319442 -2.46646287189239 6.84311618856246
Proscelidodon_patrius -38.4182736924331 -60.5625287670402 -30.8263906339286 -24.9233271616333 -49.7162889449136 -13.1786904327115 -16.756752173699 23.0809537605519 -4.59173545235403 -29.3339782976423 -3.6413632004731 -26.4448352518583 13.4080444405913 12.6823794655295 1.86119176172888 -14.076918096627 14.2444973065841 -25.6886590268436 11.6695901516257 14.793394898679 1.4701861668584 2.52834241375269 5.40574453570439 9.59303244509697
Prospaniomys_priscus 57.4411869744943 51.7228459242503 -18.6935174338861 -41.7334598034806 19.107812839188 -4.52493505304003 -10.7895582065739 -35.6407194240651 -10.318890337353 -14.1657887027898 -3.66054555052181 9.9923951578572 -7.99511555034258 21.3875712882095 20.0139368521687 14.1515665823712 -4.26389780923655 5.55143403678055 4.39276105083857 7.70495949231215 -3.51486650586682 -1.42857889812482 16.1343820082791 5.16535750286957
Proteles_cristatus -32.7335197881307 40.0705624425655 40.5318087233004 -81.2116439514854 -27.4127504423146 15.0237085776834 -9.03694195751089 3.8311990222394 -8.32290018463499 -10.8784158338901 4.22069598610287 -39.7017239075696 -7.1810030529058 32.4874463814443 -0.325895822813001 16.3532153488995 -0.899125935725491 -4.87636952196061 8.68228988199474 -8.61473845192981 3.69479463847624 -26.9773292500267 -7.09933939413142 13.8348899785731
Proterotherium_cavum 132.345782023826 -9.28981231251734 -49.6838842943716 -85.2292923796367 -58.7168788322175 5.5449720707082 -3.87096734179544 -12.4542397740753 -27.047476376364 6.25202252928013 4.94447648042764 14.6640389819968 -7.20618942099698 25.8739735068323 -4.31237958691419 13.2995367281942 4.48730515325303 -10.1544507854876 14.5939836038557 6.79703306010478 8.8232454016714 -8.95769150769818 18.0420028877808 19.615327328736
Protocetus_atavus 105.282613445714 97.7751982415866 104.799765531917 0.831798993735104 -88.5491971463235 67.6517855471959 28.1764903142964 -2.39621804161245 50.274844721628 -20.1272061652435 -29.449604880871 30.0155272782468 7.11999825255622 -15.9093533508021 -23.6461574956004 7.35949780142912 17.498483852612 15.2767558778417 -6.52149410171482 9.44490639210014 1.9211142641455 -13.4925322158951 -9.75337996380628 1.62418991796967
Protosciurus_rachelae 37.5690139236238 3.97090250108306 14.6972483887339 -19.029287074067 27.4359284103081 2.807667603431 -6.62663508141113 -35.2512855321168 9.50887445096591 -1.34135297101707 -8.42395048543993 -6.33836797269449 5.18910192064565 21.4417591325199 14.4354644377629 -1.57994361163256 5.28518346948579 -5.52073723716721 -3.7468659560423 2.83069193499773 0.866232343121031 -4.29771845482745 15.2186656775891 8.57035118500297
Protypotherium_australe 63.1495443817498 -41.3297256694373 -33.5435464208031 -61.4402981212092 19.6945431936723 37.8545829788549 -22.0284261961668 -18.2997866366026 -3.31056082021303 13.3125685700777 -20.0393457571386 -4.27168400780525 -9.70802293412636 20.631146757832 -13.9742499111218 -21.9578292678911 5.97914683530833 -5.91797127504374 -6.0222434910053 -14.7860230288778 1.49345716003064 10.353815487492 15.5804480433167 -9.3799421220929
Pseudaelurus_validus 60.502327100519 -7.5329766449602 82.865767019138 -71.6328172200995 -20.4304383982059 -0.372692709508532 -11.1554979643798 -4.57329376237737 6.97343528865571 -22.3507333346763 5.19023126469276 -14.1870659572461 11.3731572955616 18.5213695693582 -22.4434759042673 21.1035003598364 -22.5480088875914 -9.75747932189671 -9.07872043793481 -0.727396136972724 -2.58827140393654 -12.094120768337 -2.41867354348185 3.72620439517479
Pseudhipparion_gratum 35.1745777457743 -87.9760143955461 -28.7304619913923 -111.613203065638 -29.5609232848305 15.4700034116949 -6.11905285793809 -0.421516101873634 6.95684460505923 -8.12296220467972 21.8268178002296 -13.4587561186148 -1.24033826102092 36.3175126566959 4.26560112543766 0.458941923770277 4.13297522131573 -21.1498223809554 11.1126834721477 6.63757965827306 8.22917625729122 -0.921314987087303 15.7578311594697 14.4463219781117
Pseudocheirus_peregrinus 14.0769494736158 41.3931192221241 7.06824338497641 -45.4730188903551 2.05808649603424 0.809630932858773 5.50504193142116 -36.6801760051736 25.1685610923619 -2.63185475248413 2.60524860694756 -20.2408188332057 0.637193701920268 16.4212845493135 10.1461606212092 6.32738092256652 3.20786661522434 -1.49203562909955 -3.29533444416058 3.81897331346616 -0.363404859017813 -12.0738647227739 14.9332073869555 2.88105722366131
Pseudochirops_cupreus 16.9310777103609 8.75415040455754 2.51667035214302 -47.0059037326631 -7.71832726606403 8.80682718180678 14.1767453529714 -27.6718838613071 32.0671321624697 2.06353022886185 -1.2386907168036 -27.1491252481807 14.2566332845269 28.8959065673689 0.357579611292745 11.2278193379365 -9.60253710288065 -2.84207827813889 -7.8289665753432 7.1028396726425 6.4589824133731 -4.16713620838665 13.0369731525029 8.61375208034765
Pseudotomus_horribilis 58.2344608777714 35.0199358102081 50.0036610620295 28.9495611166432 -21.0372009683468 1.93062012238479 3.5864078546265 -3.88173512680639 -0.589540142978895 -4.24530700861612 22.0077146725506 -3.73372192358368 -15.6891129938229 0.765174804426265 29.0061511164374 -9.06389032201262 4.85176235216606 16.2868996939416 -7.00408684191332 -3.83640072913396 -16.1382618589616 -4.13689227358614 8.23729918542666 26.7924168978032
Pseudotypotherium_pseudopachygnathum 98.6908760740294 -0.0555290732994556 -30.7042198907267 -65.0902510605611 24.0257147820608 32.164583602205 -10.2242157629849 -12.3593205925121 -15.3400980417585 7.31199694130814 -31.3458843305202 0.870446452572894 -4.28194979435779 32.3797232507316 -7.57071359084182 -8.54038730510692 13.2640171747507 -20.0443453287876 2.60678744905027 -2.08178180133646 -3.13173696436413 16.62755623353 20.2566446988806 8.69769790291066
Pteromys_volans 33.1588660340918 -11.4759359530392 -1.3724483645092 -88.4135296286843 10.0800768447886 21.8438306768898 1.12166399043828 -48.2795028685056 -16.9702197176489 5.63746637871691 -16.8018591292297 -16.9498848092622 3.62043268526966 8.786228232445 0.871148872664438 7.86644471352146 4.21568397253504 -2.08037189581779 12.3960768779816 -5.50468445150779 -7.82266805821763 -10.4229678196726 29.761291352034 -0.290815986135811
Pteropus_giganteus 54.4273863506523 -43.0343244788407 36.584964711877 -64.483982720916 -26.5325618935049 1.61383666772954 -1.1408002375449 -7.45633916197273 3.32478631163851 -14.7350870832499 8.63861068741785 -30.7745800512843 -9.45676386532945 13.6679524097724 6.33677166895152 13.5554198663678 -12.6835750152516 2.3603792237942 3.98847292448306 7.19628545276372 0.804279314561642 -17.6819107874589 4.30042865752301 21.0769212414191
Ptilocercus_lowii -5.34308901391314 -36.7546707512472 55.6763993901729 -22.1307942948598 26.0673656367233 30.3427474273183 -4.08639233030568 -14.5282380812272 5.48546722913718 -11.2495551279275 -2.41097426689716 -14.5269362544607 -4.85183597575312 10.1968647950704 30.1954284866566 -10.953654497832 -2.14099336996228 1.70971311507182 0.676886089566941 17.3383228435261 1.60636098425276 -8.09511556118626 8.98877237571893 12.6649253136236
Quercygale_angustidens 48.6945620413872 84.2398111421729 24.5545447358947 -41.2750286562032 -58.9099059125063 -5.68776840024691 -13.6617675532618 -0.609963742798083 -3.25365628116048 9.49876080996459 15.6920425068139 -22.9362738824036 12.337566666438 31.6900003405617 18.6865732105544 8.10908777275704 -9.61930513985245 -8.62854760537339 7.96250684773451 -0.652851812556374 14.2242240316442 -7.01402514749416 -3.67720312639484 4.8528174925865
Rapamys_atramontis 82.2079588479283 13.8793231555641 -3.0700189310151 -10.1217810904693 -8.72162813093902 11.756470923322 -10.4253534726185 -18.7076517707452 7.98975726920178 -15.7459753697257 8.49402459258754 -2.13914195663814 -4.78097142037524 15.6204381229021 11.8155010134329 3.20395863883624 15.6213931624086 -10.3836129080149 -4.47363671524248 5.73670486347348 6.72236797740805 -8.59840737300436 7.1933862261084 10.8574885439588
Redunca_arundinum 40.8974494127338 -8.9012952841834 -20.6574623259509 -155.458743031338 -9.48269408287005 -3.20077882078427 6.48461144001351 -3.01851368179993 -6.79799392593288 -22.9870697263139 31.0732842076848 -24.3202059717737 -6.48695260871807 4.49284363981914 -25.4139369335478 -11.3755776764647 -6.24197893178024 -27.4401377109715 4.38205715334007 0.870818095571373 -0.454287797944494 -11.418625802306 14.5782612461797 -1.09477618614373
Rhinolophus_affinis -34.9699664400952 -23.2244349721767 -0.546535669875496 -38.7868662532069 -14.1664385910461 17.3766024251094 -34.6438250002426 -60.6795113429605 32.5586721619905 -36.581098215889 -40.3270975703096 18.2300757881168 10.6969352359738 20.0068372976136 -0.205426880124618 2.1912972236474 -2.82913354681687 -3.58247020070916 -13.2129335147449 26.818056932638 2.93300664789509 4.72070359504511 -3.77523401748364 18.8733344273863
Rhinophylla_fischerae -100.422487215589 -44.1046403377776 15.3572621542357 -28.2973279240169 -10.2396879185978 16.9091117712472 -20.1243117632853 -11.8418755037189 52.3173221399186 -1.48856729707185 -30.7998493839425 -9.48083872598112 17.9733191366496 13.6018064674879 38.2891405525074 -10.2767042021302 5.57804131748395 3.32402271394302 -8.14275497837468 27.5953689309857 -2.90869656880794 0.414458265011063 2.17484604057881 21.8690411457097
Rhinopithecus_roxellana -128.462061378232 -117.073264978979 99.105935760435 -142.364391299921 -7.41007641204484 8.60986105100661 33.276312866089 -20.7264013326011 -21.6794256409126 -32.9757891826573 22.8908693850486 29.253667961173 -27.8146059274427 -7.62111568178761 -23.3000633773796 16.7916518598779 8.56054593801411 9.47360345537997 -33.5059977022381 0.310670349445427 -4.74712063151058 -14.7553325845058 7.36242340741978 14.7150030939605
Rhinopoma_hardwickii 31.536743924641 -2.46409951981702 -68.9243325677732 26.3078058137855 -21.7152954422257 2.40067729779731 -37.8077207236489 -46.4532401534022 43.4349112417113 -10.8345984555296 -16.6587746351323 34.8739446636068 -26.0997282064885 16.2800043527163 3.73325837564906 -3.03829059017236 9.41870521181283 -8.28454160000286 -4.25494568066681 25.0287498813907 7.55769857587755 12.8494010760927 13.3651905204156 22.4751215270489
Rhipidomys_fulviventer -63.7029237619975 4.53110298782686 40.368543121525 -58.6075679559705 34.933124725432 7.74286367997319 -12.2447288397467 -27.6555815845585 9.30433497378623 -17.21139522541 -20.384155733746 -12.124356264094 -4.29670095573287 7.51930224967873 24.8661057978605 14.001945604833 5.85825794138083 7.06776338883507 5.01978059390045 8.96631079164535 -9.25075060939235 -13.4166826128581 19.8556025846763 5.07999341686809
Rhizomys_sinensis 31.8247310245788 62.6285551016948 -53.3049806916409 -27.7573387816147 21.3894781118922 10.9052900959204 30.892574331276 -18.2062505286385 -1.26693959436161 10.8271259155894 -19.0334127961417 -22.2265800590303 -46.3045431174048 3.07610414239658 8.17677999361421 -7.76136743353047 31.3218395313379 -3.15766596399131 5.85920134301713 -3.63893898193755 -6.56744958195487 -4.32080970771074 10.3961119764253 1.9491909506079
Rhynchocyon_petersi 30.0890660774718 -83.5954682766039 -36.6289638342672 9.42202401573465 -14.9303816185477 5.86388191721326 -22.8905080768508 -34.0095820711989 22.2015928349227 4.83997279354911 -17.3216139870241 2.82834462762528 -17.4043271576296 -12.3436523546476 5.76311751801241 -7.63506701918885 0.656600277352157 9.35737059236488 19.2628003221866 -1.85245808373254 2.69467549904188 8.82332096620238 6.15062406874659 5.72231540773222
Romerolagus_diazi 54.5368202430911 -44.3193149618213 64.2348647178343 -42.7589135900775 13.6272696518247 12.7870810055724 -3.96976221423858 -43.1224760398417 24.2975771602575 3.5739723543458 11.777960015518 3.2774858583859 -3.87087896685681 29.7358442674453 -12.4743300026683 -7.84577795581872 4.64301564976832 -1.21192945627645 -1.93091305910905 3.17097670556446 19.1476549423827 -3.51877821545393 11.6601755009553 3.82776603058208
Rooneyia_viejaensis -18.834282393056 -92.5836326485726 43.8039110752323 -58.8069593344218 39.1437308041102 9.87782850827002 13.7984863566321 -21.0884606348729 -10.4017249591749 -32.2605803775475 0.247963420636146 -0.488428362452687 -5.38628280144744 10.2666692018362 2.42989955898392 -13.6584739674883 1.69541100074541 0.0215302224588948 -19.4921196045637 1.58547153549571 8.58425969328027 -20.5083833456298 -3.16003082604661 10.3321669707904
Rousettus_aegyptiacus 6.02445972096017 -46.5145929746446 9.0753869662933 -15.4715657641545 1.40417065314434 7.25882972641046 -9.41458187534972 -26.1778898153886 31.2765765661613 14.108188312942 5.15076954131736 -28.2174416475562 1.8490662900721 15.1383930821387 0.360308553650283 -7.52089241356888 3.69683794627993 -7.17547094403824 2.99148935552431 2.91091866219761 9.48399985595514 -15.4202898071616 7.44728514559165 9.28936110544144
Saiga_tatarica -26.5709130299507 -57.1380075410881 -11.1998592857349 -56.6261052340654 12.8913488444144 -30.1924578598752 11.6743596376657 32.7055203292186 -21.1834156057429 1.93421086094044 11.8048978247853 -45.0444834580995 -14.6533144368776 2.78085621061721 0.885410170409818 1.79832535386186 -14.377081707431 -23.9827353815202 2.34222657219087 -6.64666640023261 3.93296588899573 -8.99088016576895 -2.08512821135711 -3.86604229554355
Saimiri_boliviensis -128.270682991012 -117.878486100653 127.166463773323 -168.976569055654 4.33042106764423 -13.3703381984072 52.0097059728626 8.4717321374181 -14.1027898539523 -4.07633030140487 32.6599853151989 29.4221113519099 -36.4302054535402 11.3370932467356 -21.8276679678541 18.3609577707757 20.2973558297982 -2.27334777618738 -42.8816190439999 0.163765037644414 6.68170162863782 -17.045012646873 0.165065053800849 26.5274715197069
Sarcophilus_harrisii 41.410387768715 3.36782675866207 -4.984504079702 -4.79922457943138 -0.17002724928875 41.5806906200295 -3.45319595472429 -14.9173017361437 19.2500360456017 42.5251565517412 3.56517570113801 -33.7839816143228 15.6488227079086 3.61379194891392 11.2400645855979 -7.59438824353476 4.21101238251333 6.19646712709703 -7.04257072833521 -7.55535808446689 7.57183949597267 -4.19115640762834 8.51195989512912 11.6999728705643
Scalopus_aquaticus -15.6654959735688 -8.57394231502013 -10.7698950602297 -11.9253374137065 52.39417677406 14.3509793834155 3.26549350601414 -25.4798984503383 2.78679173629151 8.81437680852854 -11.8423809431894 -4.04597973666907 -3.8680340903536 35.8814528568991 24.7586786862989 -14.0366108752909 2.84096197950939 -3.23317519089081 0.217336889606907 -1.46946512577941 8.29066890643375 -15.4044077209297 14.5947680695847 2.31149827470988
Scapteromys_tumidus -34.6007825087021 11.5968095187796 60.7530909076626 -24.2168310462361 65.4108091964521 13.4293840809526 -9.12089699563566 -14.107361241462 10.0728277135372 -7.41143579997637 -22.4033127496519 -5.97402640737937 2.67261702046115 12.4344908935898 14.5045087726638 2.6767261416278 1.86638776141559 -3.51282779536772 3.29401775587108 13.2930223505826 -6.47659256471618 -16.3615144040006 10.1384796547638 0.947006554587392
Sciurus_vulgaris -15.8361753112722 -6.57716081916232 4.48722175240719 -70.9668605980781 8.41858945392502 -11.8053195882374 -4.75854651477466 -31.6485021243569 11.7364581907195 -3.09833550381225 1.43573061431372 -26.5120245234925 -0.149585459507194 13.2757368013079 1.55462324620563 12.3281325035474 10.8842440990407 -4.66226229900219 12.3201114617405 -11.3139285477718 -2.26748565763307 -8.4025648124805 11.4615412690581 2.12399339937038
Scotonycteris_zenkeri -12.8367244391414 -51.1231553793185 -20.3448921837718 -20.0608747760259 9.60432042887378 -6.39499459313202 -1.50227280880657 -17.4698390599289 38.1631422505324 28.2989295834655 2.77335352447817 -31.3104329681696 -0.0172534113972715 21.2573987338026 7.3982513585234 0.393939872520159 -1.35913431509219 -12.5039688761074 8.15225695495509 7.03920418668198 14.8224859539904 -20.8770588450741 9.2825365995042 4.43756366039291
Semnopithecus_entellus -82.0210325141283 -67.9379199505151 104.105840994872 -134.336609702509 6.91233613119951 5.94222507595047 40.5127857080365 -26.2167711108896 -22.9254240909646 -31.0854507955145 19.6914743079539 12.0141553353612 -31.5646636617559 5.41209653020161 -7.3088684189848 7.12220481611961 15.4015192129705 13.192512767722 -27.1879711146098 -6.68484733811716 0.53817105495782 -14.0768467850583 13.2404204900814 4.14434503404906
Setonix_brachyurus 16.1647685126264 -31.3924595453125 49.9491085883703 -84.4665184000624 30.2069208667042 -7.63887021926968 8.55579666555214 -25.8564383501043 32.2883003588271 -6.47262966174155 7.53517491179525 -23.8852588710602 7.08292442737423 -3.40895366429235 6.11615403478522 5.13374748117237 -7.12437401377714 -5.63551566446697 -4.83886584910179 6.18219664146963 5.71680012689849 -3.83558662815593 8.92291215101235 10.5166852061733
Sicista_concolor -59.8691675418455 -38.8988999618832 9.89503757836342 13.3345827076151 37.0489968216238 15.6328539514088 -8.76366639622727 -15.8527568276409 13.9898080499529 3.91392393724779 -8.20194971488088 -4.93857175265192 -6.28944313309027 16.1908703548157 22.7902881980962 -3.02067261229678 5.82064398403905 -2.1267005497274 4.61005651533081 10.6587746431672 4.76535382277062 -24.8188607495684 9.73997871041983 4.01614923738528
Sigmodon_hispidus 14.8435536612005 44.2478158838434 23.8336591861423 -41.0988692372318 24.7042321501726 9.27692758510717 -3.73787111448204 -40.3066879582242 3.81384180120731 12.1017685578247 -18.0213073317442 -20.1716965855714 -3.88016740438948 7.95309550842491 -5.40332821905066 9.36026043652524 -5.17405041329433 -4.4990393632867 5.78700458859096 3.81855534235572 -2.5652444257066 -14.1629964727985 0.739572241949265 -3.85281952200671
Silvabestius_johnnilandi 65.3623533992053 16.4651633477753 19.4266653837223 -25.666502899727 -20.8656352614476 27.7779954760553 -12.3418399778141 -12.4990677297831 10.4787180602771 7.63423789076061 12.7104536377639 -29.0560158821594 3.45498668466265 10.223437528787 8.11065770907434 10.0253980618972 -3.52979654478483 5.06846005836771 -14.5502735886991 -2.11927543717685 -3.78558663106118 -6.51920305457106 5.50478797771659 9.72100215599176
Simosthenurus_occidentalis -34.8799913190154 -3.29837453177629 10.8267928089014 -97.0069002995323 22.8644096901079 8.64874854014401 4.32760017303039 -25.1595896503131 19.9871902902008 4.31586816109249 3.34111426791525 -20.1087179014446 17.8700256645642 24.2770887047438 7.78555251745582 11.8650875498393 0.85543085406435 9.56909445879002 15.5642084295446 10.4760373699742 -8.02658207111401 -9.60946683264321 12.2620593123004 5.13124160147681
Smilodectes_gracilis -30.6889042526609 -49.6060260449214 5.64507665821198 -39.7410963728698 32.4398019116847 25.7050233066537 -19.6797080677234 -24.5944613065087 -11.9642532952086 -17.8429198276997 13.8334728771363 -11.6633287427479 -29.9102184129959 14.1471336072003 7.22798267679264 -12.1016776662582 6.21856584777438 12.1035918248583 -6.43919092608624 -11.4851366520139 -1.21863019002645 -4.88118315444277 -6.7267932751019 1.8940735831123
Smilodon_fatalis 2.31427491056424 42.1926734433206 -39.8016417825758 -84.7076701484486 -83.1667806371041 7.41253706538586 -15.8229709157122 45.4831383593706 -35.3448240498652 -22.1297257864259 27.751807715634 -35.4199394718855 7.18648979396141 29.7726918904749 13.6800556621311 35.1028570766656 -28.1809124606711 -25.5500759773081 -5.9962497033351 1.29111086381082 16.2724171959987 -16.4024643456824 1.99002819223691 15.8738213172578
Sminthopsis_macroura -32.3330388144233 12.3037243080545 8.93060926262794 38.3357728174741 33.8743644507228 6.43779643949613 -1.10407808282575 -13.2353323742272 30.3306115630947 26.660961511488 -26.8322351627133 -13.5041939809371 10.8652168582345 22.8076750426388 10.6586448774589 -6.16498477496507 15.2433102096271 7.48382129867299 -4.7405122609258 -5.91589117804991 6.92294058831351 -5.80958878512085 10.4893459189621 6.97970620267571
Smutsia_gigantea -108.721314358817 41.1767176631274 -5.99912566457068 -51.0856305734919 -27.7406084606028 -34.5847556903209 -5.84345174874734 25.0938701783987 -20.5146976261249 -21.9020607515461 -6.713532722536 -26.2374367554282 9.68340367770299 -4.16281880020898 17.8112456437873 -9.81158630170496 -11.9930872016046 -2.37818488232958 7.46869437926411 12.0996430481508 7.2781461871033 -7.09520637388125 -6.36564779572714 -7.63130261947385
Solenodon_paradoxus 43.4217719820295 -4.37032056864461 13.4762791005584 3.05168143440088 8.74498071173429 41.9937306063765 -42.8662320849371 13.3800657403914 9.44555228043445 0.967524406978687 -4.82399083641905 -14.5688398667491 -1.02661917967616 4.9451929609116 33.3448460892918 -11.1324217843439 -2.07865788047357 0.507714728636812 1.32657366340777 1.1455549461832 3.26701763527142 9.62368911332753 -2.07320248035969 4.04075816339746
Sorex_araneus -92.1744929880769 -80.7572544916253 -5.85718654319803 70.9911461131808 50.135963143143 4.27170386485208 -17.3335431026374 21.8643743701055 69.6654133843136 16.9263463070578 -9.89741820562116 25.7052663122734 -2.18125998090928 -9.28098628166656 6.76191721553877 -20.0721159666251 -0.863219929433937 -5.40529583646275 10.6845285866252 17.9333643197681 -11.092315497606 -4.98312557526436 11.3278958851212 15.6554694528601
Spalacopus_cyanus -39.120687347966 27.4109984536016 -16.5502534051203 -41.2193450357832 53.7787003243374 21.7262475097781 0.60854452856512 -38.9488130807783 0.942978701564942 31.1626601106215 -11.5199712071501 -6.61647765893285 4.37352038877842 23.6016672182993 4.51432359313336 -8.80139810941661 4.93487231412334 -5.3955700263468 10.2590365550877 0.108044317722724 2.66657166784433 -3.45368853273165 19.2663675842457 -9.61763493321419
Speothos_pacivorus -22.3103211240831 -25.8689910195658 86.5451269082251 -117.937481223123 -2.85954209628877 -7.89743873375479 27.5034525180592 -0.382144676041027 4.5069177702477 -3.87263101973063 19.7899117439867 -38.553644496755 19.2523071030409 12.1399008994869 -3.91962687501191 16.9377408175482 -8.88952821324637 -8.37955701985583 -0.254213708183732 -2.16429395500968 17.4420864753884 -18.2342834641229 -2.28089415668489 2.68186538462954
Steatomys_pratensis -35.337016727443 -9.79633782964968 27.8926235259786 37.5453142053608 46.728122302715 12.4772040992218 1.35846435942446 -14.8487416361161 4.5299182648344 13.7250435980181 -23.0053667928126 4.95009097899648 -12.8911366282542 31.653782383886 18.9550877851336 -2.32745259275278 10.3156151081402 -1.90745830578421 3.48132286418698 13.916235156308 -0.555378165222376 -19.6556509176334 2.58403880720437 -5.36320445656231
Sturnira_ludovici -106.175013506302 -31.5217689304837 18.1983680603013 -31.5692909564654 -20.5764314979391 1.00615923114245 -29.6115956935635 -16.5743416632736 41.364749498903 -7.84623173600908 -21.6463156991505 -11.0866597012349 33.2575266977802 5.42812818184153 23.8531913478617 -22.58660597793 9.8383440221083 3.20005172848649 -3.4977166372206 4.30433989853619 -7.79468742749541 -12.1109399816968 6.59083350190383 20.3176265642468
Suncus_murinus -14.5639161612101 21.6297176302018 -49.4222894489222 47.7950163179791 21.3117582435917 21.8098933280824 -22.4145729051341 13.5693703749772 -1.44123732693321 21.2230422324977 14.3022771232415 -4.77387625675619 -3.00909794548674 -2.98606352742885 23.1997386483947 -25.5060760400709 -1.25176731573283 -1.33344828870078 1.03238875160729 10.0228510322199 -13.6736769083459 10.2451791724031 3.8758145407215 4.94668087355431
Sundamys_muelleri 2.56794674017376 0.244416706370369 24.0090626521111 -14.9595755451456 5.3880017501086 16.2691112709328 1.62058690356787 -25.5517567912221 7.02689282295911 -3.8401994658691 -29.1588292613149 -19.9957527627351 -8.87087150250301 15.4115764616436 26.0283676108818 0.718337776345036 9.04160894560744 4.67648269982184 4.92873888346574 0.671711330889259 -7.85027572068543 -14.1704436757246 6.8844006510108 6.53000156787402
Sundasciurus_juvencus -24.5646937548318 -50.4638121703368 34.6612541105892 -69.291005178846 3.34221840522634 22.1386400777287 -11.5892532937006 -32.7075848424783 12.763007241956 -2.26093583622917 7.15507997154329 -23.0241636847202 8.81597449323044 8.89695372671502 9.77663304657066 4.36808870685332 5.94058669660462 1.37670531914744 10.2701018621176 4.35035433752179 -0.799227109735046 -13.7012915289505 4.57843768291043 6.86499471791577
Sus_scrofa -45.9459019961779 -57.6562799961412 -15.2545204148559 -146.01096407349 -89.2207558976145 -9.93211103148309 32.7986778406091 11.8323607215562 27.9549619531329 11.2201463527052 4.02838520570842 -24.0938086860006 9.30702052423242 27.2396625098316 22.2045937855484 9.55266980432624 2.01736790349983 -16.6708461607654 -1.48824017250099 -10.006178609692 3.65847116112385 18.8567158105232 -4.31519321362257 7.94965552334242
Sylvilagus_bachmani 19.5657090780536 -53.0242134427873 32.2599835020531 -87.5842746017981 1.81926149703577 18.4899046650837 -0.739642156088806 -55.7793261375384 19.1957956016618 15.2815803154184 14.3442657410912 -5.81888881607244 -3.97812813029962 32.6858718894202 -7.64171471137284 -6.47732159096294 9.96430398766996 -1.57769355063589 2.53395269430723 -0.494076272306678 16.1073660190373 -1.70351596147495 13.6333178459075 -4.30304733981998
Tachyglossus_aculeatus -130.354070382077 -3.88628824647858 12.6894718196257 -31.0453672712267 11.4228768240484 -70.1428339475709 10.9937728824989 27.7948953569783 -51.7836289188087 -15.1316216186992 15.5493996924654 3.50649843633791 -3.09996350711618 -25.0186251295032 7.82167294149498 7.97251065018646 -3.28119874983497 6.79010172115373 -17.1425929502586 -7.22972137950725 -12.3103837537441 -3.90523347236239 -23.5362152048883 -15.9321038330011
Tachyoryctes_splendens 23.4634252389591 74.8221135178778 -44.4366526504072 -4.28878871413557 9.79746722996316 -13.9182834104385 16.0684847128592 -22.7514590136282 7.41336433497081 11.0756909548296 -11.3926384586742 -7.03255203689996 -36.76571798937 22.511861257338 13.8595646791261 -0.602371079270769 19.9640787625518 -5.59833273230766 6.93360512831253 0.080049654816518 -6.27851152644892 -17.5217838459412 -0.666308341256281 2.84040428354426
Tadarida_brasiliensis -46.6439155940567 11.1617844505299 -79.0137146024182 -6.30097443526615 13.1631497301909 18.6301114664728 -34.0354072538218 -46.6910765921817 29.6967774161889 1.22573674702299 -16.2670926224405 27.4731085187042 -5.28707300612002 29.2979386400303 13.4026043659342 -10.0164691170657 11.8206368724924 2.7682107447004 16.9694823716021 16.6042621511746 7.65072964565321 5.5093490435645 27.9210836945442 3.92887512073471
Talpa_europaea -108.128992595182 -58.7801898811515 37.9708040362125 47.0957630109298 37.7971098899136 -2.85311028416568 -35.44827247629 2.88136534769677 15.955550387427 12.1459069069521 -3.64937402916246 0.504622103694987 -4.52448147474974 -15.7683569553476 -1.56506268701424 -12.9981962059518 4.24547542254097 -5.13517060584983 -13.5387278155245 0.109783213587433 -14.8403125750531 -18.2385879835882 12.0928758266012 4.48229928224199
Tamandua_sp 23.7369015556917 21.280206763307 29.2424259731453 -37.7206808129998 21.2037338958926 2.4821419713891 -13.9935320619839 -15.5602239711126 -6.83679832779563 -13.7506090004996 13.8641666961451 -21.4924535075698 6.04360693452741 8.28765506424947 13.4812446658756 -13.242669291673 10.4461517892917 -16.2983183255905 0.574519198508991 6.54136895832617 1.83863753508678 -14.1641209691567 9.12656229296328 -1.4001663387158
Tamias_striatus 17.1454977213972 -20.0504594265572 49.4349034188861 -32.9948451292125 37.6114714212159 17.7194995057081 2.05572595312926 -25.545466338741 4.23275816958115 -5.25520950621988 -3.48624637439204 -11.1042964222186 8.64552400596417 21.9071934085802 4.36289001576053 -4.23039722663447 -2.20075849297175 -5.72906593775255 1.43381476774184 -3.60034129644685 10.7818008877476 -17.232771386462 9.7140316518445 -1.44741330386352
Taphozous_melanopogon -63.1119355200284 65.6160971146437 -58.1467472242895 -32.5634165759083 -8.43850555438748 2.76653743316661 -41.5597036948051 -44.165469438551 30.4850376981475 -15.2023400199055 -2.56824178596833 13.2060489315564 9.1047441906892 21.6443046947701 3.48867376973866 -9.6472653721578 19.0661963035239 -4.47931442341135 1.68310309371376 21.7626619082507 12.2801613273413 -2.2769081196156 3.02184202044451 9.72665466348224
Tapirus_terrestris 37.9215946994912 2.97440722013891 -93.7722400822677 -99.6569229599287 14.1306431571122 8.40139424382962 7.24711402250738 18.952016074572 -5.88110758706356 -14.3025999088023 -15.141670804572 -17.127641494691 -15.2692539281827 25.4433052835236 -13.0377235987677 -19.2067754333453 17.1693148688638 -34.2403633892301 18.4616645623513 7.56665420987093 -11.8903560096118 -11.4133169301413 14.1106882219905 24.4779370659193
Tarsipes_rostratus -49.4998128854668 58.7976010877041 -3.72541944960608 10.5484837507801 37.883207834557 7.63464318870026 0.731020801282131 -25.000882479995 -2.89245293762664 4.80076538922952 -24.245764186494 -0.330051444695226 -8.9792716637601 26.129412132202 22.0629273824135 -12.2995312374156 7.32246395096762 17.4423622921033 -10.41176343425 -5.67544167773189 0.65357470694655 -25.8071135026295 -13.0342219623356 -0.255458734834095
Tarsius_tarsier -110.466899988786 -82.7790983072413 77.756618416154 -105.782984075287 26.8468756440388 5.25722963820893 -1.55398989261699 -51.073795533728 -8.00600666746072 -9.60087581587405 2.46970142989613 16.3591239274409 -8.93075382278385 -4.24939443905541 -17.6435504386701 -6.78930044078284 -20.5704189748565 9.83282777192605 -15.2854685993108 0.799227317198495 8.59944172403653 -18.0125075667018 -15.7229565151421 7.00422554528498
Tayassu_pecari -26.9819875147946 -71.1424957572576 -6.68297361959918 -140.832826373784 -79.7523197739647 1.35885694225412 27.7915394672865 6.19208707896078 -11.5113475051388 -3.43140349325391 37.8727196480104 -20.762805859955 10.6848279430112 20.4246904147138 19.095384259259 -3.86837263301234 9.53364328309605 -13.6498455878785 -0.292454911694564 -0.863778302324589 0.721095765546473 7.33920919459241 -0.514650629204278 2.69760792712166
Tenrec_ecaudatus -41.3956295416485 46.2882375251705 -29.7213701762434 -4.49274861015727 5.94299068367226 11.7598040896151 -2.07824168403662 -5.22625074478256 44.6079149931067 48.0014310275138 -16.0656331805371 -28.7221145125666 12.3276854395664 -3.85109174414813 33.0211922005648 -11.0952960146217 0.396310676576108 12.5096437628614 -1.22279903509451 -6.94583035401315 -8.7866910564268 10.5662861741155 -6.74921669271682 2.10501554141009
Thalassocnus_natans -56.964611327055 -51.7104698980454 37.1298957838984 -18.8018708858757 -10.6788557304851 17.5372377862215 -32.5886801878124 -3.86491350391933 9.60750602721562 -21.4773655756052 -8.13764386395987 -9.57927469921199 35.8266005540375 14.6068511261223 0.0876281396840132 -20.0740970569793 5.23933254203676 -25.6703721218634 8.63248651601884 12.549818438616 -7.39592168187395 6.94069849922754 44.4747985896783 9.3426995365099
Theropithecus_gelada -98.5475943373074 -113.379928301018 83.280912288658 -136.627015712921 16.3117538834713 -7.62585906525184 41.0692419862717 -26.657878533754 -27.0461040506591 -40.5229795991364 21.1295210509286 32.2198758899499 -31.7892204415462 2.53845408327964 -18.9920378643622 10.2416650510737 5.58277542517562 4.64485395848391 -35.7252707070419 -6.25007140513213 -1.51595741474072 -22.3592981748976 6.45955881673461 10.8807182302835
Thryonomys_swinderianus 21.628359516954 52.5285893789749 -32.4669083577672 -69.4627608489852 18.3959102365044 4.84315038234034 -4.03688698923316 -34.2523009668133 -8.1517161827618 -14.5725169974476 -17.3004690837349 -5.43347641965036 -22.7466589401642 25.8834152226868 15.8363569382376 -6.01562771194005 -2.76267553085802 -6.77126343745012 -0.556225938701318 -5.95325045344101 -9.94940172063695 3.17369778567368 12.758551202611 2.71882396721153
Thylacinus_cynocephalus 8.07190420375558 49.9204972204698 17.0797385515439 -63.2700932102272 22.7797690591162 8.41406716294371 11.4681456206588 -30.3533598613469 28.1789328292969 -10.3671543304226 -5.0578422223242 -14.5642535252871 2.10869568460798 16.1834799810155 -16.3170877256033 20.0015814600456 -16.8476998599666 10.7762441199526 -9.45036765271032 2.01312779345643 3.14184186660271 -5.6376072160208 8.03129204625766 -7.41648568153548
Thylacoleo_carnifex -48.7877887291036 12.1001835326638 0.287459029036634 -48.9113822822095 61.4883053213489 11.020190028946 -9.01749396039403 -8.48638053821855 18.7785912681936 -0.956445700786024 6.84606398441901 -25.4972639304676 11.2587561347068 0.108068985121828 7.0062772142273 10.5432224001862 -6.11534141629873 9.322301215538 8.75803626846681 0.831290753574356 8.46279685024005 -19.6155339181411 -1.50670739996876 11.1297040373862
Thylogale_stigmatica 15.9438513116162 -8.11639278083229 41.7096244434548 -91.6203686770423 16.1041260611756 -5.25275237099993 3.85413091429579 -37.0562118687856 28.0601790352017 14.1658072909184 26.1769270467591 -20.5940555434968 22.0658644008631 13.0389888563092 0.0374679266079656 3.39587835354413 -11.5515280604027 -6.48910529468715 -1.96145789069453 5.29613679519567 10.0487651530937 -4.87039393979385 20.1225501017687 2.36761780747228
Thyroptera_tricolor -133.072131512242 9.65205625267507 -6.22445616916875 -73.3665072887524 1.91005222157396 5.22731545010471 -17.4459925635578 -37.4865150479654 57.4810611164035 -30.8412142311764 -40.9269358880298 17.4750658586741 -1.34093838447463 4.27530521755688 24.1053114068001 1.33625788627014 5.4539150042303 2.39461665833068 13.5554548468348 30.619455205661 -11.5784435816286 7.17310595977703 -2.73324840726981 21.4551450640428
Titanoides_primaevus 94.5553150378096 90.9124638273358 14.2440406752794 -35.7135889719155 -91.4193080022272 52.1582580559895 26.4368364121293 45.0203015361687 -6.96298592668868 31.0846003642671 0.0621261063362979 -24.7480255484131 26.9156038355773 9.26685300415119 -8.14588553681401 -38.0604504451474 17.3475988218553 3.01019055222364 -14.729014681052 2.82971654947865 -7.16022397371972 -3.88590708509235 3.54383238744398 18.4123833785061
Tomopeas_ravus -67.0868715525352 -11.8409052223386 -77.9396323708181 17.2970132495292 -1.23679659977671 11.3178041217747 -35.8418160919301 -47.2126201461798 11.7575429131193 -13.9532308105519 -27.8218353896745 32.9571007635658 -3.00732744056942 14.5861304157376 -4.24915463612163 -6.28968402067086 28.1906299095539 -1.9174584134313 7.01614799942099 16.4283892896048 -7.03745669131957 4.10532584810101 18.5349686004865 15.1505535030637
Tragelaphus_scriptus 9.93601495296329 -76.3507345990033 9.94046009519206 -103.271670650488 -17.3325053516332 -6.03203021606121 14.594213591811 -18.5788090098699 -18.2000514640122 -23.8992295144437 18.7993386371406 -13.2959832187257 -14.7404757415766 16.9748114965653 -6.9079985907387 -17.5106502237032 -0.546834822724307 -19.8690178335575 4.92615128154035 12.486982311479 3.93863462854841 0.465607793344248 8.79017513092799 -1.94601302702307
Trichechus_senegalensis -115.567038650535 3.84122863300225 -102.694673016791 -137.213695830626 -23.8152573168484 31.7908082918963 9.28342081851423 -18.8937432244253 -63.9774379068254 12.5549811114767 -19.3117601355313 3.64754545504184 -2.61975558944863 -11.8844220071947 0.637788487276676 3.57831526380765 19.1995554003081 13.2901450145634 33.2671905682294 19.8824605507559 -27.5404593265837 -49.4011679117161 11.476148297719 42.15897841846
Trichosurus_vulpecula 28.4264794556096 -12.786003765591 10.5452124481437 -43.8636396834312 5.94665378916096 -4.47318997745662 -3.8241332534893 -23.7626790067614 15.9558323464167 2.75199375503529 4.07555657953808 -28.1624984755607 7.96612016574097 14.915276814939 0.629593960988877 11.0361933189405 -10.3491374790699 1.45833964911286 -16.4946428585222 3.17446935506066 0.325720704044747 -12.9821754095301 10.7991235023334 12.1908967013277
Trinomys_iheringi 7.08656696119367 -27.6999819822653 1.70439670175006 -18.3765010670693 43.4499784303735 13.781942005657 -40.5795719955422 -32.2574450923758 0.134438505015962 -4.33508352997753 -24.0827917633572 -4.39993241886259 -10.1415080733933 12.4889248050641 28.9225757522928 -3.69314436226184 2.81882115350797 -15.1314224003211 7.70751875521469 12.0810060470214 4.08402706952661 -9.6695810963502 14.4476312930318 13.5750111498738
Trogosus_hillsii 78.3874428250431 6.49345032661336 -40.6018048332102 -1.84561622065596 -53.2611104905256 49.4368378680418 -39.0697339906052 11.5139760698265 3.25041536965028 -0.242704717712157 6.58235687996746 -10.8433132782573 17.0304777351692 -7.553723734516 10.5272142607233 18.0089854560531 1.30294773028714 -7.97028260558221 3.01778654574456 0.954739705119182 10.3792324205373 -4.33977722681742 -22.7275871846842 9.70417709689037
Tupaia_belangeri 16.1422407446978 -40.3570560489502 38.658611204098 -37.3976913137534 11.0802607266511 3.38214050779788 -9.7186089283476 -30.0426778604265 12.9994517659782 7.76746412613656 1.05806012365391 -23.0009844240364 16.8710246165359 6.5979898023778 1.90632032747927 -10.6655101822723 -7.57256608652302 -7.61358182907059 -7.48004919401643 2.34043113502884 11.2725676454774 -10.4853907805005 4.13048063554568 0.45375375145873
Tylomys_nudicaudus 21.2750637887643 -38.3665675105287 4.76103916275084 7.10295163046438 -12.2051617827939 17.8488999475387 -20.796703667183 -33.3220889736793 -24.1422191614608 -14.4769652149573 -1.90988984282542 5.11173677765428 -21.9620527695907 -1.95022392969354 27.2876450247507 -2.50437708803692 2.86040687991012 5.47351447686991 13.1030018610009 15.2889035973812 -4.92430058655297 -14.1781121347711 11.8258162029486 10.6043465407468
Typotheriopsis_sp 133.099020783032 32.7249672161013 -49.7008321337221 -108.252825085977 11.0235440746473 13.8568404516875 32.4370065111428 1.21717363720775 -35.0821132383718 -3.37532769001416 -26.7273135453416 12.8727318987094 -21.0420235159873 9.109825065583 13.5504838314268 -29.5858536538623 0.766368885165793 -6.83820377245662 -16.3695972388548 -0.757958771180215 7.11408932035717 18.6944264985028 10.5885407445391 15.0085829680087
Uintatherium_anceps 48.1466075788164 10.963134281598 -45.7073476830621 -35.9127717473156 -81.4312214845802 83.669391410746 65.8301711624249 45.3546972549382 48.5871105633651 37.8576468943782 -37.5051222384487 -2.6562324044356 58.9623163045986 50.1225443367189 12.9955247189237 -2.58437560903618 -4.48299604883616 -0.732832870002746 -1.26402077600147 -8.41536204746143 19.107963329812 13.5481829013872 3.21104285110404 -0.445712695953459
Urocitellus_columbianus 5.43269924652585 -24.6038845117989 22.586272862159 -61.5043789786737 8.35531610106766 18.0566422364927 7.85612187707518 -45.0957784869579 -2.84880976084886 10.0600422165598 -12.0961047022325 -26.9642115536096 3.81678702458663 10.6917489603711 -11.5232323520544 -0.26335018108572 5.32523950631626 2.51520618441322 0.922505971316671 -13.9564510784205 -7.19986429373099 -9.8864801997648 3.26373137026117 -2.730069318919
Urocyon_littoralis -28.487356361036 -59.164635337148 80.4748796150317 -84.7562625815744 -6.54666754838316 -21.0623017206109 11.8071883370685 -14.6304083048906 9.61523949295333 -10.5274612779596 19.5670030517409 -24.5758204892141 4.64819464530909 8.97466825515516 -8.13019195095889 -3.12460334785585 -22.4536117750249 -17.5597158168815 -3.20570590352 -7.84979075189978 12.9730301752351 -29.5913638377633 -5.66591148750542 2.09214398474271
Uromys_caudimaculatus 27.9649211155063 5.63157280260477 30.7589949408297 2.89289073497032 30.5037905602905 -5.37615181563578 4.17598706530654 -6.99535071657402 30.5019545808317 -14.1148872876616 -7.40513135247654 -16.0706399023126 -7.32655185861569 4.32083061272335 22.0307180721572 6.1081448051868 -0.462454037404918 -13.6136517611517 -5.36681958518956 5.59761961836883 -5.07789544892743 -3.88928310505898 11.9870176520347 15.1239728924958
Uropsilus_gracilis -149.036640522411 -91.9355605568876 16.2804438878078 50.2166131867362 63.5895272109196 10.4818661494952 -11.2222198968127 17.4029557639471 23.0853921926589 34.7078103205076 -23.4899565577883 35.9843078949827 1.9589273872223 2.53521975301704 19.8625678113738 -17.8564363087416 -12.0796988047543 7.57034223368522 -7.19677292861033 -5.33779032793447 -12.8908263129473 -11.8568768711268 9.05324508573879 9.41695589353757
Ursus_arctos -12.9200234633042 12.1189177865546 80.3464457469302 -61.5933208177798 -46.7262731209762 24.0836945498534 17.9969955942853 16.3363159582229 9.7282095843943 -3.27789209755864 36.3298492083123 -26.387592519176 -19.7988021766284 44.4485402169205 -2.95442257627374 29.9224447412028 -2.61713463562425 -13.6423662319853 -6.07685151819034 10.9753796672165 -8.04983247022271 0.0941838456152199 -0.280742675203263 8.34919796744899
Ustatochoerus_profectus -28.6343414435799 60.309200197244 -23.9033697611031 -116.056877911448 -103.528955261058 -2.74858038817678 -37.4375957382376 -38.1679158758122 10.6136174038241 16.8354868918063 10.9698763417978 -11.7093848724293 -12.6047610686016 29.7060566909989 21.2805254107048 -16.7837444393376 8.85161179937173 -17.6085603681149 34.3291086401665 -5.80296633121619 -4.03245568488662 -9.38166118504598 -11.3945858236883 12.6897649461426
Vampyrum_spectrum -65.0576462600668 22.198210388625 44.794826277305 -39.8417605351598 -44.7646753211026 13.1967798671688 -38.6070394072927 -7.5025685836603 63.7182163731623 -19.6810519844963 -17.0192894803902 -11.5238843977253 17.3757945694262 29.0577705268448 28.2198303239602 -9.0471563505021 3.76673529492758 -7.05098675472672 2.62486854898667 -9.03346048937928 -13.6772395334086 2.95326546748068 15.9867915774622 33.3261346126929
Vandeleuria_oleracea -34.0531633633951 -20.0854254674831 29.6162359113099 -21.0006468253434 14.384127762509 11.944519532003 -3.185414392575 -29.6928966542741 -1.11051957198864 -5.89438155674929 -13.4441555116082 -14.9161104788329 -8.03123506485556 12.6468639532505 30.6489708567129 -5.58766118892101 0.686205931402321 9.72118483095652 -2.66567380028555 -0.873128757593758 5.27102297813539 -20.4860762726023 10.7571728052851 -2.74323133699048
Varecia_variegata -74.0223063133682 -49.6052242514216 43.8354423845678 -98.8108097386168 10.2172394080284 -13.7171511858508 -2.77836874650049 -32.0944365114681 2.29966378796368 -19.6903640915853 18.1408275578817 -10.4053940839286 11.6111600463649 6.91241405315018 -9.29646809915012 -7.13607851059945 -5.8760861970694 -11.5568824861707 -0.479018138123708 -2.61494578812555 -5.36493299671165 -16.283287784108 12.1304629735835 -6.83299342998926
Vombatus_ursinus -29.9819310437397 -7.59345489365994 -6.52286408766565 -27.4123338581916 27.7417743250075 -7.29722197706392 11.4010249258404 -25.5531023943793 19.6164655285262 -5.41131104058779 15.8341120340996 -22.7582168953694 16.0924691375325 2.07006083062294 -0.478178102028166 -0.542234760966891 -2.7337594895718 -8.82024423692578 -8.58961756739634 -1.87228490535397 -6.76946357951316 -6.45347616052592 10.782977688151 2.71331918629193
Vulpes_lagopus -19.6992644435138 -67.0916365841599 93.8869162567384 -86.1549208206852 -14.5869095792392 -4.71012271675721 22.7510005252944 4.93825650760028 24.6754607427632 0.64972998742573 23.704923471547 -40.2121182612524 16.7259376748456 -0.516077464986342 -10.9141693471132 9.85410574688934 -30.0057355479763 -11.1882893756745 -3.00610022821301 2.60235202979873 11.1417912391047 -23.2219338157519 3.73488252333066 -2.16468607474399
Wallabia_bicolor 26.4958369113765 7.95944915130689 58.3492332882631 -95.4399908512138 67.6422979665234 16.7127729714044 -4.18896952926808 -17.4273366905441 7.7848390501223 5.64823837673724 14.937330287713 -11.2490256048849 28.5279747907074 2.45680670155975 2.46058124474134 1.73003460285963 -0.675479982181525 -13.0702456654659 3.79521688280749 3.03501805249364 13.2817403093357 -5.85887606324226 21.2252819934821 2.16569621818376
Yalkaparidon_coheni -38.8341849653718 -30.6624322135624 10.3575626995328 44.2179974934291 26.0998175597915 16.8523199899216 -0.313786194711585 -13.7415680790971 57.4573848767053 35.7503369124241 -16.5968821998239 -9.33235969302724 30.4401983344701 7.45740275177639 2.37530123434281 -8.61292852975205 -4.6128713715116 6.90498610066372 3.18764163915471 -9.7839051952831 10.8981636856625 -5.91602993736527 7.81012696103958 -2.67857497383005
Zaglossus_bartoni -163.815264723989 -25.4109965116508 28.9635241461976 -4.67298458703819 17.6388641909984 -60.97278886045 18.8925738454587 49.2882804064836 -19.1065274632572 11.0520884102894 31.9801210232406 0.40014960857328 12.3618027152468 -12.5433615660502 -0.440736296330116 6.91955634267627 -14.2447081316993 -8.90071397492941 -31.3600457748089 -6.88402818819026 -8.31746958514259 -0.822913984770311 -12.3589314370272 -11.8674034486998
Zalophus_californianus -123.336287938718 46.8480941782945 112.550167178141 -74.8137287134013 -61.5855143938425 7.69580826883469 46.1911523969609 18.3187397134294 -37.4775918724249 -24.2163781723249 14.8594232367507 0.96999486473659 37.8919952324229 15.9919837810296 3.75911343556105 44.9717890255189 -8.67745775134089 -14.2029622267575 -0.554239493704054 11.6101052458713 7.81493333563542 -28.2386365632995 6.12887196759137 22.2724680395598
Zapus_hudsonius -47.3210737079305 -15.797386731907 3.70690284765464 -10.5905934285321 20.8872429747146 13.2224947908618 -0.858964682578619 -33.8077116296946 31.8350037492007 19.3977023774954 -13.3903534379935 -14.7808819652135 4.99888403859113 14.3583608478707 20.8351713287733 -5.0124870719069 0.325731345146101 2.07863847799296 11.0877744060588 15.0583951510945 5.41455685078544 -13.5428559694848 5.23391056934356 -0.447363390577363
Zenkerella_insignis 44.6723927759076 -38.6493688182838 29.3052104208812 -33.0916497654638 -11.3493354880582 27.9914991490871 2.56599607612155 -33.3684523758889 3.31295774998815 -15.7814636183694 -13.7805613725912 -7.2953704102237 -1.15350035599329 9.19407400856361 29.8171724611306 3.94538733530081 4.7887392827934 0.694946606985532 15.8706992716938 10.3099545174 1.63742000888056 -19.8006352959921 16.8122240424896 17.4718394662654
Zodiolestes_daimonedlixensis -20.553076179838 32.6528116640378 79.0178751365056 -11.761873687058 26.3841877792038 -28.925550333358 -3.11205942526395 12.564057902602 -0.39554370800491 -14.7334499885514 -12.2731869012242 -19.8322484746055 16.4429373606472 11.4932176932836 -4.59860612301427 12.6531739561894 3.33531772186935 -21.3363892383723 0.122944348935069 3.79998825089365 -15.8392805552709 -8.44881000185742 8.29320163438856 6.31160831496239
Zygodontomys_brevicauda -44.3329702058015 -4.55537555170846 16.4804283507068 26.3387764225379 26.7423616684024 -2.03259233323898 -5.64808512889614 -11.3675170281259 22.3321132442657 6.05441688854279 -25.3317599507406 -16.115153050152 -2.32540471538022 15.6020552816043 17.3232001005378 3.9018236548364 4.61936554266294 -8.04747537774435 2.79719304731865 8.30450641585056 -3.01839970119112 -20.2556027923737 0.670998336601492 4.12752058630247
Zygomaturus_trilobus -32.7375157886851 -59.5410074657877 27.1220818691935 22.5889712933384 -6.26305195898507 21.1041375457452 34.9050810210706 11.3581005340227 -5.29982865957074 -30.9186910365816 19.8398178869365 -5.2946398825692 2.72125215122632 15.0155101189908 -2.00997581456092 12.846470824267 0.319471801650686 -12.9682874313014 12.1801045685548 7.47485828516433 4.93250614012959 -1.78372909167676 -5.70389396363711 2.54532498778452
